Date,65歲後基金_Price
2017/04/01,1.0
2017/04/02,1.0
2017/04/03,1.0
2017/04/04,1.0
2017/04/05,0.9999
2017/04/06,1.0003
2017/04/07,1.0002
2017/04/08,1.0002
2017/04/09,1.0002
2017/04/10,1.0003
2017/04/11,1.0012
2017/04/12,1.0014
2017/04/13,1.0016
2017/04/14,1.0016
2017/04/15,1.0016
2017/04/16,1.0016
2017/04/17,1.0016
2017/04/18,1.0036
2017/04/19,1.0026
2017/04/20,1.0029
2017/04/21,1.0026
2017/04/22,1.0026
2017/04/23,1.0026
2017/04/24,1.0061
2017/04/25,1.0051
2017/04/26,1.0052
2017/04/27,1.0065
2017/04/28,1.0061
2017/04/29,1.0061
2017/04/30,1.0061
2017/05/01,1.0061
2017/05/02,1.0066
2017/05/03,1.0066
2017/05/04,1.0054
2017/05/05,1.0063
2017/05/06,1.0063
2017/05/07,1.0063
2017/05/08,1.0056
2017/05/09,1.0041
2017/05/10,1.0049
2017/05/11,1.0046
2017/05/12,1.0069
2017/05/13,1.0069
2017/05/14,1.0069
2017/05/15,1.0068
2017/05/16,1.0078
2017/05/17,1.0094
2017/05/18,1.0089
2017/05/19,1.009
2017/05/20,1.009
2017/05/21,1.009
2017/05/22,1.0094
2017/05/23,1.0092
2017/05/24,1.0099
2017/05/25,1.0119
2017/05/26,1.0121
2017/05/27,1.0121
2017/05/28,1.0121
2017/05/29,1.0124
2017/05/30,1.0124
2017/05/31,1.0125
2017/06/01,1.0129
2017/06/02,1.0157
2017/06/03,1.0157
2017/06/04,1.0157
2017/06/05,1.0147
2017/06/06,1.0158
2017/06/07,1.0149
2017/06/08,1.0148
2017/06/09,1.0152
2017/06/10,1.0152
2017/06/11,1.0152
2017/06/12,1.0153
2017/06/13,1.0158
2017/06/14,1.0189
2017/06/15,1.0156
2017/06/16,1.0162
2017/06/17,1.0162
2017/06/18,1.0162
2017/06/19,1.0173
2017/06/20,1.0177
2017/06/21,1.0175
2017/06/22,1.0181
2017/06/23,1.0182
2017/06/24,1.0182
2017/06/25,1.0182
2017/06/26,1.0191
2017/06/27,1.0141
2017/06/28,1.015
2017/06/29,1.011
2017/06/30,1.0094
2017/07/01,1.0094
2017/07/02,1.0094
2017/07/03,1.0092
2017/07/04,1.0089
2017/07/05,1.009
2017/07/06,1.0051
2017/07/07,1.0045
2017/07/08,1.0045
2017/07/09,1.0045
2017/07/10,1.0064
2017/07/11,1.0062
2017/07/12,1.0097
2017/07/13,1.0094
2017/07/14,1.0111
2017/07/15,1.0111
2017/07/16,1.0111
2017/07/17,1.012
2017/07/18,1.0137
2017/07/19,1.015
2017/07/20,1.0162
2017/07/21,1.0169
2017/07/22,1.0169
2017/07/23,1.0169
2017/07/24,1.016
2017/07/25,1.0138
2017/07/26,1.0146
2017/07/27,1.015
2017/07/28,1.0146
2017/07/29,1.0146
2017/07/30,1.0146
2017/07/31,1.015
2017/08/01,1.0181
2017/08/02,1.0183
2017/08/03,1.0197
2017/08/04,1.0183
2017/08/05,1.0183
2017/08/06,1.0183
2017/08/07,1.0195
2017/08/08,1.0184
2017/08/09,1.0192
2017/08/10,1.0179
2017/08/11,1.0184
2017/08/12,1.0184
2017/08/13,1.0184
2017/08/14,1.0192
2017/08/15,1.0174
2017/08/16,1.0185
2017/08/17,1.0178
2017/08/18,1.0173
2017/08/19,1.0173
2017/08/20,1.0173
2017/08/21,1.0183
2017/08/22,1.0185
2017/08/23,1.0185
2017/08/24,1.0189
2017/08/25,1.0196
2017/08/26,1.0196
2017/08/27,1.0196
2017/08/28,1.0201
2017/08/29,1.0202
2017/08/30,1.02
2017/08/31,1.0218
2017/09/01,1.0211
2017/09/02,1.0211
2017/09/03,1.0211
2017/09/04,1.0213
2017/09/05,1.0229
2017/09/06,1.022
2017/09/07,1.0245
2017/09/08,1.024
2017/09/09,1.024
2017/09/10,1.024
2017/09/11,1.024
2017/09/12,1.0221
2017/09/13,1.0215
2017/09/14,1.0203
2017/09/15,1.0204
2017/09/16,1.0204
2017/09/17,1.0204
2017/09/18,1.0201
2017/09/19,1.0201
2017/09/20,1.0198
2017/09/21,1.0188
2017/09/22,1.0196
2017/09/23,1.0196
2017/09/24,1.0196
2017/09/25,1.0205
2017/09/26,1.0194
2017/09/27,1.0167
2017/09/28,1.0171
2017/09/29,1.0183
2017/09/30,1.0183
2017/10/01,1.0183
2017/10/02,1.0183
2017/10/03,1.0188
2017/10/04,1.0186
2017/10/05,1.0186
2017/10/06,1.0184
2017/10/07,1.0184
2017/10/08,1.0184
2017/10/09,1.0189
2017/10/10,1.0201
2017/10/11,1.0203
2017/10/12,1.0213
2017/10/13,1.0234
2017/10/14,1.0234
2017/10/15,1.0234
2017/10/16,1.0241
2017/10/17,1.0244
2017/10/18,1.0231
2017/10/19,1.0235
2017/10/20,1.0215
2017/10/21,1.0215
2017/10/22,1.0215
2017/10/23,1.0219
2017/10/24,1.0206
2017/10/25,1.0193
2017/10/26,1.0204
2017/10/27,1.0224
2017/10/28,1.0224
2017/10/29,1.0224
2017/10/30,1.0245
2017/10/31,1.0253
2017/11/01,1.026
2017/11/02,1.027
2017/11/03,1.0274
2017/11/04,1.0274
2017/11/05,1.0274
2017/11/06,1.0286
2017/11/07,1.0299
2017/11/08,1.0292
2017/11/09,1.0271
2017/11/10,1.0246
2017/11/11,1.0246
2017/11/12,1.0246
2017/11/13,1.0244
2017/11/14,1.0248
2017/11/15,1.0252
2017/11/16,1.0261
2017/11/17,1.0268
2017/11/18,1.0268
2017/11/19,1.0268
2017/11/20,1.0272
2017/11/21,1.0294
2017/11/22,1.0308
2017/11/23,1.031
2017/11/24,1.0307
2017/11/25,1.0307
2017/11/26,1.0307
2017/11/27,1.0305
2017/11/28,1.0314
2017/11/29,1.0299
2017/11/30,1.0304
2017/12/01,1.0325
2017/12/02,1.0325
2017/12/03,1.0325
2017/12/04,1.0316
2017/12/05,1.0319
2017/12/06,1.0317
2017/12/07,1.0313
2017/12/08,1.0322
2017/12/09,1.0322
2017/12/10,1.0322
2017/12/11,1.0337
2017/12/12,1.0327
2017/12/13,1.0333
2017/12/14,1.0336
2017/12/15,1.0344
2017/12/16,1.0344
2017/12/17,1.0344
2017/12/18,1.036
2017/12/19,1.0321
2017/12/20,1.0308
2017/12/21,1.0313
2017/12/22,1.031
2017/12/23,1.031
2017/12/24,1.031
2017/12/25,1.031
2017/12/26,1.031
2017/12/27,1.0337
2017/12/28,1.033
2017/12/29,1.0329
2017/12/30,1.0329
2017/12/31,1.0329
2018/01/01,1.0329
2018/01/02,1.0317
2018/01/03,1.0341
2018/01/04,1.0361
2018/01/05,1.0369
2018/01/06,1.0369
2018/01/07,1.0369
2018/01/08,1.0376
2018/01/09,1.0357
2018/01/10,1.0354
2018/01/11,1.036
2018/01/12,1.0378
2018/01/13,1.0378
2018/01/14,1.0378
2018/01/15,1.0381
2018/01/16,1.0386
2018/01/17,1.039
2018/01/18,1.0379
2018/01/19,1.0386
2018/01/20,1.0386
2018/01/21,1.0386
2018/01/22,1.0398
2018/01/23,1.0418
2018/01/24,1.041
2018/01/25,1.0412
2018/01/26,1.0415
2018/01/27,1.0415
2018/01/28,1.0415
2018/01/29,1.039
2018/01/30,1.0366
2018/01/31,1.0367
2018/02/01,1.0357
2018/02/02,1.0304
2018/02/03,1.0304
2018/02/04,1.0304
2018/02/05,1.0261
2018/02/06,1.0259
2018/02/07,1.0249
2018/02/08,1.0196
2018/02/09,1.0201
2018/02/10,1.0201
2018/02/11,1.0201
2018/02/12,1.0216
2018/02/13,1.022
2018/02/14,1.023
2018/02/15,1.0255
2018/02/16,1.0255
2018/02/17,1.0255
2018/02/18,1.0255
2018/02/19,1.0255
2018/02/20,1.0256
2018/02/21,1.0251
2018/02/22,1.0251
2018/02/23,1.0291
2018/02/24,1.0291
2018/02/25,1.0291
2018/02/26,1.0314
2018/02/27,1.0284
2018/02/28,1.0278
2018/03/01,1.0272
2018/03/02,1.0257
2018/03/03,1.0257
2018/03/04,1.0257
2018/03/05,1.0264
2018/03/06,1.0277
2018/03/07,1.0283
2018/03/08,1.0304
2018/03/09,1.0314
2018/03/10,1.0314
2018/03/11,1.0314
2018/03/12,1.0331
2018/03/13,1.033
2018/03/14,1.0333
2018/03/15,1.0337
2018/03/16,1.0337
2018/03/17,1.0337
2018/03/18,1.0337
2018/03/19,1.0317
2018/03/20,1.0316
2018/03/21,1.031
2018/03/22,1.0304
2018/03/23,1.0271
2018/03/24,1.0271
2018/03/25,1.0271
2018/03/26,1.0299
2018/03/27,1.0305
2018/03/28,1.03
2018/03/29,1.0328
2018/03/30,1.0328
2018/03/31,1.0328
2018/04/01,1.0328
2018/04/02,1.0328
2018/04/03,1.0303
2018/04/04,1.0312
2018/04/05,1.0312
2018/04/06,1.0302
2018/04/07,1.0302
2018/04/08,1.0302
2018/04/09,1.0312
2018/04/10,1.0333
2018/04/11,1.0332
2018/04/12,1.0324
2018/04/13,1.0325
2018/04/14,1.0325
2018/04/15,1.0325
2018/04/16,1.0328
2018/04/17,1.0352
2018/04/18,1.0351
2018/04/19,1.0319
2018/04/20,1.0293
2018/04/21,1.0293
2018/04/22,1.0293
2018/04/23,1.0279
2018/04/24,1.0267
2018/04/25,1.0254
2018/04/26,1.0281
2018/04/27,1.03
2018/04/28,1.03
2018/04/29,1.03
2018/04/30,1.03
2018/05/01,1.03
2018/05/02,1.0277
2018/05/03,1.0285
2018/05/04,1.0295
2018/05/05,1.0295
2018/05/06,1.0295
2018/05/07,1.0306
2018/05/08,1.0291
2018/05/09,1.0297
2018/05/10,1.0317
2018/05/11,1.033
2018/05/12,1.033
2018/05/13,1.033
2018/05/14,1.032
2018/05/15,1.0278
2018/05/16,1.0276
2018/05/17,1.0268
2018/05/18,1.0274
2018/05/19,1.0274
2018/05/20,1.0274
2018/05/21,1.0277
2018/05/22,1.0277
2018/05/23,1.0286
2018/05/24,1.0296
2018/05/25,1.0303
2018/05/26,1.0303
2018/05/27,1.0303
2018/05/28,1.0303
2018/05/29,1.0284
2018/05/30,1.0286
2018/05/31,1.0305
2018/06/01,1.0301
2018/06/02,1.0301
2018/06/03,1.0301
2018/06/04,1.0311
2018/06/05,1.0305
2018/06/06,1.0281
2018/06/07,1.0285
2018/06/08,1.028
2018/06/09,1.028
2018/06/10,1.028
2018/06/11,1.029
2018/06/12,1.0293
2018/06/13,1.0294
2018/06/14,1.0317
2018/06/15,1.0318
2018/06/16,1.0318
2018/06/17,1.0318
2018/06/18,1.0318
2018/06/19,1.031
2018/06/20,1.0307
2018/06/21,1.0294
2018/06/22,1.0299
2018/06/23,1.0299
2018/06/24,1.0299
2018/06/25,1.0275
2018/06/26,1.0271
2018/06/27,1.028
2018/06/28,1.0281
2018/06/29,1.0304
2018/06/30,1.0304
2018/07/01,1.0304
2018/07/02,1.0304
2018/07/03,1.0307
2018/07/04,1.0301
2018/07/05,1.0317
2018/07/06,1.0336
2018/07/07,1.0336
2018/07/08,1.0336
2018/07/09,1.0349
2018/07/10,1.0345
2018/07/11,1.0333
2018/07/12,1.0348
2018/07/13,1.0361
2018/07/14,1.0361
2018/07/15,1.0361
2018/07/16,1.035
2018/07/17,1.0363
2018/07/18,1.0364
2018/07/19,1.0366
2018/07/20,1.0352
2018/07/21,1.0352
2018/07/22,1.0352
2018/07/23,1.0326
2018/07/24,1.0342
2018/07/25,1.0358
2018/07/26,1.0348
2018/07/27,1.0345
2018/07/28,1.0345
2018/07/29,1.0345
2018/07/30,1.0325
2018/07/31,1.0339
2018/08/01,1.0311
2018/08/02,1.0304
2018/08/03,1.0325
2018/08/04,1.0325
2018/08/05,1.0325
2018/08/06,1.0336
2018/08/07,1.034
2018/08/08,1.0337
2018/08/09,1.0347
2018/08/10,1.0344
2018/08/11,1.0344
2018/08/12,1.0344
2018/08/13,1.0318
2018/08/14,1.0324
2018/08/15,1.031
2018/08/16,1.0319
2018/08/17,1.0326
2018/08/18,1.0326
2018/08/19,1.0326
2018/08/20,1.035
2018/08/21,1.0354
2018/08/22,1.0357
2018/08/23,1.0351
2018/08/24,1.0359
2018/08/25,1.0359
2018/08/26,1.0359
2018/08/27,1.037
2018/08/28,1.0359
2018/08/29,1.0362
2018/08/30,1.036
2018/08/31,1.0357
2018/09/01,1.0357
2018/09/02,1.0357
2018/09/03,1.0353
2018/09/04,1.0339
2018/09/05,1.0325
2018/09/06,1.0333
2018/09/07,1.0312
2018/09/08,1.0312
2018/09/09,1.0312
2018/09/10,1.0318
2018/09/11,1.0306
2018/09/12,1.0315
2018/09/13,1.0323
2018/09/14,1.0318
2018/09/15,1.0318
2018/09/16,1.0318
2018/09/17,1.0313
2018/09/18,1.0312
2018/09/19,1.0305
2018/09/20,1.0324
2018/09/21,1.0327
2018/09/22,1.0327
2018/09/23,1.0327
2018/09/24,1.0308
2018/09/25,1.0308
2018/09/26,1.0314
2018/09/27,1.0316
2018/09/28,1.0309
2018/09/29,1.0309
2018/09/30,1.0309
2018/10/01,1.0309
2018/10/02,1.0302
2018/10/03,1.0286
2018/10/04,1.0245
2018/10/05,1.0215
2018/10/06,1.0215
2018/10/07,1.0215
2018/10/08,1.02
2018/10/09,1.0202
2018/10/10,1.0155
2018/10/11,1.013
2018/10/12,1.0152
2018/10/13,1.0152
2018/10/14,1.0152
2018/10/15,1.0141
2018/10/16,1.0184
2018/10/17,1.0184
2018/10/18,1.0154
2018/10/19,1.015
2018/10/20,1.015
2018/10/21,1.015
2018/10/22,1.0152
2018/10/23,1.0139
2018/10/24,1.0108
2018/10/25,1.0127
2018/10/26,1.0125
2018/10/27,1.0125
2018/10/28,1.0125
2018/10/29,1.0122
2018/10/30,1.0129
2018/10/31,1.0144
2018/11/01,1.0164
2018/11/02,1.0147
2018/11/03,1.0147
2018/11/04,1.0147
2018/11/05,1.0156
2018/11/06,1.0155
2018/11/07,1.0185
2018/11/08,1.0174
2018/11/09,1.0172
2018/11/10,1.0172
2018/11/11,1.0172
2018/11/12,1.0149
2018/11/13,1.014
2018/11/14,1.0135
2018/11/15,1.0155
2018/11/16,1.0165
2018/11/17,1.0165
2018/11/18,1.0165
2018/11/19,1.0149
2018/11/20,1.0119
2018/11/21,1.0129
2018/11/22,1.0129
2018/11/23,1.0128
2018/11/24,1.0128
2018/11/25,1.0128
2018/11/26,1.0151
2018/11/27,1.0155
2018/11/28,1.0183
2018/11/29,1.02
2018/11/30,1.0208
2018/12/01,1.0208
2018/12/02,1.0208
2018/12/03,1.0242
2018/12/04,1.0216
2018/12/05,1.021
2018/12/06,1.0204
2018/12/07,1.0185
2018/12/08,1.0185
2018/12/09,1.0185
2018/12/10,1.0183
2018/12/11,1.018
2018/12/12,1.0196
2018/12/13,1.0195
2018/12/14,1.0171
2018/12/15,1.0171
2018/12/16,1.0171
2018/12/17,1.0154
2018/12/18,1.0161
2018/12/19,1.0167
2018/12/20,1.0146
2018/12/21,1.0111
2018/12/22,1.0111
2018/12/23,1.0111
2018/12/24,1.0091
2018/12/25,1.0091
2018/12/26,1.0091
2018/12/27,1.0153
2018/12/28,1.0165
2018/12/29,1.0165
2018/12/30,1.0165
2018/12/31,1.0184
2019/01/01,1.0184
2019/01/02,1.02
2019/01/03,1.0189
2019/01/04,1.0214
2019/01/05,1.0214
2019/01/06,1.0214
2019/01/07,1.0224
2019/01/08,1.0228
2019/01/09,1.0251
2019/01/10,1.0259
2019/01/11,1.0265
2019/01/12,1.0265
2019/01/13,1.0265
2019/01/14,1.0258
2019/01/15,1.0279
2019/01/16,1.028
2019/01/17,1.0282
2019/01/18,1.03
2019/01/19,1.03
2019/01/20,1.03
2019/01/21,1.0302
2019/01/22,1.0294
2019/01/23,1.0295
2019/01/24,1.0324
2019/01/25,1.0337
2019/01/26,1.0337
2019/01/27,1.0337
2019/01/28,1.0324
2019/01/29,1.0331
2019/01/30,1.0356
2019/01/31,1.0396
2019/02/01,1.0381
2019/02/02,1.0381
2019/02/03,1.0381
2019/02/04,1.0377
2019/02/05,1.0377
2019/02/06,1.0377
2019/02/07,1.0377
2019/02/08,1.0384
2019/02/09,1.0384
2019/02/10,1.0384
2019/02/11,1.0378
2019/02/12,1.0395
2019/02/13,1.0402
2019/02/14,1.0411
2019/02/15,1.0425
2019/02/16,1.0425
2019/02/17,1.0425
2019/02/18,1.0432
2019/02/19,1.044
2019/02/20,1.045
2019/02/21,1.0433
2019/02/22,1.0457
2019/02/23,1.0457
2019/02/24,1.0457
2019/02/25,1.0458
2019/02/26,1.0463
2019/02/27,1.0441
2019/02/28,1.0426
2019/03/01,1.0423
2019/03/02,1.0423
2019/03/03,1.0423
2019/03/04,1.043
2019/03/05,1.043
2019/03/06,1.0446
2019/03/07,1.0456
2019/03/08,1.0448
2019/03/09,1.0448
2019/03/10,1.0448
2019/03/11,1.0465
2019/03/12,1.0483
2019/03/13,1.0488
2019/03/14,1.0485
2019/03/15,1.0506
2019/03/16,1.0506
2019/03/17,1.0506
2019/03/18,1.0522
2019/03/19,1.0521
2019/03/20,1.053
2019/03/21,1.056
2019/03/22,1.0565
2019/03/23,1.0565
2019/03/24,1.0565
2019/03/25,1.0568
2019/03/26,1.0577
2019/03/27,1.0588
2019/03/28,1.0587
2019/03/29,1.0592
2019/03/30,1.0592
2019/03/31,1.0592
2019/04/01,1.0587
2019/04/02,1.0593
2019/04/03,1.0585
2019/04/04,1.0591
2019/04/05,1.0591
2019/04/06,1.0591
2019/04/07,1.0591
2019/04/08,1.06
2019/04/09,1.0599
2019/04/10,1.0612
2019/04/11,1.0605
2019/04/12,1.0589
2019/04/13,1.0589
2019/04/14,1.0589
2019/04/15,1.0586
2019/04/16,1.058
2019/04/17,1.0577
2019/04/18,1.0594
2019/04/19,1.0594
2019/04/20,1.0594
2019/04/21,1.0594
2019/04/22,1.0594
2019/04/23,1.0598
2019/04/24,1.0614
2019/04/25,1.0605
2019/04/26,1.0629
2019/04/27,1.0629
2019/04/28,1.0629
2019/04/29,1.0622
2019/04/30,1.0633
2019/05/01,1.0633
2019/05/02,1.0606
2019/05/03,1.0627
2019/05/04,1.0627
2019/05/05,1.0627
2019/05/06,1.0623
2019/05/07,1.0616
2019/05/08,1.061
2019/05/09,1.0593
2019/05/10,1.0601
2019/05/11,1.0601
2019/05/12,1.0601
2019/05/13,1.0601
2019/05/14,1.0586
2019/05/15,1.0613
2019/05/16,1.0625
2019/05/17,1.0619
2019/05/18,1.0619
2019/05/19,1.0619
2019/05/20,1.0598
2019/05/21,1.0607
2019/05/22,1.0616
2019/05/23,1.0622
2019/05/24,1.0626
2019/05/25,1.0626
2019/05/26,1.0626
2019/05/27,1.0631
2019/05/28,1.0634
2019/05/29,1.0631
2019/05/30,1.0632
2019/05/31,1.0641
2019/06/01,1.0641
2019/06/02,1.0641
2019/06/03,1.0663
2019/06/04,1.0687
2019/06/05,1.0714
2019/06/06,1.0728
2019/06/07,1.0728
2019/06/08,1.0728
2019/06/09,1.0728
2019/06/10,1.0763
2019/06/11,1.077
2019/06/12,1.0755
2019/06/13,1.0776
2019/06/14,1.0775
2019/06/15,1.0775
2019/06/16,1.0775
2019/06/17,1.0775
2019/06/18,1.0829
2019/06/19,1.0842
2019/06/20,1.0881
2019/06/21,1.0849
2019/06/22,1.0849
2019/06/23,1.0849
2019/06/24,1.0867
2019/06/25,1.0863
2019/06/26,1.084
2019/06/27,1.0862
2019/06/28,1.0878
2019/06/29,1.0878
2019/06/30,1.0878
2019/07/01,1.0878
2019/07/02,1.0919
2019/07/03,1.0958
2019/07/04,1.096
2019/07/05,1.0916
2019/07/06,1.0916
2019/07/07,1.0916
2019/07/08,1.0903
2019/07/09,1.0901
2019/07/10,1.09
2019/07/11,1.0887
2019/07/12,1.0886
2019/07/13,1.0886
2019/07/14,1.0886
2019/07/15,1.091
2019/07/16,1.0902
2019/07/17,1.0912
2019/07/18,1.0924
2019/07/19,1.0917
2019/07/20,1.0917
2019/07/21,1.0917
2019/07/22,1.0925
2019/07/23,1.0933
2019/07/24,1.0956
2019/07/25,1.0938
2019/07/26,1.0943
2019/07/27,1.0943
2019/07/28,1.0943
2019/07/29,1.0949
2019/07/30,1.0939
2019/07/31,1.0946
2019/08/01,1.0964
2019/08/02,1.0966
2019/08/03,1.0966
2019/08/04,1.0966
2019/08/05,1.0953
2019/08/06,1.0973
2019/08/07,1.1015
2019/08/08,1.102
2019/08/09,1.1001
2019/08/10,1.1001
2019/08/11,1.1001
2019/08/12,1.1016
2019/08/13,1.1035
2019/08/14,1.103
2019/08/15,1.107
2019/08/16,1.108
2019/08/17,1.108
2019/08/18,1.108
2019/08/19,1.1067
2019/08/20,1.1077
2019/08/21,1.1089
2019/08/22,1.1062
2019/08/23,1.1054
2019/08/24,1.1054
2019/08/25,1.1054
2019/08/26,1.1066
2019/08/27,1.11
2019/08/28,1.1124
2019/08/29,1.1134
2019/08/30,1.1134
2019/08/31,1.1134
2019/09/01,1.1134
2019/09/02,1.1143
2019/09/03,1.1146
2019/09/04,1.117
2019/09/05,1.1134
2019/09/06,1.116
2019/09/07,1.116
2019/09/08,1.116
2019/09/09,1.1124
2019/09/10,1.1086
2019/09/11,1.1101
2019/09/12,1.1087
2019/09/13,1.1047
2019/09/14,1.1047
2019/09/15,1.1047
2019/09/16,1.1063
2019/09/17,1.1066
2019/09/18,1.1099
2019/09/19,1.1106
2019/09/20,1.1107
2019/09/21,1.1107
2019/09/22,1.1107
2019/09/23,1.1139
2019/09/24,1.1153
2019/09/25,1.1121
2019/09/26,1.1137
2019/09/27,1.1136
2019/09/28,1.1136
2019/09/29,1.1136
2019/09/30,1.1136
2019/10/01,1.1136
2019/10/02,1.1088
2019/10/03,1.1128
2019/10/04,1.1148
2019/10/05,1.1148
2019/10/06,1.1148
2019/10/07,1.1148
2019/10/08,1.1117
2019/10/09,1.1109
2019/10/10,1.1085
2019/10/11,1.1078
2019/10/12,1.1078
2019/10/13,1.1078
2019/10/14,1.1095
2019/10/15,1.1091
2019/10/16,1.109
2019/10/17,1.1098
2019/10/18,1.1082
2019/10/19,1.1082
2019/10/20,1.1082
2019/10/21,1.1072
2019/10/22,1.1084
2019/10/23,1.1096
2019/10/24,1.1109
2019/10/25,1.1098
2019/10/26,1.1098
2019/10/27,1.1098
2019/10/28,1.1081
2019/10/29,1.1088
2019/10/30,1.1106
2019/10/31,1.1146
2019/11/01,1.1149
2019/11/02,1.1149
2019/11/03,1.1149
2019/11/04,1.114
2019/11/05,1.1104
2019/11/06,1.1122
2019/11/07,1.1076
2019/11/08,1.107
2019/11/09,1.107
2019/11/10,1.107
2019/11/11,1.1056
2019/11/12,1.1071
2019/11/13,1.108
2019/11/14,1.1103
2019/11/15,1.1116
2019/11/16,1.1116
2019/11/17,1.1116
2019/11/18,1.1128
2019/11/19,1.1134
2019/11/20,1.1143
2019/11/21,1.1121
2019/11/22,1.1134
2019/11/23,1.1134
2019/11/24,1.1134
2019/11/25,1.1153
2019/11/26,1.1171
2019/11/27,1.1173
2019/11/28,1.1164
2019/11/29,1.1155
2019/11/30,1.1155
2019/12/01,1.1155
2019/12/02,1.1104
2019/12/03,1.1142
2019/12/04,1.1126
2019/12/05,1.1118
2019/12/06,1.1122
2019/12/07,1.1122
2019/12/08,1.1122
2019/12/09,1.1128
2019/12/10,1.1127
2019/12/11,1.1144
2019/12/12,1.1125
2019/12/13,1.1165
2019/12/14,1.1165
2019/12/15,1.1165
2019/12/16,1.1162
2019/12/17,1.1169
2019/12/18,1.1148
2019/12/19,1.1156
2019/12/20,1.1162
2019/12/21,1.1162
2019/12/22,1.1162
2019/12/23,1.1153
2019/12/24,1.1161
2019/12/25,1.1161
2019/12/26,1.1161
2019/12/27,1.1191
2019/12/28,1.1191
2019/12/29,1.1191
2019/12/30,1.1161
2019/12/31,1.1162
2020/01/01,1.1162
2020/01/02,1.1196
2020/01/03,1.1218
2020/01/04,1.1218
2020/01/05,1.1218
2020/01/06,1.1209
2020/01/07,1.1202
2020/01/08,1.1184
2020/01/09,1.1197
2020/01/10,1.1211
2020/01/11,1.1211
2020/01/12,1.1211
2020/01/13,1.121
2020/01/14,1.122
2020/01/15,1.1238
2020/01/16,1.1246
2020/01/17,1.1249
2020/01/18,1.1249
2020/01/19,1.1249
2020/01/20,1.1251
2020/01/21,1.1265
2020/01/22,1.1278
2020/01/23,1.1298
2020/01/24,1.1307
2020/01/25,1.1307
2020/01/26,1.1307
2020/01/27,1.1307
2020/01/28,1.1307
2020/01/29,1.1334
2020/01/30,1.134
2020/01/31,1.1326
2020/02/01,1.1326
2020/02/02,1.1326
2020/02/03,1.1335
2020/02/04,1.1334
2020/02/05,1.133
2020/02/06,1.135
2020/02/07,1.1364
2020/02/08,1.1364
2020/02/09,1.1364
2020/02/10,1.1389
2020/02/11,1.1382
2020/02/12,1.1388
2020/02/13,1.1385
2020/02/14,1.1394
2020/02/15,1.1394
2020/02/16,1.1394
2020/02/17,1.1396
2020/02/18,1.1395
2020/02/19,1.1408
2020/02/20,1.1422
2020/02/21,1.1426
2020/02/22,1.1426
2020/02/23,1.1426
2020/02/24,1.139
2020/02/25,1.1358
2020/02/26,1.1334
2020/02/27,1.1275
2020/02/28,1.1292
2020/02/29,1.1292
2020/03/01,1.1292
2020/03/02,1.1366
2020/03/03,1.1359
2020/03/04,1.1426
2020/03/05,1.1403
2020/03/06,1.1451
2020/03/07,1.1451
2020/03/08,1.1451
2020/03/09,1.1368
2020/03/10,1.1317
2020/03/11,1.1219
2020/03/12,1.095
2020/03/13,1.0962
2020/03/14,1.0962
2020/03/15,1.0962
2020/03/16,1.0762
2020/03/17,1.076
2020/03/18,1.0517
2020/03/19,1.0586
2020/03/20,1.066
2020/03/21,1.066
2020/03/22,1.066
2020/03/23,1.0667
2020/03/24,1.0809
2020/03/25,1.0847
2020/03/26,1.1008
2020/03/27,1.0983
2020/03/28,1.0983
2020/03/29,1.0983
2020/03/30,1.1052
2020/03/31,1.0998
2020/04/01,1.0938
2020/04/02,1.0961
2020/04/03,1.094
2020/04/04,1.094
2020/04/05,1.094
2020/04/06,1.1037
2020/04/07,1.1026
2020/04/08,1.1073
2020/04/09,1.1134
2020/04/10,1.1134
2020/04/11,1.1134
2020/04/12,1.1134
2020/04/13,1.1134
2020/04/14,1.1162
2020/04/15,1.1149
2020/04/16,1.1167
2020/04/17,1.1215
2020/04/18,1.1215
2020/04/19,1.1215
2020/04/20,1.1185
2020/04/21,1.1123
2020/04/22,1.1144
2020/04/23,1.1173
2020/04/24,1.1203
2020/04/25,1.1203
2020/04/26,1.1203
2020/04/27,1.1229
2020/04/28,1.1252
2020/04/29,1.1307
2020/04/30,1.1307
2020/05/01,1.1307
2020/05/02,1.1307
2020/05/03,1.1307
2020/05/04,1.1226
2020/05/05,1.1244
2020/05/06,1.1199
2020/05/07,1.1246
2020/05/08,1.1281
2020/05/09,1.1281
2020/05/10,1.1281
2020/05/11,1.1259
2020/05/12,1.1246
2020/05/13,1.1229
2020/05/14,1.1236
2020/05/15,1.1237
2020/05/16,1.1237
2020/05/17,1.1237
2020/05/18,1.1278
2020/05/19,1.128
2020/05/20,1.1328
2020/05/21,1.1318
2020/05/22,1.1312
2020/05/23,1.1312
2020/05/24,1.1312
2020/05/25,1.1326
2020/05/26,1.1339
2020/05/27,1.1373
2020/05/28,1.1384
2020/05/29,1.1403
2020/05/30,1.1403
2020/05/31,1.1403
2020/06/01,1.1405
2020/06/02,1.143
2020/06/03,1.1434
2020/06/04,1.1419
2020/06/05,1.1439
2020/06/06,1.1439
2020/06/07,1.1439
2020/06/08,1.1476
2020/06/09,1.1484
2020/06/10,1.1497
2020/06/11,1.1439
2020/06/12,1.1437
2020/06/13,1.1437
2020/06/14,1.1437
2020/06/15,1.1437
2020/06/16,1.1476
2020/06/17,1.1482
2020/06/18,1.149
2020/06/19,1.1486
2020/06/20,1.1486
2020/06/21,1.1486
2020/06/22,1.1506
2020/06/23,1.1515
2020/06/24,1.1476
2020/06/25,1.1476
2020/06/26,1.1476
2020/06/27,1.1476
2020/06/28,1.1476
2020/06/29,1.1492
2020/06/30,1.1508
2020/07/01,1.1508
2020/07/02,1.1528
2020/07/03,1.1535
2020/07/04,1.1535
2020/07/05,1.1535
2020/07/06,1.1569
2020/07/07,1.1562
2020/07/08,1.1578
2020/07/09,1.159
2020/07/10,1.1602
2020/07/11,1.1602
2020/07/12,1.1602
2020/07/13,1.158
2020/07/14,1.1613
2020/07/15,1.1631
2020/07/16,1.1635
2020/07/17,1.163
2020/07/18,1.163
2020/07/19,1.163
2020/07/20,1.166
2020/07/21,1.1678
2020/07/22,1.1697
2020/07/23,1.1688
2020/07/24,1.1658
2020/07/25,1.1658
2020/07/26,1.1658
2020/07/27,1.1687
2020/07/28,1.1689
2020/07/29,1.1701
2020/07/30,1.1709
2020/07/31,1.1704
2020/08/01,1.1704
2020/08/02,1.1704
2020/08/03,1.1708
2020/08/04,1.1749
2020/08/05,1.1747
2020/08/06,1.1768
2020/08/07,1.1749
2020/08/08,1.1749
2020/08/09,1.1749
2020/08/10,1.1755
2020/08/11,1.1715
2020/08/12,1.173
2020/08/13,1.1704
2020/08/14,1.1699
2020/08/15,1.1699
2020/08/16,1.1699
2020/08/17,1.1723
2020/08/18,1.1738
2020/08/19,1.1733
2020/08/20,1.1734
2020/08/21,1.174
2020/08/22,1.174
2020/08/23,1.174
2020/08/24,1.1767
2020/08/25,1.1738
2020/08/26,1.1752
2020/08/27,1.1722
2020/08/28,1.1741
2020/08/29,1.1741
2020/08/30,1.1741
2020/08/31,1.1742
2020/09/01,1.1767
2020/09/02,1.1821
2020/09/03,1.1779
2020/09/04,1.1715
2020/09/05,1.1715
2020/09/06,1.1715
2020/09/07,1.1715
2020/09/08,1.1695
2020/09/09,1.1712
2020/09/10,1.1684
2020/09/11,1.1715
2020/09/12,1.1715
2020/09/13,1.1715
2020/09/14,1.1745
2020/09/15,1.1753
2020/09/16,1.1751
2020/09/17,1.1743
2020/09/18,1.1723
2020/09/19,1.1723
2020/09/20,1.1723
2020/09/21,1.1701
2020/09/22,1.1711
2020/09/23,1.1673
2020/09/24,1.1667
2020/09/25,1.1697
2020/09/26,1.1697
2020/09/27,1.1697
2020/09/28,1.173
2020/09/29,1.1737
2020/09/30,1.1729
2020/10/01,1.1729
2020/10/02,1.1729
2020/10/03,1.1729
2020/10/04,1.1729
2020/10/05,1.1737
2020/10/06,1.1724
2020/10/07,1.1734
2020/10/08,1.1766
2020/10/09,1.1792
2020/10/10,1.1792
2020/10/11,1.1792
2020/10/12,1.1828
2020/10/13,1.1828
2020/10/14,1.1831
2020/10/15,1.182
2020/10/16,1.1825
2020/10/17,1.1825
2020/10/18,1.1825
2020/10/19,1.1797
2020/10/20,1.1788
2020/10/21,1.1769
2020/10/22,1.1751
