Date,亞洲債券基金_Price
2011/09/23,100.0
2011/09/24,100.0
2011/09/25,100.0
2011/09/26,100.0
2011/09/27,100.0
2011/09/28,99.86
2011/09/29,99.86
2011/09/30,99.44
2011/10/01,99.44
2011/10/02,99.44
2011/10/03,99.39
2011/10/04,99.34
2011/10/05,99.34
2011/10/06,99.62
2011/10/07,99.89
2011/10/08,99.89
2011/10/09,99.89
2011/10/10,100.28
2011/10/11,100.11
2011/10/12,100.49
2011/10/13,100.4
2011/10/14,100.86
2011/10/15,100.86
2011/10/16,100.86
2011/10/17,100.77
2011/10/18,100.69
2011/10/19,100.95
2011/10/20,100.61
2011/10/21,100.7
2011/10/22,100.7
2011/10/23,100.7
2011/10/24,100.91
2011/10/25,101.02
2011/10/26,100.92
2011/10/27,101.6
2011/10/28,101.69
2011/10/29,101.69
2011/10/30,101.69
2011/10/31,101.61
2011/11/01,101.17
2011/11/02,101.25
2011/11/03,101.14
2011/11/04,101.48
2011/11/05,101.48
2011/11/06,101.48
2011/11/07,101.39
2011/11/08,101.48
2011/11/09,101.21
2011/11/10,101.03
2011/11/11,101.2
2011/11/12,101.2
2011/11/13,101.2
2011/11/14,101.11
2011/11/15,101.11
2011/11/16,101.11
2011/11/17,101.01
2011/11/18,100.91
2011/11/19,100.91
2011/11/20,100.91
2011/11/21,100.54
2011/11/22,100.54
2011/11/23,100.34
2011/11/24,100.25
2011/11/25,100.06
2011/11/26,100.06
2011/11/27,100.06
2011/11/28,100.45
2011/11/29,100.64
2011/11/30,101.13
2011/12/01,101.21
2011/12/02,101.3
2011/12/03,101.3
2011/12/04,101.3
2011/12/05,101.39
2011/12/06,101.39
2011/12/07,101.39
2011/12/08,101.19
2011/12/09,100.98
2011/12/10,100.98
2011/12/11,100.98
2011/12/12,100.78
2011/12/13,100.6
2011/12/14,100.33
2011/12/15,100.33
2011/12/16,100.52
2011/12/17,100.52
2011/12/18,100.52
2011/12/19,100.34
2011/12/20,100.7
2011/12/21,100.8
2011/12/22,100.8
2011/12/23,100.8
2011/12/24,100.8
2011/12/25,100.8
2011/12/26,100.8
2011/12/27,100.8
2011/12/28,100.52
2011/12/29,100.52
2011/12/30,100.89
2011/12/31,100.89
2012/01/01,100.89
2012/01/02,100.89
2012/01/03,101.17
2012/01/04,101.08
2012/01/05,100.8
2012/01/06,100.8
2012/01/07,100.8
2012/01/08,100.8
2012/01/09,100.8
2012/01/10,101.1
2012/01/11,101.1
2012/01/12,101.19
2012/01/13,101.19
2012/01/14,101.19
2012/01/15,101.19
2012/01/16,101.38
2012/01/17,101.57
2012/01/18,101.86
2012/01/19,101.95
2012/01/20,101.95
2012/01/21,101.95
2012/01/22,101.95
2012/01/23,101.95
2012/01/24,101.95
2012/01/25,101.95
2012/01/26,102.75
2012/01/27,102.93
2012/01/28,102.93
2012/01/29,102.93
2012/01/30,102.84
2012/01/31,103.2
2012/02/01,103.38
2012/02/02,103.57
2012/02/03,103.66
2012/02/04,103.66
2012/02/05,103.66
2012/02/06,103.38
2012/02/07,103.38
2012/02/08,103.38
2012/02/09,103.38
2012/02/10,102.99
2012/02/11,102.99
2012/02/12,102.99
2012/02/13,103.09
2012/02/14,102.91
2012/02/15,102.99
2012/02/16,102.9
2012/02/17,103.0
2012/02/18,103.0
2012/02/19,103.0
2012/02/20,103.19
2012/02/21,103.1
2012/02/22,102.92
2012/02/23,103.1
2012/02/24,103.2
2012/02/25,103.2
2012/02/26,103.2
2012/02/27,103.1
2012/02/28,103.39
2012/02/29,103.62
2012/03/01,103.42
2012/03/02,103.32
2012/03/03,103.32
2012/03/04,103.32
2012/03/05,103.03
2012/03/06,102.75
2012/03/07,102.84
2012/03/08,103.11
2012/03/09,103.1
2012/03/10,103.1
2012/03/11,103.1
2012/03/12,102.82
2012/03/13,102.91
2012/03/14,102.24
2012/03/15,102.14
2012/03/16,102.33
2012/03/17,102.33
2012/03/18,102.33
2012/03/19,102.42
2012/03/20,102.04
2012/03/21,101.84
2012/03/22,101.84
2012/03/23,102.12
2012/03/24,102.12
2012/03/25,102.12
2012/03/26,102.12
2012/03/27,102.31
2012/03/28,102.4
2012/03/29,102.3
2012/03/30,102.49
2012/03/31,102.49
2012/04/01,102.49
2012/04/02,102.49
2012/04/03,102.68
2012/04/04,102.68
2012/04/05,102.28
2012/04/06,102.28
2012/04/07,102.28
2012/04/08,102.28
2012/04/09,102.28
2012/04/10,102.46
2012/04/11,102.46
2012/04/12,102.65
2012/04/13,102.74
2012/04/14,102.74
2012/04/15,102.74
2012/04/16,102.64
2012/04/17,102.73
2012/04/18,102.73
2012/04/19,102.73
2012/04/20,102.72
2012/04/21,102.72
2012/04/22,102.72
2012/04/23,102.72
2012/04/24,102.81
2012/04/25,102.71
2012/04/26,102.89
2012/04/27,103.16
2012/04/28,103.16
2012/04/29,103.16
2012/04/30,103.24
2012/05/01,103.24
2012/05/02,103.14
2012/05/03,103.04
2012/05/04,102.94
2012/05/05,102.94
2012/05/06,102.94
2012/05/07,102.93
2012/05/08,102.93
2012/05/09,102.74
2012/05/10,102.73
2012/05/11,102.73
2012/05/12,102.73
2012/05/13,102.73
2012/05/14,102.63
2012/05/15,102.53
2012/05/16,102.24
2012/05/17,102.24
2012/05/18,102.24
2012/05/19,102.24
2012/05/20,102.24
2012/05/21,102.23
2012/05/22,102.32
2012/05/23,101.94
2012/05/24,101.84
2012/05/25,101.74
2012/05/26,101.74
2012/05/27,101.74
2012/05/28,101.92
2012/05/29,102.01
2012/05/30,101.72
2012/05/31,101.82
2012/06/01,101.82
2012/06/02,101.82
2012/06/03,101.82
2012/06/04,102.0
2012/06/05,102.0
2012/06/06,102.18
2012/06/07,102.37
2012/06/08,102.18
2012/06/09,102.18
2012/06/10,102.18
2012/06/11,102.27
2012/06/12,102.36
2012/06/13,102.36
2012/06/14,102.54
2012/06/15,102.82
2012/06/16,102.82
2012/06/17,102.82
2012/06/18,103.0
2012/06/19,103.28
2012/06/20,103.18
2012/06/21,102.99
2012/06/22,102.7
2012/06/23,102.7
2012/06/24,102.7
2012/06/25,102.6
2012/06/26,102.78
2012/06/27,102.78
2012/06/28,102.68
2012/06/29,103.37
2012/06/30,103.37
2012/07/01,103.37
2012/07/02,103.37
2012/07/03,103.66
2012/07/04,103.65
2012/07/05,103.75
2012/07/06,103.56
2012/07/07,103.56
2012/07/08,103.56
2012/07/09,103.55
2012/07/10,103.65
2012/07/11,103.74
2012/07/12,103.54
2012/07/13,103.92
2012/07/14,103.92
2012/07/15,103.92
2012/07/16,104.11
2012/07/17,104.2
2012/07/18,104.38
2012/07/19,104.57
2012/07/20,104.56
2012/07/21,104.56
2012/07/22,104.56
2012/07/23,104.46
2012/07/24,104.46
2012/07/25,104.55
2012/07/26,104.93
2012/07/27,105.03
2012/07/28,105.03
2012/07/29,105.03
2012/07/30,104.92
2012/07/31,105.2
2012/08/01,105.29
2012/08/02,105.1
2012/08/03,105.19
2012/08/04,105.19
2012/08/05,105.19
2012/08/06,105.37
2012/08/07,105.27
2012/08/08,105.17
2012/08/09,105.17
2012/08/10,105.17
2012/08/11,105.17
2012/08/12,105.17
2012/08/13,105.16
2012/08/14,105.07
2012/08/15,104.78
2012/08/16,104.49
2012/08/17,104.4
2012/08/18,104.4
2012/08/19,104.4
2012/08/20,104.39
2012/08/21,104.58
2012/08/22,104.67
2012/08/23,105.14
2012/08/24,105.05
2012/08/25,105.05
2012/08/26,105.05
2012/08/27,104.94
2012/08/28,104.94
2012/08/29,104.94
2012/08/30,104.94
2012/08/31,105.03
2012/09/01,105.03
2012/09/02,105.03
2012/09/03,105.21
2012/09/04,105.02
2012/09/05,105.02
2012/09/06,105.11
2012/09/07,105.2
2012/09/08,105.2
2012/09/09,105.2
2012/09/10,105.38
2012/09/11,105.57
2012/09/12,105.56
2012/09/13,105.47
2012/09/14,105.75
2012/09/15,105.75
2012/09/16,105.75
2012/09/17,105.45
2012/09/18,105.45
2012/09/19,105.54
2012/09/20,105.45
2012/09/21,105.63
2012/09/22,105.63
2012/09/23,105.63
2012/09/24,105.53
2012/09/25,105.62
2012/09/26,105.52
2012/09/27,105.61
2012/09/28,105.8
2012/09/29,105.8
2012/09/30,105.8
2012/10/01,105.8
2012/10/02,105.8
2012/10/03,105.79
2012/10/04,105.88
2012/10/05,105.78
2012/10/06,105.78
2012/10/07,105.78
2012/10/08,105.58
2012/10/09,105.68
2012/10/10,105.67
2012/10/11,105.77
2012/10/12,105.86
2012/10/13,105.86
2012/10/14,105.86
2012/10/15,105.94
2012/10/16,105.94
2012/10/17,106.13
2012/10/18,106.03
2012/10/19,105.93
2012/10/20,105.93
2012/10/21,105.93
2012/10/22,106.02
2012/10/23,106.02
2012/10/24,106.01
2012/10/25,106.1
2012/10/26,106.19
2012/10/27,106.19
2012/10/28,106.19
2012/10/29,106.19
2012/10/30,106.28
2012/10/31,106.37
2012/11/01,106.37
2012/11/02,106.27
2012/11/03,106.27
2012/11/04,106.27
2012/11/05,106.26
2012/11/06,106.35
2012/11/07,106.45
2012/11/08,106.54
2012/11/09,106.63
2012/11/10,106.63
2012/11/11,106.63
2012/11/12,106.72
2012/11/13,106.71
2012/11/14,106.62
2012/11/15,106.62
2012/11/16,106.52
2012/11/17,106.52
2012/11/18,106.52
2012/11/19,106.7
2012/11/20,106.6
2012/11/21,106.41
2012/11/22,106.31
2012/11/23,106.5
2012/11/24,106.5
2012/11/25,106.5
2012/11/26,106.59
2012/11/27,106.58
2012/11/28,106.68
2012/11/29,106.67
2012/11/30,106.86
2012/12/01,106.86
2012/12/02,106.86
2012/12/03,106.85
2012/12/04,106.85
2012/12/05,106.85
2012/12/06,106.94
2012/12/07,106.94
2012/12/08,106.94
2012/12/09,106.94
2012/12/10,106.93
2012/12/11,107.02
2012/12/12,107.02
2012/12/13,106.93
2012/12/14,106.83
2012/12/15,106.83
2012/12/16,106.83
2012/12/17,106.92
2012/12/18,106.82
2012/12/19,106.72
2012/12/20,106.62
2012/12/21,106.62
2012/12/22,106.62
2012/12/23,106.62
2012/12/24,106.52
2012/12/25,106.52
2012/12/26,106.52
2012/12/27,106.51
2012/12/28,106.6
2012/12/29,106.6
2012/12/30,106.6
2012/12/31,106.78
2013/01/01,106.78
2013/01/02,106.87
2013/01/03,106.97
2013/01/04,106.37
2013/01/05,106.37
2013/01/06,106.37
2013/01/07,106.56
2013/01/08,106.65
2013/01/09,106.75
2013/01/10,106.93
2013/01/11,106.93
2013/01/12,106.93
2013/01/13,106.93
2013/01/14,107.01
2013/01/15,107.2
2013/01/16,107.29
2013/01/17,107.29
2013/01/18,106.92
2013/01/19,106.92
2013/01/20,106.92
2013/01/21,106.91
2013/01/22,106.91
2013/01/23,106.9
2013/01/24,106.81
2013/01/25,106.61
2013/01/26,106.61
2013/01/27,106.61
2013/01/28,106.04
2013/01/29,106.13
2013/01/30,105.85
2013/01/31,105.85
2013/02/01,105.65
2013/02/02,105.65
2013/02/03,105.65
2013/02/04,105.75
2013/02/05,105.84
2013/02/06,105.74
2013/02/07,105.74
2013/02/08,105.83
2013/02/09,105.83
2013/02/10,105.83
2013/02/11,105.83
2013/02/12,105.83
2013/02/13,105.83
2013/02/14,105.82
2013/02/15,105.91
2013/02/16,105.91
2013/02/17,105.91
2013/02/18,105.81
2013/02/19,105.81
2013/02/20,105.71
2013/02/21,105.61
2013/02/22,105.8
2013/02/23,105.8
2013/02/24,105.8
2013/02/25,105.89
2013/02/26,105.89
2013/02/27,106.07
2013/02/28,106.17
2013/03/01,106.07
2013/03/02,106.07
2013/03/03,106.07
2013/03/04,105.88
2013/03/05,105.97
2013/03/06,105.97
2013/03/07,105.87
2013/03/08,105.59
2013/03/09,105.59
2013/03/10,105.59
2013/03/11,105.49
2013/03/12,105.58
2013/03/13,105.67
2013/03/14,105.57
2013/03/15,105.67
2013/03/16,105.67
2013/03/17,105.67
2013/03/18,105.85
2013/03/19,105.85
2013/03/20,105.94
2013/03/21,106.04
2013/03/22,106.13
2013/03/23,106.13
2013/03/24,106.13
2013/03/25,106.12
2013/03/26,106.31
2013/03/27,106.21
2013/03/28,106.49
2013/03/29,106.49
2013/03/30,106.49
2013/03/31,106.49
2013/04/01,106.49
2013/04/02,106.58
2013/04/03,106.67
2013/04/04,106.67
2013/04/05,106.85
2013/04/06,106.85
2013/04/07,106.85
2013/04/08,106.85
2013/04/09,107.13
2013/04/10,107.32
2013/04/11,107.41
2013/04/12,107.31
2013/04/13,107.31
2013/04/14,107.31
2013/04/15,107.3
2013/04/16,107.3
2013/04/17,107.3
2013/04/18,107.39
2013/04/19,107.49
2013/04/20,107.49
2013/04/21,107.49
2013/04/22,107.29
2013/04/23,107.29
2013/04/24,107.38
2013/04/25,107.56
2013/04/26,107.56
2013/04/27,107.56
2013/04/28,107.56
2013/04/29,107.83
2013/04/30,107.93
2013/05/01,107.93
2013/05/02,107.73
2013/05/03,107.92
2013/05/04,107.92
2013/05/05,107.92
2013/05/06,107.82
2013/05/07,107.63
2013/05/08,107.81
2013/05/09,107.81
2013/05/10,106.97
2013/05/11,106.97
2013/05/12,106.97
2013/05/13,106.68
2013/05/14,106.68
2013/05/15,106.39
2013/05/16,106.39
2013/05/17,106.39
2013/05/18,106.39
2013/05/19,106.39
2013/05/20,106.09
2013/05/21,106.0
2013/05/22,105.8
2013/05/23,105.41
2013/05/24,105.31
2013/05/25,105.31
2013/05/26,105.31
2013/05/27,105.31
2013/05/28,104.92
2013/05/29,104.16
2013/05/30,104.54
2013/05/31,104.15
2013/06/01,104.15
2013/06/02,104.15
2013/06/03,104.34
2013/06/04,104.24
2013/06/05,104.24
2013/06/06,104.33
2013/06/07,104.33
2013/06/08,104.33
2013/06/09,104.33
2013/06/10,103.66
2013/06/11,103.08
2013/06/12,103.08
2013/06/13,103.45
2013/06/14,103.93
2013/06/15,103.93
2013/06/16,103.93
2013/06/17,103.64
2013/06/18,103.26
2013/06/19,103.44
2013/06/20,101.45
2013/06/21,101.06
2013/06/22,101.06
2013/06/23,101.06
2013/06/24,100.19
2013/06/25,100.76
2013/06/26,100.85
2013/06/27,101.14
2013/06/28,101.24
2013/06/29,101.24
2013/06/30,101.24
2013/07/01,101.24
2013/07/02,101.23
2013/07/03,100.84
2013/07/04,100.75
2013/07/05,100.27
2013/07/06,100.27
2013/07/07,100.27
2013/07/08,99.79
2013/07/09,100.16
2013/07/10,100.54
2013/07/11,101.01
2013/07/12,101.01
2013/07/13,101.01
2013/07/14,101.01
2013/07/15,101.0
2013/07/16,101.29
2013/07/17,101.19
2013/07/18,101.28
2013/07/19,101.38
2013/07/20,101.38
2013/07/21,101.38
2013/07/22,101.66
2013/07/23,101.65
2013/07/24,101.46
2013/07/25,101.17
2013/07/26,101.36
2013/07/27,101.36
2013/07/28,101.36
2013/07/29,101.26
2013/07/30,100.97
2013/07/31,100.58
2013/08/01,100.49
2013/08/02,100.11
2013/08/03,100.11
2013/08/04,100.11
2013/08/05,100.67
2013/08/06,100.85
2013/08/07,100.85
2013/08/08,101.23
2013/08/09,101.32
2013/08/10,101.32
2013/08/11,101.32
2013/08/12,101.32
2013/08/13,100.75
2013/08/14,100.75
2013/08/15,100.38
2013/08/16,100.56
2013/08/17,100.56
2013/08/18,100.56
2013/08/19,100.0
2013/08/20,99.9
2013/08/21,99.71
2013/08/22,99.14
2013/08/23,99.33
2013/08/24,99.33
2013/08/25,99.33
2013/08/26,99.62
2013/08/27,99.52
2013/08/28,99.52
2013/08/29,99.62
2013/08/30,99.71
2013/08/31,99.71
2013/09/01,99.71
2013/09/02,99.8
2013/09/03,99.8
2013/09/04,99.99
2013/09/05,99.52
2013/09/06,99.61
2013/09/07,99.61
2013/09/08,99.61
2013/09/09,100.08
2013/09/10,100.27
2013/09/11,100.37
2013/09/12,100.65
2013/09/13,100.46
2013/09/14,100.46
2013/09/15,100.46
2013/09/16,101.12
2013/09/17,101.21
2013/09/18,101.21
2013/09/19,102.44
2013/09/20,102.44
2013/09/21,102.44
2013/09/22,102.44
2013/09/23,102.16
2013/09/24,102.16
2013/09/25,102.06
2013/09/26,102.16
2013/09/27,102.06
2013/09/28,102.06
2013/09/29,102.06
2013/09/30,102.16
2013/10/01,102.16
2013/10/02,102.25
2013/10/03,102.44
2013/10/04,102.53
2013/10/05,102.53
2013/10/06,102.53
2013/10/07,102.44
2013/10/08,102.44
2013/10/09,102.44
2013/10/10,102.25
2013/10/11,102.43
2013/10/12,102.43
2013/10/13,102.43
2013/10/14,102.43
2013/10/15,102.52
2013/10/16,102.52
2013/10/17,103.28
2013/10/18,103.56
2013/10/19,103.56
2013/10/20,103.56
2013/10/21,103.46
2013/10/22,103.56
2013/10/23,103.75
2013/10/24,103.65
2013/10/25,103.74
2013/10/26,103.74
2013/10/27,103.74
2013/10/28,103.74
2013/10/29,103.65
2013/10/30,103.84
2013/10/31,103.55
2013/11/01,103.27
2013/11/02,103.27
2013/11/03,103.27
2013/11/04,103.17
2013/11/05,103.27
2013/11/06,103.26
2013/11/07,103.26
2013/11/08,103.07
2013/11/09,103.07
2013/11/10,103.07
2013/11/11,102.5
2013/11/12,102.31
2013/11/13,102.3
2013/11/14,102.59
2013/11/15,102.68
2013/11/16,102.68
2013/11/17,102.68
2013/11/18,102.87
2013/11/19,103.05
2013/11/20,102.77
2013/11/21,102.11
2013/11/22,102.01
2013/11/23,102.01
2013/11/24,102.01
2013/11/25,102.01
2013/11/26,102.0
2013/11/27,102.0
2013/11/28,101.91
2013/11/29,102.0
2013/11/30,102.0
2013/12/01,102.0
2013/12/02,101.9
2013/12/03,101.9
2013/12/04,101.71
2013/12/05,101.51
2013/12/06,101.61
2013/12/07,101.61
2013/12/08,101.61
2013/12/09,101.89
2013/12/10,102.07
2013/12/11,101.98
2013/12/12,101.6
2013/12/13,101.6
2013/12/14,101.6
2013/12/15,101.6
2013/12/16,101.6
2013/12/17,101.6
2013/12/18,101.59
2013/12/19,101.11
2013/12/20,101.11
2013/12/21,101.11
2013/12/22,101.11
2013/12/23,101.2
2013/12/24,101.2
2013/12/25,101.2
2013/12/26,101.2
2013/12/27,101.1
2013/12/28,101.1
2013/12/29,101.1
2013/12/30,101.09
2013/12/31,101.28
2014/01/01,101.28
2014/01/02,101.09
2014/01/03,101.18
2014/01/04,101.18
2014/01/05,101.18
2014/01/06,101.08
2014/01/07,101.08
2014/01/08,101.08
2014/01/09,100.98
2014/01/10,101.26
2014/01/11,101.26
2014/01/12,101.26
2014/01/13,101.73
2014/01/14,101.73
2014/01/15,101.35
2014/01/16,101.25
2014/01/17,101.35
2014/01/18,101.35
2014/01/19,101.35
2014/01/20,101.34
2014/01/21,101.15
2014/01/22,101.15
2014/01/23,101.05
2014/01/24,101.05
2014/01/25,101.05
2014/01/26,101.05
2014/01/27,101.14
2014/01/28,101.14
2014/01/29,101.23
2014/01/30,101.23
2014/01/31,101.23
2014/02/01,101.23
2014/02/02,101.23
2014/02/03,101.23
2014/02/04,101.69
2014/02/05,101.79
2014/02/06,101.69
2014/02/07,101.69
2014/02/08,101.69
2014/02/09,101.69
2014/02/10,101.78
2014/02/11,101.87
2014/02/12,101.87
2014/02/13,101.96
2014/02/14,102.15
2014/02/15,102.15
2014/02/16,102.15
2014/02/17,102.24
2014/02/18,102.14
2014/02/19,102.14
2014/02/20,101.95
2014/02/21,101.85
2014/02/22,101.85
2014/02/23,101.85
2014/02/24,102.04
2014/02/25,102.13
2014/02/26,102.22
2014/02/27,102.31
2014/02/28,102.41
2014/03/01,102.41
2014/03/02,102.41
2014/03/03,102.31
2014/03/04,102.31
2014/03/05,102.4
2014/03/06,102.59
2014/03/07,102.49
2014/03/08,102.49
2014/03/09,102.49
2014/03/10,102.2
2014/03/11,102.3
2014/03/12,102.29
2014/03/13,102.58
2014/03/14,102.76
2014/03/15,102.76
2014/03/16,102.76
2014/03/17,102.85
2014/03/18,102.85
2014/03/19,102.85
2014/03/20,102.09
2014/03/21,102.09
2014/03/22,102.09
2014/03/23,102.09
2014/03/24,102.18
2014/03/25,102.18
2014/03/26,102.37
2014/03/27,102.65
2014/03/28,102.74
2014/03/29,102.74
2014/03/30,102.74
2014/03/31,102.83
2014/04/01,102.83
2014/04/02,102.64
2014/04/03,102.54
2014/04/04,102.73
2014/04/05,102.73
2014/04/06,102.73
2014/04/07,102.91
2014/04/08,103.29
2014/04/09,103.48
2014/04/10,103.76
2014/04/11,103.75
2014/04/12,103.75
2014/04/13,103.75
2014/04/14,103.75
2014/04/15,103.65
2014/04/16,103.65
2014/04/17,103.74
2014/04/18,103.74
2014/04/19,103.74
2014/04/20,103.74
2014/04/21,103.74
2014/04/22,103.45
2014/04/23,103.35
2014/04/24,103.35
2014/04/25,103.54
2014/04/26,103.54
2014/04/27,103.54
2014/04/28,103.53
2014/04/29,103.53
2014/04/30,103.63
2014/05/01,103.63
2014/05/02,103.81
2014/05/03,103.81
2014/05/04,103.81
2014/05/05,103.99
2014/05/06,103.99
2014/05/07,104.27
2014/05/08,104.46
2014/05/09,104.37
2014/05/10,104.37
2014/05/11,104.37
2014/05/12,104.27
2014/05/13,104.26
2014/05/14,104.54
2014/05/15,104.63
2014/05/16,104.73
2014/05/17,104.73
2014/05/18,104.73
2014/05/19,104.81
2014/05/20,104.53
2014/05/21,104.53
2014/05/22,104.53
2014/05/23,104.43
2014/05/24,104.43
2014/05/25,104.43
2014/05/26,104.52
2014/05/27,104.42
2014/05/28,104.52
2014/05/29,104.8
2014/05/30,104.8
2014/05/31,104.8
2014/06/01,104.8
2014/06/02,104.8
2014/06/03,104.41
2014/06/04,104.22
2014/06/05,104.31
2014/06/06,104.59
2014/06/07,104.59
2014/06/08,104.59
2014/06/09,104.59
2014/06/10,104.59
2014/06/11,104.58
2014/06/12,104.68
2014/06/13,104.67
2014/06/14,104.67
2014/06/15,104.67
2014/06/16,104.76
2014/06/17,104.57
2014/06/18,104.48
2014/06/19,104.85
2014/06/20,104.66
2014/06/21,104.66
2014/06/22,104.66
2014/06/23,104.85
2014/06/24,104.84
2014/06/25,104.84
2014/06/26,105.03
2014/06/27,105.22
2014/06/28,105.22
2014/06/29,105.22
2014/06/30,105.31
2014/07/01,105.31
2014/07/02,105.4
2014/07/03,105.2
2014/07/04,105.2
2014/07/05,105.2
2014/07/06,105.2
2014/07/07,105.2
2014/07/08,105.38
2014/07/09,105.48
2014/07/10,105.57
2014/07/11,105.57
2014/07/12,105.57
2014/07/13,105.57
2014/07/14,105.66
2014/07/15,105.47
2014/07/16,105.46
2014/07/17,105.56
2014/07/18,105.65
2014/07/19,105.65
2014/07/20,105.65
2014/07/21,105.83
2014/07/22,105.93
2014/07/23,106.02
2014/07/24,105.83
2014/07/25,105.73
2014/07/26,105.73
2014/07/27,105.73
2014/07/28,105.82
2014/07/29,105.72
2014/07/30,105.53
2014/07/31,105.25
2014/08/01,105.06
2014/08/02,105.06
2014/08/03,105.06
2014/08/04,105.34
2014/08/05,105.43
2014/08/06,105.33
2014/08/07,105.33
2014/08/08,105.61
2014/08/09,105.61
2014/08/10,105.61
2014/08/11,105.61
2014/08/12,105.61
2014/08/13,105.6
2014/08/14,105.97
2014/08/15,106.07
2014/08/16,106.07
2014/08/17,106.07
2014/08/18,106.25
2014/08/19,106.06
2014/08/20,105.87
2014/08/21,105.77
2014/08/22,105.86
2014/08/23,105.86
2014/08/24,105.86
2014/08/25,105.86
2014/08/26,106.04
2014/08/27,106.14
2014/08/28,106.23
2014/08/29,106.32
2014/08/30,106.32
2014/08/31,106.32
2014/09/01,106.32
2014/09/02,105.94
2014/09/03,105.84
2014/09/04,105.93
2014/09/05,105.74
2014/09/06,105.74
2014/09/07,105.74
2014/09/08,105.83
2014/09/09,105.83
2014/09/10,105.07
2014/09/11,104.97
2014/09/12,104.69
2014/09/13,104.69
2014/09/14,104.69
2014/09/15,104.5
2014/09/16,104.68
2014/09/17,104.68
2014/09/18,104.39
2014/09/19,104.3
2014/09/20,104.3
2014/09/21,104.3
2014/09/22,104.48
2014/09/23,104.57
2014/09/24,104.57
2014/09/25,104.38
2014/09/26,104.38
2014/09/27,104.38
2014/09/28,104.38
2014/09/29,104.09
2014/09/30,104.18
2014/10/01,104.18
2014/10/02,104.18
2014/10/03,104.18
2014/10/04,104.18
2014/10/05,104.18
2014/10/06,104.27
2014/10/07,104.46
2014/10/08,104.45
2014/10/09,105.02
2014/10/10,104.74
2014/10/11,104.74
2014/10/12,104.74
2014/10/13,105.01
2014/10/14,105.01
2014/10/15,105.2
2014/10/16,105.57
2014/10/17,105.28
2014/10/18,105.28
2014/10/19,105.28
2014/10/20,105.37
2014/10/21,105.65
2014/10/22,105.56
2014/10/23,105.37
2014/10/24,105.27
2014/10/25,105.27
2014/10/26,105.27
2014/10/27,105.27
2014/10/28,105.45
2014/10/29,105.55
2014/10/30,105.08
2014/10/31,104.8
2014/11/01,104.8
2014/11/02,104.8
2014/11/03,104.6
2014/11/04,104.6
2014/11/05,104.32
2014/11/06,104.32
2014/11/07,104.12
2014/11/08,104.12
2014/11/09,104.12
2014/11/10,104.5
2014/11/11,104.21
2014/11/12,104.4
2014/11/13,104.4
2014/11/14,104.3
2014/11/15,104.3
2014/11/16,104.3
2014/11/17,104.58
2014/11/18,104.58
2014/11/19,104.2
2014/11/20,104.1
2014/11/21,104.29
2014/11/22,104.29
2014/11/23,104.29
2014/11/24,104.28
2014/11/25,104.28
2014/11/26,104.56
2014/11/27,104.75
2014/11/28,104.65
2014/11/29,104.65
2014/11/30,104.65
2014/12/01,104.65
2014/12/02,104.46
2014/12/03,104.17
2014/12/04,104.07
2014/12/05,103.88
2014/12/06,103.88
2014/12/07,103.88
2014/12/08,103.41
2014/12/09,103.87
2014/12/10,103.96
2014/12/11,104.05
2014/12/12,104.05
2014/12/13,104.05
2014/12/14,104.05
2014/12/15,104.14
2014/12/16,104.33
2014/12/17,104.13
2014/12/18,103.94
2014/12/19,103.66
2014/12/20,103.66
2014/12/21,103.66
2014/12/22,103.75
2014/12/23,103.65
2014/12/24,103.56
2014/12/25,103.56
2014/12/26,103.56
2014/12/27,103.56
2014/12/28,103.56
2014/12/29,103.64
2014/12/30,103.83
2014/12/31,103.83
2015/01/01,103.83
2015/01/02,103.54
2015/01/03,103.54
2015/01/04,103.54
2015/01/05,103.63
2015/01/06,104.1
2015/01/07,104.09
2015/01/08,104.28
2015/01/09,104.47
2015/01/10,104.47
2015/01/11,104.47
2015/01/12,104.73
2015/01/13,104.92
2015/01/14,105.1
2015/01/15,105.19
2015/01/16,105.76
2015/01/17,105.76
2015/01/18,105.76
2015/01/19,105.47
2015/01/20,105.09
2015/01/21,105.09
2015/01/22,104.8
2015/01/23,104.61
2015/01/24,104.61
2015/01/25,104.61
2015/01/26,104.79
2015/01/27,104.79
2015/01/28,104.6
2015/01/29,104.41
2015/01/30,104.5
2015/01/31,104.5
2015/02/01,104.5
2015/02/02,104.78
2015/02/03,104.68
2015/02/04,104.68
2015/02/05,104.77
2015/02/06,104.68
2015/02/07,104.68
2015/02/08,104.68
2015/02/09,104.3
2015/02/10,104.01
2015/02/11,103.82
2015/02/12,103.63
2015/02/13,104.01
2015/02/14,104.01
2015/02/15,104.01
2015/02/16,103.82
2015/02/17,104.0
2015/02/18,103.43
2015/02/19,103.43
2015/02/20,103.43
2015/02/21,103.43
2015/02/22,103.43
2015/02/23,103.52
2015/02/24,103.52
2015/02/25,104.18
2015/02/26,104.36
2015/02/27,104.17
2015/02/28,104.17
2015/03/01,104.17
2015/03/02,104.07
2015/03/03,103.98
2015/03/04,103.79
2015/03/05,103.6
2015/03/06,103.41
2015/03/07,103.41
2015/03/08,103.41
2015/03/09,103.02
2015/03/10,102.63
2015/03/11,102.72
2015/03/12,103.19
2015/03/13,102.91
2015/03/14,102.91
2015/03/15,102.91
2015/03/16,103.0
2015/03/17,103.0
2015/03/18,103.09
2015/03/19,103.65
2015/03/20,103.74
2015/03/21,103.74
2015/03/22,103.74
2015/03/23,104.3
2015/03/24,104.58
2015/03/25,104.76
2015/03/26,104.57
2015/03/27,104.19
2015/03/28,104.19
2015/03/29,104.19
2015/03/30,104.0
2015/03/31,104.09
2015/04/01,104.18
2015/04/02,104.46
2015/04/03,104.46
2015/04/04,104.46
2015/04/05,104.46
2015/04/06,104.46
2015/04/07,104.46
2015/04/08,104.91
2015/04/09,104.82
2015/04/10,104.63
2015/04/11,104.63
2015/04/12,104.63
2015/04/13,104.25
2015/04/14,104.62
2015/04/15,104.62
2015/04/16,105.09
2015/04/17,105.27
2015/04/18,105.27
2015/04/19,105.27
2015/04/20,105.17
2015/04/21,105.08
2015/04/22,105.17
2015/04/23,104.88
2015/04/24,105.26
2015/04/25,105.26
2015/04/26,105.26
2015/04/27,105.53
2015/04/28,105.81
2015/04/29,105.62
2015/04/30,105.15
2015/05/01,105.15
2015/05/02,105.15
2015/05/03,105.15
2015/05/04,104.67
2015/05/05,104.67
2015/05/06,104.39
2015/05/07,103.82
2015/05/08,104.2
2015/05/09,104.2
2015/05/10,104.2
2015/05/11,104.0
2015/05/12,103.53
2015/05/13,104.09
2015/05/14,104.27
2015/05/15,104.46
2015/05/16,104.46
2015/05/17,104.46
2015/05/18,104.45
2015/05/19,103.99
2015/05/20,103.7
2015/05/21,103.89
2015/05/22,103.98
2015/05/23,103.98
2015/05/24,103.98
2015/05/25,103.98
2015/05/26,103.41
2015/05/27,103.41
2015/05/28,103.4
2015/05/29,103.5
2015/05/30,103.5
2015/05/31,103.5
2015/06/01,103.3
2015/06/02,103.3
2015/06/03,103.3
2015/06/04,102.55
2015/06/05,102.45
2015/06/06,102.45
2015/06/07,102.45
2015/06/08,102.07
2015/06/09,102.35
2015/06/10,102.53
2015/06/11,102.15
2015/06/12,102.34
2015/06/13,102.34
2015/06/14,102.34
2015/06/15,102.52
2015/06/16,102.52
2015/06/17,102.42
2015/06/18,103.17
2015/06/19,102.98
2015/06/20,102.98
2015/06/21,102.98
2015/06/22,103.07
2015/06/23,102.7
2015/06/24,102.51
2015/06/25,102.69
2015/06/26,102.31
2015/06/27,102.31
2015/06/28,102.31
2015/06/29,102.4
2015/06/30,102.59
2015/07/01,102.59
2015/07/02,102.11
2015/07/03,102.11
2015/07/04,102.11
2015/07/05,102.11
2015/07/06,102.29
2015/07/07,102.01
2015/07/08,102.29
2015/07/09,102.2
2015/07/10,102.01
2015/07/11,102.01
2015/07/12,102.01
2015/07/13,101.72
2015/07/14,101.72
2015/07/15,101.62
2015/07/16,101.53
2015/07/17,101.62
2015/07/18,101.62
2015/07/19,101.62
2015/07/20,101.43
2015/07/21,101.52
2015/07/22,101.61
2015/07/23,101.52
2015/07/24,101.42
2015/07/25,101.42
2015/07/26,101.42
2015/07/27,101.6
2015/07/28,101.6
2015/07/29,101.6
2015/07/30,101.13
2015/07/31,101.31
2015/08/01,101.31
2015/08/02,101.31
2015/08/03,101.4
2015/08/04,101.68
2015/08/05,101.02
2015/08/06,101.11
2015/08/07,101.11
2015/08/08,101.11
2015/08/09,101.11
2015/08/10,101.29
2015/08/11,100.82
2015/08/12,101.01
2015/08/13,100.91
2015/08/14,100.63
2015/08/15,100.63
2015/08/16,100.63
2015/08/17,100.44
2015/08/18,100.53
2015/08/19,100.53
2015/08/20,100.71
2015/08/21,100.62
2015/08/22,100.62
2015/08/23,100.62
2015/08/24,100.24
2015/08/25,100.24
2015/08/26,99.95
2015/08/27,99.95
2015/08/28,99.95
2015/08/29,99.95
2015/08/30,99.95
2015/08/31,99.57
2015/09/01,99.66
2015/09/02,99.47
2015/09/03,99.47
2015/09/04,99.28
2015/09/05,99.28
2015/09/06,99.28
2015/09/07,98.99
2015/09/08,99.09
2015/09/09,99.27
2015/09/10,99.18
2015/09/11,99.36
2015/09/12,99.36
2015/09/13,99.36
2015/09/14,99.64
2015/09/15,99.64
2015/09/16,99.73
2015/09/17,99.82
2015/09/18,100.57
2015/09/19,100.57
2015/09/20,100.57
2015/09/21,100.19
2015/09/22,99.81
2015/09/23,99.72
2015/09/24,99.53
2015/09/25,99.44
2015/09/26,99.44
2015/09/27,99.44
2015/09/28,99.44
2015/09/29,99.52
2015/09/30,99.9
2015/10/01,99.9
2015/10/02,99.8
2015/10/03,99.8
2015/10/04,99.8
2015/10/05,100.36
2015/10/06,100.45
2015/10/07,101.01
2015/10/08,100.91
2015/10/09,101.47
2015/10/10,101.47
2015/10/11,101.47
2015/10/12,101.66
2015/10/13,101.47
2015/10/14,101.75
2015/10/15,102.49
2015/10/16,102.12
2015/10/17,102.12
2015/10/18,102.12
2015/10/19,102.02
2015/10/20,101.83
2015/10/21,101.83
2015/10/22,101.64
2015/10/23,101.82
2015/10/24,101.82
2015/10/25,101.82
2015/10/26,101.91
2015/10/27,101.91
2015/10/28,101.91
2015/10/29,101.35
2015/10/30,101.34
2015/10/31,101.34
2015/11/01,101.34
2015/11/02,101.34
2015/11/03,101.25
2015/11/04,101.06
2015/11/05,100.87
2015/11/06,100.49
2015/11/07,100.49
2015/11/08,100.49
2015/11/09,99.74
2015/11/10,99.83
2015/11/11,99.93
2015/11/12,99.92
2015/11/13,99.83
2015/11/14,99.83
2015/11/15,99.83
2015/11/16,100.01
2015/11/17,99.92
2015/11/18,99.92
2015/11/19,100.38
2015/11/20,100.66
2015/11/21,100.66
2015/11/22,100.66
2015/11/23,100.38
2015/11/24,100.66
2015/11/25,101.03
2015/11/26,101.03
2015/11/27,100.84
2015/11/28,100.84
2015/11/29,100.84
2015/11/30,100.93
2015/12/01,101.21
2015/12/02,101.21
2015/12/03,101.11
2015/12/04,101.21
2015/12/05,101.21
2015/12/06,101.21
2015/12/07,101.01
2015/12/08,100.92
2015/12/09,100.91
2015/12/10,101.19
2015/12/11,100.82
2015/12/12,100.82
2015/12/13,100.82
2015/12/14,100.81
2015/12/15,100.81
2015/12/16,100.72
2015/12/17,100.53
2015/12/18,100.9
2015/12/19,100.9
2015/12/20,100.9
2015/12/21,101.08
2015/12/22,101.27
2015/12/23,101.08
2015/12/24,101.26
2015/12/25,101.26
2015/12/26,101.26
2015/12/27,101.26
2015/12/28,101.26
2015/12/29,101.35
2015/12/30,101.25
2015/12/31,101.16
2016/01/01,101.16
2016/01/02,101.16
2016/01/03,101.16
2016/01/04,100.78
2016/01/05,100.68
2016/01/06,100.49
2016/01/07,100.58
2016/01/08,100.3
2016/01/09,100.3
2016/01/10,100.3
2016/01/11,100.39
2016/01/12,100.2
2016/01/13,100.57
2016/01/14,100.57
2016/01/15,100.47
2016/01/16,100.47
2016/01/17,100.47
2016/01/18,100.56
2016/01/19,100.65
2016/01/20,99.91
2016/01/21,100.28
2016/01/22,100.74
2016/01/23,100.74
2016/01/24,100.74
2016/01/25,100.83
2016/01/26,100.92
2016/01/27,101.02
2016/01/28,101.01
2016/01/29,101.48
2016/01/30,101.48
2016/01/31,101.48
2016/02/01,101.76
2016/02/02,101.47
2016/02/03,101.47
2016/02/04,102.22
2016/02/05,102.03
2016/02/06,102.03
2016/02/07,102.03
2016/02/08,102.03
2016/02/09,102.03
2016/02/10,102.03
2016/02/11,102.76
2016/02/12,102.39
2016/02/13,102.39
2016/02/14,102.39
2016/02/15,102.48
2016/02/16,102.2
2016/02/17,102.1
2016/02/18,102.1
2016/02/19,101.91
2016/02/20,101.91
2016/02/21,101.91
2016/02/22,102.28
2016/02/23,102.19
2016/02/24,102.09
2016/02/25,102.18
2016/02/26,102.28
2016/02/27,102.28
2016/02/28,102.28
2016/02/29,102.18
2016/03/01,102.46
2016/03/02,102.64
2016/03/03,102.92
2016/03/04,103.2
2016/03/05,103.2
2016/03/06,103.2
2016/03/07,103.28
2016/03/08,103.28
2016/03/09,103.47
2016/03/10,103.37
2016/03/11,103.65
2016/03/12,103.65
2016/03/13,103.65
2016/03/14,103.46
2016/03/15,103.27
2016/03/16,103.18
2016/03/17,104.67
2016/03/18,104.76
2016/03/19,104.76
2016/03/20,104.76
2016/03/21,104.66
2016/03/22,104.75
2016/03/23,104.28
2016/03/24,104.19
2016/03/25,104.19
2016/03/26,104.19
2016/03/27,104.19
2016/03/28,104.19
2016/03/29,104.46
2016/03/30,105.39
2016/03/31,105.86
2016/04/01,105.57
2016/04/02,105.57
2016/04/03,105.57
2016/04/04,105.57
2016/04/05,105.38
2016/04/06,105.38
2016/04/07,105.38
2016/04/08,105.56
2016/04/09,105.56
2016/04/10,105.56
2016/04/11,105.84
2016/04/12,105.83
2016/04/13,105.74
2016/04/14,105.46
2016/04/15,105.55
2016/04/16,105.55
2016/04/17,105.55
2016/04/18,105.73
2016/04/19,106.19
2016/04/20,106.28
2016/04/21,105.72
2016/04/22,105.44
2016/04/23,105.44
2016/04/24,105.44
2016/04/25,105.34
2016/04/26,105.15
2016/04/27,104.96
2016/04/28,105.62
2016/04/29,105.71
2016/04/30,105.71
2016/05/01,105.71
2016/05/02,105.71
2016/05/03,105.42
2016/05/04,105.04
2016/05/05,105.04
2016/05/06,104.95
2016/05/07,104.95
2016/05/08,104.95
2016/05/09,104.76
2016/05/10,104.66
2016/05/11,104.94
2016/05/12,104.94
2016/05/13,104.66
2016/05/14,104.66
2016/05/15,104.66
2016/05/16,104.74
2016/05/17,104.74
2016/05/18,104.27
2016/05/19,103.71
2016/05/20,103.9
2016/05/21,103.9
2016/05/22,103.9
2016/05/23,103.99
2016/05/24,103.71
2016/05/25,103.8
2016/05/26,104.07
2016/05/27,104.07
2016/05/28,104.07
2016/05/29,104.07
2016/05/30,103.7
2016/05/31,103.69
2016/06/01,103.79
2016/06/02,103.88
2016/06/03,104.34
2016/06/04,104.34
2016/06/05,104.34
2016/06/06,104.99
2016/06/07,105.27
2016/06/08,105.55
2016/06/09,105.55
2016/06/10,105.64
2016/06/11,105.64
2016/06/12,105.64
2016/06/13,105.63
2016/06/14,105.44
2016/06/15,105.44
2016/06/16,105.44
2016/06/17,105.44
2016/06/18,105.44
2016/06/19,105.44
2016/06/20,105.71
2016/06/21,105.8
2016/06/22,105.89
2016/06/23,106.08
2016/06/24,105.98
2016/06/25,105.98
2016/06/26,105.98
2016/06/27,105.7
2016/06/28,106.07
2016/06/29,106.44
2016/06/30,106.44
2016/07/01,106.44
2016/07/02,106.44
2016/07/03,106.44
2016/07/04,107.08
2016/07/05,106.89
2016/07/06,106.8
2016/07/07,107.08
2016/07/08,107.17
2016/07/09,107.17
2016/07/10,107.17
2016/07/11,107.44
2016/07/12,107.34
2016/07/13,107.34
2016/07/14,107.53
2016/07/15,107.34
2016/07/16,107.34
2016/07/17,107.34
2016/07/18,107.24
2016/07/19,107.05
2016/07/20,106.86
2016/07/21,106.77
2016/07/22,106.77
2016/07/23,106.77
2016/07/24,106.77
2016/07/25,106.58
2016/07/26,106.85
2016/07/27,106.76
2016/07/28,107.22
2016/07/29,107.6
2016/07/30,107.6
2016/07/31,107.6
2016/08/01,107.87
2016/08/02,107.87
2016/08/03,107.41
2016/08/04,107.5
2016/08/05,107.68
2016/08/06,107.68
2016/08/07,107.68
2016/08/08,107.58
2016/08/09,107.67
2016/08/10,108.32
2016/08/11,108.23
2016/08/12,108.04
2016/08/13,108.04
2016/08/14,108.04
2016/08/15,108.22
2016/08/16,108.4
2016/08/17,108.03
2016/08/18,108.21
2016/08/19,107.84
2016/08/20,107.84
2016/08/21,107.84
2016/08/22,107.56
2016/08/23,107.84
2016/08/24,107.74
2016/08/25,107.93
2016/08/26,108.02
2016/08/27,108.02
2016/08/28,108.02
2016/08/29,107.45
2016/08/30,107.45
2016/08/31,107.54
2016/09/01,107.45
2016/09/02,107.44
2016/09/03,107.44
2016/09/04,107.44
2016/09/05,107.62
2016/09/06,107.9
2016/09/07,108.36
2016/09/08,108.45
2016/09/09,107.8
2016/09/10,107.8
2016/09/11,107.8
2016/09/12,107.24
2016/09/13,107.05
2016/09/14,106.77
2016/09/15,106.86
2016/09/16,106.86
2016/09/17,106.86
2016/09/18,106.86
2016/09/19,106.94
2016/09/20,106.94
2016/09/21,106.94
2016/09/22,107.59
2016/09/23,107.49
2016/09/24,107.49
2016/09/25,107.49
2016/09/26,107.58
2016/09/27,107.67
2016/09/28,107.58
2016/09/29,107.57
2016/09/30,107.67
2016/10/01,107.67
2016/10/02,107.67
2016/10/03,107.57
2016/10/04,107.29
2016/10/05,106.91
2016/10/06,106.72
2016/10/07,106.72
2016/10/08,106.72
2016/10/09,106.72
2016/10/10,106.72
2016/10/11,106.16
2016/10/12,105.88
2016/10/13,105.97
2016/10/14,106.15
2016/10/15,106.15
2016/10/16,106.15
2016/10/17,105.96
2016/10/18,106.33
2016/10/19,106.6
2016/10/20,106.42
2016/10/21,106.42
2016/10/22,106.42
2016/10/23,106.42
2016/10/24,106.32
2016/10/25,106.41
2016/10/26,106.4
2016/10/27,105.94
2016/10/28,105.66
2016/10/29,105.66
2016/10/30,105.66
2016/10/31,105.93
2016/11/01,106.02
2016/11/02,106.2
2016/11/03,106.39
2016/11/04,106.2
2016/11/05,106.2
2016/11/06,106.2
2016/11/07,106.1
2016/11/08,106.19
2016/11/09,105.91
2016/11/10,104.88
2016/11/11,104.14
2016/11/12,104.14
2016/11/13,104.14
2016/11/14,103.3
2016/11/15,103.39
2016/11/16,103.2
2016/11/17,103.11
2016/11/18,102.45
2016/11/19,102.45
2016/11/20,102.45
2016/11/21,102.45
2016/11/22,102.63
2016/11/23,102.44
2016/11/24,102.25
2016/11/25,102.25
2016/11/26,102.25
2016/11/27,102.25
2016/11/28,102.71
2016/11/29,102.71
2016/11/30,102.43
2016/12/01,102.24
2016/12/02,102.24
2016/12/03,102.24
2016/12/04,102.24
2016/12/05,102.42
2016/12/06,102.51
2016/12/07,102.6
2016/12/08,102.69
2016/12/09,102.51
2016/12/10,102.51
2016/12/11,102.51
2016/12/12,102.32
2016/12/13,102.22
2016/12/14,102.4
2016/12/15,101.38
2016/12/16,101.01
2016/12/17,101.01
2016/12/18,101.01
2016/12/19,100.82
2016/12/20,100.54
2016/12/21,100.63
2016/12/22,100.63
2016/12/23,100.35
2016/12/24,100.35
2016/12/25,100.35
2016/12/26,100.35
2016/12/27,100.35
2016/12/28,100.43
2016/12/29,100.71
2016/12/30,100.89
2016/12/31,100.89
2017/01/01,100.89
2017/01/02,100.89
2017/01/03,100.89
2017/01/04,100.98
2017/01/05,101.72
2017/01/06,101.63
2017/01/07,101.63
2017/01/08,101.63
2017/01/09,101.43
2017/01/10,101.8
2017/01/11,101.8
2017/01/12,102.45
2017/01/13,102.35
2017/01/14,102.35
2017/01/15,102.35
2017/01/16,102.26
2017/01/17,102.63
2017/01/18,102.81
2017/01/19,102.34
2017/01/20,102.34
2017/01/21,102.34
2017/01/22,102.34
2017/01/23,102.71
2017/01/24,102.89
2017/01/25,102.7
2017/01/26,102.42
2017/01/27,102.51
2017/01/28,102.51
2017/01/29,102.51
2017/01/30,102.51
2017/01/31,102.51
2017/02/01,102.78
2017/02/02,103.15
2017/02/03,103.15
2017/02/04,103.15
2017/02/05,103.15
2017/02/06,103.24
2017/02/07,103.33
2017/02/08,103.42
2017/02/09,103.33
2017/02/10,103.33
2017/02/11,103.33
2017/02/12,103.33
2017/02/13,103.13
2017/02/14,103.23
2017/02/15,103.22
2017/02/16,103.22
2017/02/17,103.22
2017/02/18,103.22
2017/02/19,103.22
2017/02/20,103.21
2017/02/21,103.12
2017/02/22,103.12
2017/02/23,103.49
2017/02/24,103.67
2017/02/25,103.67
2017/02/26,103.67
2017/02/27,103.85
2017/02/28,103.94
2017/03/01,103.48
2017/03/02,103.1
2017/03/03,102.82
2017/03/04,102.82
2017/03/05,102.82
2017/03/06,103.0
2017/03/07,103.0
2017/03/08,102.72
2017/03/09,102.35
2017/03/10,102.35
2017/03/11,102.35
2017/03/12,102.35
2017/03/13,102.62
2017/03/14,102.62
2017/03/15,102.8
2017/03/16,103.36
2017/03/17,103.45
2017/03/18,103.45
2017/03/19,103.45
2017/03/20,103.91
2017/03/21,104.0
2017/03/22,104.09
2017/03/23,103.99
2017/03/24,103.9
2017/03/25,103.9
2017/03/26,103.9
2017/03/27,104.36
2017/03/28,104.36
2017/03/29,104.35
2017/03/30,104.35
2017/03/31,104.26
2017/04/01,104.26
2017/04/02,104.26
2017/04/03,104.34
2017/04/04,104.34
2017/04/05,104.25
2017/04/06,104.15
2017/04/07,104.06
2017/04/08,104.06
2017/04/09,104.06
2017/04/10,103.87
2017/04/11,103.96
2017/04/12,104.23
2017/04/13,104.69
2017/04/14,104.69
2017/04/15,104.69
2017/04/16,104.69
2017/04/17,104.69
2017/04/18,104.59
2017/04/19,104.59
2017/04/20,104.68
2017/04/21,104.68
2017/04/22,104.68
2017/04/23,104.68
2017/04/24,104.77
2017/04/25,104.67
2017/04/26,104.39
2017/04/27,104.39
2017/04/28,104.39
2017/04/29,104.39
2017/04/30,104.39
2017/05/01,104.39
2017/05/02,104.57
2017/05/03,104.57
2017/05/04,104.38
2017/05/05,104.28
2017/05/06,104.28
2017/05/07,104.28
2017/05/08,104.28
2017/05/09,104.18
2017/05/10,104.18
2017/05/11,104.27
2017/05/12,104.46
2017/05/13,104.46
2017/05/14,104.46
2017/05/15,104.73
2017/05/16,104.91
2017/05/17,105.09
2017/05/18,105.09
2017/05/19,105.18
2017/05/20,105.18
2017/05/21,105.18
2017/05/22,105.27
2017/05/23,105.36
2017/05/24,105.27
2017/05/25,105.54
2017/05/26,105.73
2017/05/27,105.73
2017/05/28,105.73
2017/05/29,105.72
2017/05/30,105.72
2017/05/31,105.81
2017/06/01,105.71
2017/06/02,105.81
2017/06/03,105.81
2017/06/04,105.81
2017/06/05,106.17
2017/06/06,106.35
2017/06/07,106.44
2017/06/08,106.35
2017/06/09,106.16
2017/06/10,106.16
2017/06/11,106.16
2017/06/12,106.07
2017/06/13,106.16
2017/06/14,106.52
2017/06/15,106.43
2017/06/16,106.33
2017/06/17,106.33
2017/06/18,106.33
2017/06/19,106.33
2017/06/20,106.23
2017/06/21,106.14
2017/06/22,106.23
2017/06/23,106.41
2017/06/24,106.41
2017/06/25,106.41
2017/06/26,106.41
2017/06/27,106.5
2017/06/28,106.22
2017/06/29,106.22
2017/06/30,106.03
2017/07/01,106.03
2017/07/02,106.03
2017/07/03,105.65
2017/07/04,105.65
2017/07/05,105.65
2017/07/06,105.65
2017/07/07,105.46
2017/07/08,105.46
2017/07/09,105.46
2017/07/10,105.46
2017/07/11,105.45
2017/07/12,105.82
2017/07/13,106.19
2017/07/14,106.28
2017/07/15,106.28
2017/07/16,106.28
2017/07/17,106.46
2017/07/18,106.83
2017/07/19,106.92
2017/07/20,106.92
2017/07/21,107.1
2017/07/22,107.1
2017/07/23,107.1
2017/07/24,107.19
2017/07/25,107.19
2017/07/26,107.0
2017/07/27,107.37
2017/07/28,107.37
2017/07/29,107.37
2017/07/30,107.37
2017/07/31,107.36
2017/08/01,107.27
2017/08/02,107.26
2017/08/03,107.26
2017/08/04,107.26
2017/08/05,107.26
2017/08/06,107.26
2017/08/07,107.16
2017/08/08,107.16
2017/08/09,106.97
2017/08/10,106.97
2017/08/11,107.06
2017/08/12,107.06
2017/08/13,107.06
2017/08/14,107.15
2017/08/15,106.87
2017/08/16,106.87
2017/08/17,107.05
2017/08/18,107.14
2017/08/19,107.14
2017/08/20,107.14
2017/08/21,107.32
2017/08/22,107.23
2017/08/23,107.23
2017/08/24,107.22
2017/08/25,107.32
2017/08/26,107.32
2017/08/27,107.32
2017/08/28,107.59
2017/08/29,107.86
2017/08/30,107.68
2017/08/31,107.67
2017/09/01,107.95
2017/09/02,107.95
2017/09/03,107.95
2017/09/04,107.94
2017/09/05,108.03
2017/09/06,108.22
2017/09/07,108.49
2017/09/08,108.77
2017/09/09,108.77
2017/09/10,108.77
2017/09/11,108.48
2017/09/12,108.39
2017/09/13,108.3
2017/09/14,108.02
2017/09/15,108.2
2017/09/16,108.2
2017/09/17,108.2
2017/09/18,108.1
2017/09/19,107.92
2017/09/20,108.01
2017/09/21,107.63
2017/09/22,107.82
2017/09/23,107.82
2017/09/24,107.82
2017/09/25,107.81
2017/09/26,107.53
2017/09/27,107.16
2017/09/28,106.79
2017/09/29,106.97
2017/09/30,106.97
2017/10/01,106.97
2017/10/02,106.97
2017/10/03,106.69
2017/10/04,106.78
2017/10/05,106.78
2017/10/06,106.59
2017/10/07,106.59
2017/10/08,106.59
2017/10/09,106.58
2017/10/10,106.86
2017/10/11,106.86
2017/10/12,107.13
2017/10/13,107.41
2017/10/14,107.41
2017/10/15,107.41
2017/10/16,107.49
2017/10/17,107.21
2017/10/18,107.21
2017/10/19,106.93
2017/10/20,106.65
2017/10/21,106.65
2017/10/22,106.65
2017/10/23,106.55
2017/10/24,106.55
2017/10/25,106.27
2017/10/26,106.18
2017/10/27,105.99
2017/10/28,105.99
2017/10/29,105.99
2017/10/30,106.26
2017/10/31,106.45
2017/11/01,106.54
2017/11/02,106.81
2017/11/03,106.72
2017/11/04,106.72
2017/11/05,106.72
2017/11/06,106.81
2017/11/07,106.8
2017/11/08,106.8
2017/11/09,106.8
2017/11/10,106.89
2017/11/11,106.89
2017/11/12,106.89
2017/11/13,106.7
2017/11/14,106.61
2017/11/15,106.88
2017/11/16,106.97
2017/11/17,107.06
2017/11/18,107.06
2017/11/19,107.06
2017/11/20,107.15
2017/11/21,107.24
2017/11/22,107.51
2017/11/23,107.7
2017/11/24,107.69
2017/11/25,107.69
2017/11/26,107.69
2017/11/27,107.5
2017/11/28,107.59
2017/11/29,107.87
2017/11/30,107.59
2017/12/01,107.68
2017/12/02,107.68
2017/12/03,107.68
2017/12/04,107.67
2017/12/05,107.76
2017/12/06,107.58
2017/12/07,107.48
2017/12/08,107.39
2017/12/09,107.39
2017/12/10,107.39
2017/12/11,107.57
2017/12/12,107.66
2017/12/13,107.75
2017/12/14,107.93
2017/12/15,108.11
2017/12/16,108.11
2017/12/17,108.11
2017/12/18,108.2
2017/12/19,108.1
2017/12/20,108.1
2017/12/21,108.01
2017/12/22,107.91
2017/12/23,107.91
2017/12/24,107.91
2017/12/25,107.91
2017/12/26,107.91
2017/12/27,108.0
2017/12/28,108.55
2017/12/29,108.73
2017/12/30,108.73
2017/12/31,108.73
2018/01/01,108.73
2018/01/02,109.0
2018/01/03,109.0
2018/01/04,109.18
2018/01/05,109.27
2018/01/06,109.27
2018/01/07,109.27
2018/01/08,109.17
2018/01/09,108.9
2018/01/10,108.8
2018/01/11,109.08
2018/01/12,109.35
2018/01/13,109.35
2018/01/14,109.35
2018/01/15,109.71
2018/01/16,109.53
2018/01/17,109.34
2018/01/18,109.34
2018/01/19,109.25
2018/01/20,109.25
2018/01/21,109.25
2018/01/22,109.24
2018/01/23,109.33
2018/01/24,109.79
2018/01/25,110.06
2018/01/26,110.06
2018/01/27,110.06
2018/01/28,110.06
2018/01/29,109.69
2018/01/30,109.5
2018/01/31,109.77
2018/02/01,109.59
2018/02/02,109.13
2018/02/03,109.13
2018/02/04,109.13
2018/02/05,108.85
2018/02/06,108.94
2018/02/07,108.85
2018/02/08,108.39
2018/02/09,108.39
2018/02/10,108.39
2018/02/11,108.39
2018/02/12,108.47
2018/02/13,108.74
2018/02/14,109.1
2018/02/15,109.01
2018/02/16,109.01
2018/02/17,109.01
2018/02/18,109.01
2018/02/19,109.01
2018/02/20,108.82
2018/02/21,108.81
2018/02/22,108.53
2018/02/23,108.62
2018/02/24,108.62
2018/02/25,108.62
2018/02/26,109.08
2018/02/27,108.99
2018/02/28,108.62
2018/03/01,108.61
2018/03/02,108.89
2018/03/03,108.89
2018/03/04,108.89
2018/03/05,108.88
2018/03/06,108.88
2018/03/07,108.97
2018/03/08,108.78
2018/03/09,108.78
2018/03/10,108.78
2018/03/11,108.78
2018/03/12,108.96
2018/03/13,109.14
2018/03/14,109.32
2018/03/15,109.32
2018/03/16,109.23
2018/03/17,109.23
2018/03/18,109.23
2018/03/19,108.94
2018/03/20,108.94
2018/03/21,108.76
2018/03/22,108.85
2018/03/23,108.94
2018/03/24,108.94
2018/03/25,108.94
2018/03/26,109.02
2018/03/27,109.21
2018/03/28,109.39
2018/03/29,109.39
2018/03/30,109.39
2018/03/31,109.39
2018/04/01,109.39
2018/04/02,109.39
2018/04/03,109.65
2018/04/04,109.56
2018/04/05,109.56
2018/04/06,109.37
2018/04/07,109.37
2018/04/08,109.37
2018/04/09,109.46
2018/04/10,109.64
2018/04/11,109.73
2018/04/12,109.73
2018/04/13,109.54
2018/04/14,109.54
2018/04/15,109.54
2018/04/16,109.26
2018/04/17,109.26
2018/04/18,109.17
2018/04/19,109.07
2018/04/20,108.52
2018/04/21,108.52
2018/04/22,108.52
2018/04/23,107.96
2018/04/24,107.96
2018/04/25,107.49
2018/04/26,107.49
2018/04/27,107.67
2018/04/28,107.67
2018/04/29,107.67
2018/04/30,107.85
2018/05/01,107.85
2018/05/02,107.39
2018/05/03,107.48
2018/05/04,107.48
2018/05/05,107.48
2018/05/06,107.48
2018/05/07,107.38
2018/05/08,107.19
2018/05/09,106.91
2018/05/10,107.19
2018/05/11,107.55
2018/05/12,107.55
2018/05/13,107.55
2018/05/14,107.54
2018/05/15,106.99
2018/05/16,106.81
2018/05/17,106.62
2018/05/18,106.62
2018/05/19,106.62
2018/05/20,106.62
2018/05/21,106.61
2018/05/22,106.61
2018/05/23,106.79
2018/05/24,107.07
2018/05/25,107.16
2018/05/26,107.16
2018/05/27,107.16
2018/05/28,107.15
2018/05/29,107.24
2018/05/30,107.42
2018/05/31,107.61
2018/06/01,107.51
2018/06/02,107.51
2018/06/03,107.51
2018/06/04,107.51
2018/06/05,107.51
2018/06/06,107.6
2018/06/07,107.41
2018/06/08,107.22
2018/06/09,107.22
2018/06/10,107.22
2018/06/11,107.31
2018/06/12,107.22
2018/06/13,107.21
2018/06/14,107.03
2018/06/15,106.66
2018/06/16,106.66
2018/06/17,106.66
2018/06/18,106.66
2018/06/19,106.37
2018/06/20,106.28
2018/06/21,105.91
2018/06/22,106.09
2018/06/23,106.09
2018/06/24,106.09
2018/06/25,106.09
2018/06/26,106.08
2018/06/27,105.99
2018/06/28,105.89
2018/06/29,105.98
2018/06/30,105.98
2018/07/01,105.98
2018/07/02,105.98
2018/07/03,105.98
2018/07/04,106.16
2018/07/05,106.16
2018/07/06,106.43
2018/07/07,106.43
2018/07/08,106.43
2018/07/09,106.61
2018/07/10,106.42
2018/07/11,106.33
2018/07/12,106.14
2018/07/13,106.14
2018/07/14,106.14
2018/07/15,106.14
2018/07/16,106.14
2018/07/17,106.13
2018/07/18,106.04
2018/07/19,105.76
2018/07/20,106.13
2018/07/21,106.13
2018/07/22,106.13
2018/07/23,106.03
2018/07/24,105.85
2018/07/25,106.12
2018/07/26,106.12
2018/07/27,106.21
2018/07/28,106.21
2018/07/29,106.21
2018/07/30,106.2
2018/07/31,106.29
2018/08/01,106.11
2018/08/02,105.92
2018/08/03,105.92
2018/08/04,105.92
2018/08/05,105.92
2018/08/06,106.0
2018/08/07,106.28
2018/08/08,106.28
2018/08/09,106.27
2018/08/10,106.18
2018/08/11,106.18
2018/08/12,106.18
2018/08/13,106.08
2018/08/14,106.08
2018/08/15,105.8
2018/08/16,105.98
2018/08/17,106.07
2018/08/18,106.07
2018/08/19,106.07
2018/08/20,106.25
2018/08/21,106.62
2018/08/22,106.62
2018/08/23,106.43
2018/08/24,106.61
2018/08/25,106.61
2018/08/26,106.61
2018/08/27,106.88
2018/08/28,106.79
2018/08/29,106.6
2018/08/30,106.51
2018/08/31,106.42
2018/09/01,106.42
2018/09/02,106.42
2018/09/03,106.32
2018/09/04,106.04
2018/09/05,105.95
2018/09/06,106.04
2018/09/07,105.94
2018/09/08,105.94
2018/09/09,105.94
2018/09/10,105.57
2018/09/11,105.47
2018/09/12,105.56
2018/09/13,105.65
2018/09/14,105.74
2018/09/15,105.74
2018/09/16,105.74
2018/09/17,105.55
2018/09/18,105.55
2018/09/19,105.55
2018/09/20,105.64
2018/09/21,105.36
2018/09/22,105.36
2018/09/23,105.36
2018/09/24,105.36
2018/09/25,105.36
2018/09/26,105.35
2018/09/27,105.44
2018/09/28,105.72
2018/09/29,105.72
2018/09/30,105.72
2018/10/01,105.72
2018/10/02,105.62
2018/10/03,105.52
2018/10/04,104.79
2018/10/05,104.6
2018/10/06,104.6
2018/10/07,104.6
2018/10/08,104.32
2018/10/09,104.31
2018/10/10,104.5
2018/10/11,104.77
2018/10/12,104.86
2018/10/13,104.86
2018/10/14,104.86
2018/10/15,105.13
2018/10/16,105.13
2018/10/17,105.13
2018/10/18,105.03
2018/10/19,105.12
2018/10/20,105.12
2018/10/21,105.12
2018/10/22,104.93
2018/10/23,104.84
2018/10/24,105.02
2018/10/25,105.02
2018/10/26,105.02
2018/10/27,105.02
2018/10/28,105.02
2018/10/29,105.2
2018/10/30,105.19
2018/10/31,104.92
2018/11/01,105.28
2018/11/02,105.37
2018/11/03,105.37
2018/11/04,105.37
2018/11/05,105.37
2018/11/06,105.46
2018/11/07,105.73
2018/11/08,105.73
2018/11/09,105.45
2018/11/10,105.45
2018/11/11,105.45
2018/11/12,105.26
2018/11/13,105.35
2018/11/14,105.53
2018/11/15,105.81
2018/11/16,105.99
2018/11/17,105.99
2018/11/18,105.99
2018/11/19,106.26
2018/11/20,106.16
2018/11/21,106.16
2018/11/22,106.16
2018/11/23,106.06
2018/11/24,106.06
2018/11/25,106.06
2018/11/26,106.15
2018/11/27,106.15
2018/11/28,106.14
2018/11/29,106.59
2018/11/30,106.59
2018/12/01,106.59
2018/12/02,106.59
2018/12/03,106.86
2018/12/04,107.13
2018/12/05,107.04
2018/12/06,107.04
2018/12/07,107.13
2018/12/08,107.13
2018/12/09,107.13
2018/12/10,107.21
2018/12/11,106.93
2018/12/12,106.84
2018/12/13,106.84
2018/12/14,106.65
2018/12/15,106.65
2018/12/16,106.65
2018/12/17,106.83
2018/12/18,107.2
2018/12/19,107.47
2018/12/20,107.47
2018/12/21,107.37
2018/12/22,107.37
2018/12/23,107.37
2018/12/24,107.37
2018/12/25,107.37
2018/12/26,107.37
2018/12/27,107.54
2018/12/28,107.73
2018/12/29,107.73
2018/12/30,107.73
2018/12/31,107.99
2019/01/01,107.99
2019/01/02,108.17
2019/01/03,108.26
2019/01/04,108.63
2019/01/05,108.63
2019/01/06,108.63
2019/01/07,108.62
2019/01/08,108.34
2019/01/09,108.43
2019/01/10,108.8
2019/01/11,108.89
2019/01/12,108.89
2019/01/13,108.89
2019/01/14,108.97
2019/01/15,108.88
2019/01/16,108.88
2019/01/17,108.69
2019/01/18,108.6
2019/01/19,108.6
2019/01/20,108.6
2019/01/21,108.41
2019/01/22,108.41
2019/01/23,108.59
2019/01/24,108.68
2019/01/25,109.04
2019/01/26,109.04
2019/01/27,109.04
2019/01/28,109.13
2019/01/29,109.22
2019/01/30,109.4
2019/01/31,110.13
2019/02/01,110.13
2019/02/02,110.13
2019/02/03,110.13
2019/02/04,109.94
2019/02/05,109.94
2019/02/06,109.94
2019/02/07,109.94
2019/02/08,109.93
2019/02/09,109.93
2019/02/10,109.93
2019/02/11,109.83
2019/02/12,109.74
2019/02/13,109.83
2019/02/14,109.83
2019/02/15,109.92
2019/02/16,109.92
2019/02/17,109.92
2019/02/18,110.0
2019/02/19,110.09
2019/02/20,110.45
2019/02/21,110.09
2019/02/22,110.18
2019/02/23,110.18
2019/02/24,110.18
2019/02/25,110.44
2019/02/26,110.44
2019/02/27,110.35
2019/02/28,110.07
2019/03/01,109.7
2019/03/02,109.7
2019/03/03,109.7
2019/03/04,109.61
2019/03/05,109.6
2019/03/06,109.6
2019/03/07,109.69
2019/03/08,109.78
2019/03/09,109.78
2019/03/10,109.78
2019/03/11,109.87
2019/03/12,110.05
2019/03/13,110.14
2019/03/14,109.95
2019/03/15,110.04
2019/03/16,110.04
2019/03/17,110.04
2019/03/18,110.31
2019/03/19,110.4
2019/03/20,110.4
2019/03/21,110.85
2019/03/22,110.85
2019/03/23,110.85
2019/03/24,110.85
2019/03/25,111.21
2019/03/26,111.39
2019/03/27,111.3
2019/03/28,111.29
2019/03/29,111.29
2019/03/30,111.29
2019/03/31,111.29
2019/04/01,111.1
2019/04/02,110.92
2019/04/03,111.01
2019/04/04,110.91
2019/04/05,110.91
2019/04/06,110.91
2019/04/07,110.91
2019/04/08,110.72
2019/04/09,110.72
2019/04/10,110.54
2019/04/11,110.63
2019/04/12,110.71
2019/04/13,110.71
2019/04/14,110.71
2019/04/15,110.62
2019/04/16,110.52
2019/04/17,110.43
2019/04/18,110.34
2019/04/19,110.34
2019/04/20,110.34
2019/04/21,110.34
2019/04/22,110.34
2019/04/23,110.05
2019/04/24,109.87
2019/04/25,109.77
2019/04/26,109.95
2019/04/27,109.95
2019/04/28,109.95
2019/04/29,110.04
2019/04/30,110.04
2019/05/01,110.04
2019/05/02,109.76
2019/05/03,109.67
2019/05/04,109.67
2019/05/05,109.67
2019/05/06,109.75
2019/05/07,109.93
2019/05/08,110.02
2019/05/09,109.84
2019/05/10,110.02
2019/05/11,110.02
2019/05/12,110.02
2019/05/13,110.02
2019/05/14,109.83
2019/05/15,109.82
2019/05/16,109.91
2019/05/17,109.73
2019/05/18,109.73
2019/05/19,109.73
2019/05/20,109.72
2019/05/21,109.54
2019/05/22,109.44
2019/05/23,109.62
2019/05/24,109.99
2019/05/25,109.99
2019/05/26,109.99
2019/05/27,109.98
2019/05/28,110.07
2019/05/29,110.25
2019/05/30,110.07
2019/05/31,110.43
2019/06/01,110.43
2019/06/02,110.43
2019/06/03,110.79
2019/06/04,111.06
2019/06/05,111.15
2019/06/06,111.15
2019/06/07,111.15
2019/06/08,111.15
2019/06/09,111.15
2019/06/10,111.05
2019/06/11,111.05
2019/06/12,111.05
2019/06/13,111.23
2019/06/14,111.32
2019/06/15,111.32
2019/06/16,111.32
2019/06/17,111.13
2019/06/18,111.22
2019/06/19,111.4
2019/06/20,112.31
2019/06/21,112.12
2019/06/22,112.12
2019/06/23,112.12
2019/06/24,112.39
2019/06/25,112.57
2019/06/26,112.48
2019/06/27,112.48
2019/06/28,112.66
2019/06/29,112.66
2019/06/30,112.66
2019/07/01,112.66
2019/07/02,112.37
2019/07/03,112.74
2019/07/04,112.64
2019/07/05,112.64
2019/07/06,112.64
2019/07/07,112.64
2019/07/08,112.45
2019/07/09,112.27
2019/07/10,112.36
2019/07/11,112.9
2019/07/12,112.54
2019/07/13,112.54
2019/07/14,112.54
2019/07/15,112.71
2019/07/16,112.8
2019/07/17,112.62
2019/07/18,112.98
2019/07/19,113.07
2019/07/20,113.07
2019/07/21,113.07
2019/07/22,112.97
2019/07/23,112.79
2019/07/24,112.78
2019/07/25,112.87
2019/07/26,112.69
2019/07/27,112.69
2019/07/28,112.69
2019/07/29,112.5
2019/07/30,112.59
2019/07/31,112.77
2019/08/01,112.49
2019/08/02,112.67
2019/08/03,112.67
2019/08/04,112.67
2019/08/05,112.85
2019/08/06,112.94
2019/08/07,113.21
2019/08/08,113.76
2019/08/09,113.94
2019/08/10,113.94
2019/08/11,113.94
2019/08/12,113.75
2019/08/13,113.75
2019/08/14,113.74
2019/08/15,114.01
2019/08/16,114.29
2019/08/17,114.29
2019/08/18,114.29
2019/08/19,114.28
2019/08/20,114.19
2019/08/21,114.09
2019/08/22,113.82
2019/08/23,113.72
2019/08/24,113.72
2019/08/25,113.72
2019/08/26,114.08
2019/08/27,114.17
2019/08/28,114.17
2019/08/29,114.07
2019/08/30,113.8
2019/08/31,113.8
2019/09/01,113.8
2019/09/02,113.79
2019/09/03,113.79
2019/09/04,114.15
2019/09/05,114.24
2019/09/06,114.06
2019/09/07,114.06
2019/09/08,114.06
2019/09/09,114.05
2019/09/10,113.87
2019/09/11,113.59
2019/09/12,113.68
2019/09/13,113.59
2019/09/14,113.59
2019/09/15,113.59
2019/09/16,113.22
2019/09/17,113.21
2019/09/18,113.39
2019/09/19,113.39
2019/09/20,113.57
2019/09/21,113.57
2019/09/22,113.57
2019/09/23,113.66
2019/09/24,113.66
2019/09/25,113.65
2019/09/26,113.47
2019/09/27,113.56
2019/09/28,113.56
2019/09/29,113.56
2019/09/30,113.55
2019/10/01,113.55
2019/10/02,113.36
2019/10/03,113.73
2019/10/04,114.27
2019/10/05,114.27
2019/10/06,114.27
2019/10/07,114.27
2019/10/08,113.9
2019/10/09,113.9
2019/10/10,113.8
2019/10/11,113.71
2019/10/12,113.71
2019/10/13,113.71
2019/10/14,113.61
2019/10/15,113.61
2019/10/16,113.34
2019/10/17,113.61
2019/10/18,113.61
2019/10/19,113.61
2019/10/20,113.61
2019/10/21,113.69
2019/10/22,113.6
2019/10/23,113.69
2019/10/24,113.59
2019/10/25,113.68
2019/10/26,113.68
2019/10/27,113.68
2019/10/28,113.49
2019/10/29,113.49
2019/10/30,113.58
2019/10/31,113.76
2019/11/01,114.03
2019/11/02,114.03
2019/11/03,114.03
2019/11/04,113.93
2019/11/05,113.84
2019/11/06,113.56
2019/11/07,113.47
2019/11/08,113.1
2019/11/09,113.1
2019/11/10,113.1
2019/11/11,112.92
2019/11/12,112.91
2019/11/13,112.91
2019/11/14,112.82
2019/11/15,113.0
2019/11/16,113.0
2019/11/17,113.0
2019/11/18,113.08
2019/11/19,113.26
2019/11/20,113.35
2019/11/21,113.35
2019/11/22,113.17
2019/11/23,113.17
2019/11/24,113.17
2019/11/25,113.16
2019/11/26,113.34
2019/11/27,113.5
2019/11/28,113.32
2019/11/29,113.41
2019/11/30,113.41
2019/12/01,113.41
2019/12/02,113.31
2019/12/03,113.13
2019/12/04,113.4
2019/12/05,113.3
2019/12/06,113.3
2019/12/07,113.3
2019/12/08,113.3
2019/12/09,113.3
2019/12/10,113.29
2019/12/11,113.2
2019/12/12,113.38
2019/12/13,113.11
2019/12/14,113.11
2019/12/15,113.11
2019/12/16,113.37
2019/12/17,113.19
2019/12/18,113.09
2019/12/19,113.18
2019/12/20,113.27
2019/12/21,113.27
2019/12/22,113.27
2019/12/23,113.17
2019/12/24,113.35
2019/12/25,113.35
2019/12/26,113.35
2019/12/27,113.53
2019/12/28,113.53
2019/12/29,113.53
2019/12/30,113.71
2019/12/31,113.8
2020/01/01,113.8
2020/01/02,113.79
2020/01/03,113.79
2020/01/04,113.79
2020/01/05,113.79
2020/01/06,113.87
2020/01/07,113.87
2020/01/08,113.87
2020/01/09,113.69
2020/01/10,114.05
2020/01/11,114.05
2020/01/12,114.05
2020/01/13,114.22
2020/01/14,114.13
2020/01/15,114.22
2020/01/16,114.22
2020/01/17,114.03
2020/01/18,114.03
2020/01/19,114.03
2020/01/20,114.03
2020/01/21,114.02
2020/01/22,114.02
2020/01/23,114.2
2020/01/24,114.29
2020/01/25,114.29
2020/01/26,114.29
2020/01/27,114.29
2020/01/28,114.29
2020/01/29,114.1
2020/01/30,114.1
2020/01/31,114.0
2020/02/01,114.0
2020/02/02,114.0
2020/02/03,114.09
2020/02/04,114.08
2020/02/05,113.9
2020/02/06,113.72
2020/02/07,113.62
2020/02/08,113.62
2020/02/09,113.62
2020/02/10,113.71
2020/02/11,113.98
2020/02/12,114.07
2020/02/13,113.97
2020/02/14,113.97
2020/02/15,113.97
2020/02/16,113.97
2020/02/17,114.06
2020/02/18,114.15
2020/02/19,114.05
2020/02/20,113.87
2020/02/21,113.96
2020/02/22,113.96
2020/02/23,113.96
2020/02/24,114.04
2020/02/25,113.95
2020/02/26,114.04
2020/02/27,114.22
2020/02/28,114.22
2020/02/29,114.22
2020/03/01,114.22
2020/03/02,114.76
2020/03/03,114.75
2020/03/04,115.67
2020/03/05,115.57
2020/03/06,115.93
2020/03/07,115.93
2020/03/08,115.93
2020/03/09,116.38
2020/03/10,115.29
2020/03/11,115.29
2020/03/12,113.83
2020/03/13,111.83
2020/03/14,111.83
2020/03/15,111.83
2020/03/16,111.92
2020/03/17,110.55
2020/03/18,108.99
2020/03/19,107.62
2020/03/20,108.53
2020/03/21,108.53
2020/03/22,108.53
2020/03/23,108.16
2020/03/24,108.8
2020/03/25,109.34
2020/03/26,110.44
2020/03/27,111.35
2020/03/28,111.35
2020/03/29,111.35
2020/03/30,111.34
2020/03/31,111.34
2020/04/01,111.15
2020/04/02,110.88
2020/04/03,110.79
2020/04/04,110.79
2020/04/05,110.79
2020/04/06,110.96
2020/04/07,111.14
2020/04/08,111.23
2020/04/09,111.87
2020/04/10,111.87
2020/04/11,111.87
2020/04/12,111.87
2020/04/13,111.87
2020/04/14,112.49
2020/04/15,112.49
2020/04/16,112.4
2020/04/17,112.85
2020/04/18,112.85
2020/04/19,112.85
2020/04/20,113.02
2020/04/21,112.66
2020/04/22,112.93
2020/04/23,113.2
2020/04/24,113.11
2020/04/25,113.11
2020/04/26,113.11
2020/04/27,113.37
2020/04/28,113.46
2020/04/29,113.91
2020/04/30,113.91
2020/05/01,113.91
2020/05/02,113.91
2020/05/03,113.91
2020/05/04,113.81
2020/05/05,113.99
2020/05/06,113.72
2020/05/07,113.72
2020/05/08,114.35
2020/05/09,114.35
2020/05/10,114.35
2020/05/11,114.07
2020/05/12,114.34
2020/05/13,114.34
2020/05/14,114.25
2020/05/15,114.24
2020/05/16,114.24
2020/05/17,114.24
2020/05/18,114.42
2020/05/19,114.69
2020/05/20,114.87
2020/05/21,115.05
2020/05/22,114.5
2020/05/23,114.5
2020/05/24,114.5
2020/05/25,114.49
2020/05/26,115.04
2020/05/27,114.67
2020/05/28,114.67
2020/05/29,114.76
2020/05/30,114.76
2020/05/31,114.76
2020/06/01,115.48
2020/06/02,115.93
2020/06/03,116.11
2020/06/04,116.02
2020/06/05,115.93
2020/06/06,115.93
2020/06/07,115.93
2020/06/08,116.01
2020/06/09,116.46
2020/06/10,116.82
2020/06/11,117.0
2020/06/12,116.55
2020/06/13,116.55
2020/06/14,116.55
2020/06/15,116.45
2020/06/16,116.36
2020/06/17,116.45
2020/06/18,116.63
2020/06/19,116.53
2020/06/20,116.53
2020/06/21,116.53
2020/06/22,116.62
2020/06/23,116.8
2020/06/24,116.79
2020/06/25,116.79
2020/06/26,116.7
2020/06/27,116.7
2020/06/28,116.7
2020/06/29,116.78
2020/06/30,116.78
2020/07/01,116.78
2020/07/02,116.78
2020/07/03,116.77
2020/07/04,116.77
2020/07/05,116.77
2020/07/06,116.86
2020/07/07,117.04
2020/07/08,117.13
2020/07/09,117.12
2020/07/10,117.21
2020/07/11,117.21
2020/07/12,117.21
2020/07/13,117.3
2020/07/14,117.2
2020/07/15,117.47
2020/07/16,117.38
2020/07/17,117.47
2020/07/18,117.47
2020/07/19,117.47
2020/07/20,117.55
2020/07/21,117.82
2020/07/22,118.09
2020/07/23,118.09
2020/07/24,118.09
2020/07/25,118.09
2020/07/26,118.09
2020/07/27,118.44
2020/07/28,118.35
2020/07/29,118.71
2020/07/30,118.71
2020/07/31,119.07
2020/08/01,119.07
2020/08/02,119.07
2020/08/03,118.79
2020/08/04,118.97
2020/08/05,119.51
2020/08/06,119.42
2020/08/07,119.33
2020/08/08,119.33
2020/08/09,119.33
2020/08/10,119.05
2020/08/11,119.14
2020/08/12,118.86
2020/08/13,118.86
2020/08/14,118.68
2020/08/15,118.68
2020/08/16,118.68
2020/08/17,118.76
2020/08/18,118.94
2020/08/19,119.12
2020/08/20,118.66
2020/08/21,118.57
2020/08/22,118.57
2020/08/23,118.57
2020/08/24,118.66
2020/08/25,118.65
2020/08/26,118.65
2020/08/27,118.74
2020/08/28,118.83
2020/08/29,118.83
2020/08/30,118.83
2020/08/31,118.91
2020/09/01,119.0
2020/09/02,119.0
2020/09/03,118.81
2020/09/04,118.63
2020/09/05,118.63
2020/09/06,118.63
2020/09/07,118.62
2020/09/08,118.53
2020/09/09,118.8
2020/09/10,118.8
2020/09/11,118.8
2020/09/12,118.8
2020/09/13,118.8
2020/09/14,118.97
2020/09/15,119.15
2020/09/16,119.33
2020/09/17,119.14
2020/09/18,119.51
2020/09/19,119.51
2020/09/20,119.51
2020/09/21,119.23
2020/09/22,119.04
2020/09/23,118.86
2020/09/24,118.49
2020/09/25,118.49
2020/09/26,118.49
2020/09/27,118.49
2020/09/28,118.49
2020/09/29,118.85
2020/09/30,119.02
2020/10/01,119.02
2020/10/02,119.02
2020/10/03,119.02
2020/10/04,119.02
2020/10/05,119.19
2020/10/06,119.19
2020/10/07,119.1
2020/10/08,119.19
2020/10/09,119.55
2020/10/10,119.55
2020/10/11,119.55
2020/10/12,119.45
2020/10/13,119.45
2020/10/14,119.63
2020/10/15,119.53
2020/10/16,119.53
2020/10/17,119.53
2020/10/18,119.53
2020/10/19,119.62
2020/10/20,119.52
2020/10/21,119.7
2020/10/22,119.7
