Date,全球基金_Price
2007/12/01,100.0
2007/12/02,100.0
2007/12/03,100.0
2007/12/04,100.0
2007/12/05,100.47
2007/12/06,101.22
2007/12/07,101.1
2007/12/08,101.1
2007/12/09,101.1
2007/12/10,101.57
2007/12/11,99.36
2007/12/12,100.13
2007/12/13,99.46
2007/12/14,97.83
2007/12/15,97.83
2007/12/16,97.83
2007/12/17,95.93
2007/12/18,97.02
2007/12/19,96.77
2007/12/20,97.51
2007/12/21,99.1
2007/12/22,99.1
2007/12/23,99.1
2007/12/24,98.96
2007/12/25,98.96
2007/12/26,98.96
2007/12/27,98.6
2007/12/28,98.67
2007/12/29,98.67
2007/12/30,98.67
2007/12/31,98.09
2008/01/01,98.09
2008/01/02,97.28
2008/01/03,97.45
2008/01/04,94.94
2008/01/05,94.94
2008/01/06,94.94
2008/01/07,94.93
2008/01/08,94.12
2008/01/09,95.36
2008/01/10,96.07
2008/01/11,94.5
2008/01/12,94.5
2008/01/13,94.5
2008/01/14,95.55
2008/01/15,92.82
2008/01/16,91.32
2008/01/17,88.87
2008/01/18,89.04
2008/01/19,89.04
2008/01/20,89.04
2008/01/21,89.05
2008/01/22,87.54
2008/01/23,88.63
2008/01/24,90.46
2008/01/25,89.1
2008/01/26,89.1
2008/01/27,89.1
2008/01/28,90.62
2008/01/29,91.24
2008/01/30,90.95
2008/01/31,92.24
2008/02/01,93.52
2008/02/02,93.52
2008/02/03,93.52
2008/02/04,92.77
2008/02/05,89.34
2008/02/06,88.88
2008/02/07,88.88
2008/02/08,88.88
2008/02/09,88.88
2008/02/10,88.88
2008/02/11,89.86
2008/02/12,90.87
2008/02/13,92.14
2008/02/14,91.13
2008/02/15,91.06
2008/02/16,91.06
2008/02/17,91.06
2008/02/18,91.07
2008/02/19,91.73
2008/02/20,92.48
2008/02/21,91.8
2008/02/22,92.74
2008/02/23,92.74
2008/02/24,92.74
2008/02/25,94.0
2008/02/26,95.0
2008/02/27,95.3
2008/02/28,94.58
2008/02/29,91.77
2008/03/01,91.77
2008/03/02,91.77
2008/03/03,92.12
2008/03/04,91.23
2008/03/05,92.25
2008/03/06,90.15
2008/03/07,89.16
2008/03/08,89.16
2008/03/09,89.16
2008/03/10,87.91
2008/03/11,91.23
2008/03/12,90.89
2008/03/13,91.21
2008/03/14,89.3
2008/03/15,89.3
2008/03/16,89.3
2008/03/17,87.71
2008/03/18,91.2
2008/03/19,87.99
2008/03/20,89.37
2008/03/21,89.37
2008/03/22,89.37
2008/03/23,89.37
2008/03/24,89.37
2008/03/25,91.87
2008/03/26,91.42
2008/03/27,91.14
2008/03/28,90.64
2008/03/29,90.64
2008/03/30,90.64
2008/03/31,91.15
2008/04/01,94.32
2008/04/02,94.48
2008/04/03,94.79
2008/04/04,94.79
2008/04/05,94.79
2008/04/06,94.79
2008/04/07,95.33
2008/04/08,94.94
2008/04/09,94.1
2008/04/10,94.27
2008/04/11,92.73
2008/04/12,92.73
2008/04/13,92.73
2008/04/14,92.69
2008/04/15,93.33
2008/04/16,95.57
2008/04/17,95.55
2008/04/18,96.63
2008/04/19,96.63
2008/04/20,96.63
2008/04/21,97.14
2008/04/22,96.44
2008/04/23,96.53
2008/04/24,96.23
2008/04/25,96.6
2008/04/26,96.6
2008/04/27,96.6
2008/04/28,96.74
2008/04/29,95.59
2008/04/30,96.37
2008/05/01,96.37
2008/05/02,98.19
2008/05/03,98.19
2008/05/04,98.19
2008/05/05,98.22
2008/05/06,98.96
2008/05/07,97.01
2008/05/08,97.62
2008/05/09,97.02
2008/05/10,97.02
2008/05/11,97.02
2008/05/12,97.02
2008/05/13,98.05
2008/05/14,98.22
2008/05/15,99.69
2008/05/16,100.46
2008/05/17,100.46
2008/05/18,100.46
2008/05/19,100.63
2008/05/20,99.96
2008/05/21,98.53
2008/05/22,98.8
2008/05/23,97.83
2008/05/24,97.83
2008/05/25,97.83
2008/05/26,97.83
2008/05/27,97.8
2008/05/28,98.58
2008/05/29,98.49
2008/05/30,98.87
2008/05/31,98.87
2008/06/01,98.87
2008/06/02,97.93
2008/06/03,97.16
2008/06/04,96.59
2008/06/05,98.8
2008/06/06,95.84
2008/06/07,95.84
2008/06/08,95.84
2008/06/09,95.84
2008/06/10,94.63
2008/06/11,93.16
2008/06/12,93.52
2008/06/13,94.59
2008/06/14,94.59
2008/06/15,94.59
2008/06/16,94.75
2008/06/17,94.82
2008/06/18,94.01
2008/06/19,94.02
2008/06/20,92.03
2008/06/21,92.03
2008/06/22,92.03
2008/06/23,91.89
2008/06/24,91.44
2008/06/25,92.13
2008/06/26,89.76
2008/06/27,90.03
2008/06/28,90.03
2008/06/29,90.03
2008/06/30,90.37
2008/07/01,90.37
2008/07/02,87.9
2008/07/03,87.9
2008/07/04,87.89
2008/07/05,87.89
2008/07/06,87.89
2008/07/07,87.29
2008/07/08,88.17
2008/07/09,86.49
2008/07/10,87.43
2008/07/11,86.44
2008/07/12,86.44
2008/07/13,86.44
2008/07/14,86.11
2008/07/15,85.07
2008/07/16,86.78
2008/07/17,87.47
2008/07/18,87.63
2008/07/19,87.63
2008/07/20,87.63
2008/07/21,88.05
2008/07/22,88.44
2008/07/23,88.59
2008/07/24,86.48
2008/07/25,86.64
2008/07/26,86.64
2008/07/27,86.64
2008/07/28,85.43
2008/07/29,86.97
2008/07/30,88.74
2008/07/31,87.63
2008/08/01,86.58
2008/08/02,86.58
2008/08/03,86.58
2008/08/04,85.34
2008/08/05,87.3
2008/08/06,87.3
2008/08/07,86.38
2008/08/08,87.16
2008/08/09,87.16
2008/08/10,87.16
2008/08/11,86.99
2008/08/12,86.21
2008/08/13,86.07
2008/08/14,86.27
2008/08/15,86.02
2008/08/16,86.02
2008/08/17,86.02
2008/08/18,85.02
2008/08/19,84.53
2008/08/20,85.39
2008/08/21,85.84
2008/08/22,85.84
2008/08/23,85.84
2008/08/24,85.84
2008/08/25,84.73
2008/08/26,84.87
2008/08/27,85.79
2008/08/28,86.84
2008/08/29,86.03
2008/08/30,86.03
2008/08/31,86.03
2008/09/01,86.02
2008/09/02,84.92
2008/09/03,84.63
2008/09/04,81.5
2008/09/05,81.55
2008/09/06,81.55
2008/09/07,81.55
2008/09/08,82.87
2008/09/09,79.68
2008/09/10,80.33
2008/09/11,81.18
2008/09/12,82.38
2008/09/13,82.38
2008/09/14,82.38
2008/09/15,82.38
2008/09/16,78.78
2008/09/17,74.92
2008/09/18,77.84
2008/09/19,81.91
2008/09/20,81.91
2008/09/21,81.91
2008/09/22,79.14
2008/09/23,77.21
2008/09/24,77.36
2008/09/25,79.05
2008/09/26,78.58
2008/09/27,78.58
2008/09/28,78.58
2008/09/29,71.22
2008/09/30,75.28
2008/10/01,75.28
2008/10/02,71.02
2008/10/03,69.91
2008/10/04,69.91
2008/10/05,69.91
2008/10/06,66.55
2008/10/07,66.55
2008/10/08,61.3
2008/10/09,57.52
2008/10/10,56.45
2008/10/11,56.45
2008/10/12,56.45
2008/10/13,64.35
2008/10/14,63.48
2008/10/15,56.63
2008/10/16,59.4
2008/10/17,59.19
2008/10/18,59.19
2008/10/19,59.19
2008/10/20,62.33
2008/10/21,59.69
2008/10/22,55.47
2008/10/23,56.01
2008/10/24,53.15
2008/10/25,53.15
2008/10/26,53.15
2008/10/27,51.21
2008/10/28,57.55
2008/10/29,57.36
2008/10/30,59.74
2008/10/31,60.32
2008/11/01,60.32
2008/11/02,60.32
2008/11/03,60.42
2008/11/04,63.71
2008/11/05,59.95
2008/11/06,56.68
2008/11/07,58.87
2008/11/08,58.87
2008/11/09,58.87
2008/11/10,58.43
2008/11/11,56.76
2008/11/12,53.69
2008/11/13,58.0
2008/11/14,55.04
2008/11/15,55.04
2008/11/16,55.04
2008/11/17,53.84
2008/11/18,53.99
2008/11/19,50.68
2008/11/20,47.29
2008/11/21,50.41
2008/11/22,50.41
2008/11/23,50.41
2008/11/24,53.5
2008/11/25,54.28
2008/11/26,56.15
2008/11/27,56.12
2008/11/28,56.06
2008/11/29,56.06
2008/11/30,56.06
2008/12/01,51.26
2008/12/02,53.54
2008/12/03,54.33
2008/12/04,52.68
2008/12/05,54.17
2008/12/06,54.17
2008/12/07,54.17
2008/12/08,56.6
2008/12/09,55.72
2008/12/10,56.99
2008/12/11,56.01
2008/12/12,56.41
2008/12/13,56.41
2008/12/14,56.41
2008/12/15,56.05
2008/12/16,59.35
2008/12/17,58.65
2008/12/18,57.28
2008/12/19,56.88
2008/12/20,56.88
2008/12/21,56.88
2008/12/22,55.85
2008/12/23,55.13
2008/12/24,55.38
2008/12/25,55.38
2008/12/26,55.38
2008/12/27,55.38
2008/12/28,55.38
2008/12/29,55.78
2008/12/30,57.18
2008/12/31,57.97
2009/01/01,57.97
2009/01/02,59.71
2009/01/03,59.71
2009/01/04,59.71
2009/01/05,59.7
2009/01/06,60.49
2009/01/07,58.55
2009/01/08,59.03
2009/01/09,57.67
2009/01/10,57.67
2009/01/11,57.67
2009/01/12,56.17
2009/01/13,55.9
2009/01/14,53.79
2009/01/15,54.23
2009/01/16,54.58
2009/01/17,54.58
2009/01/18,54.58
2009/01/19,54.58
2009/01/20,51.29
2009/01/21,53.74
2009/01/22,52.69
2009/01/23,52.83
2009/01/24,52.83
2009/01/25,52.83
2009/01/26,52.83
2009/01/27,52.83
2009/01/28,52.83
2009/01/29,53.86
2009/01/30,53.03
2009/01/31,53.03
2009/02/01,53.03
2009/02/02,52.7
2009/02/03,53.77
2009/02/04,53.71
2009/02/05,54.61
2009/02/06,56.37
2009/02/07,56.37
2009/02/08,56.37
2009/02/09,56.31
2009/02/10,53.61
2009/02/11,54.0
2009/02/12,54.06
2009/02/13,53.69
2009/02/14,53.69
2009/02/15,53.69
2009/02/16,53.69
2009/02/17,51.06
2009/02/18,50.94
2009/02/19,50.62
2009/02/20,49.8
2009/02/21,49.8
2009/02/22,49.8
2009/02/23,47.79
2009/02/24,49.76
2009/02/25,49.13
2009/02/26,48.69
2009/02/27,48.0
2009/02/28,48.0
2009/03/01,48.0
2009/03/02,45.48
2009/03/03,45.33
2009/03/04,47.02
2009/03/05,45.19
2009/03/06,45.16
2009/03/07,45.16
2009/03/08,45.16
2009/03/09,44.46
2009/03/10,47.23
2009/03/11,47.47
2009/03/12,49.14
2009/03/13,49.45
2009/03/14,49.45
2009/03/15,49.45
2009/03/16,49.43
2009/03/17,50.84
2009/03/18,51.97
2009/03/19,51.62
2009/03/20,50.71
2009/03/21,50.71
2009/03/22,50.71
2009/03/23,54.33
2009/03/24,52.99
2009/03/25,53.42
2009/03/26,54.39
2009/03/27,53.12
2009/03/28,53.12
2009/03/29,53.12
2009/03/30,51.19
2009/03/31,51.89
2009/04/01,53.16
2009/04/02,55.21
2009/04/03,55.86
2009/04/04,55.86
2009/04/05,55.86
2009/04/06,55.08
2009/04/07,53.97
2009/04/08,54.55
2009/04/09,56.61
2009/04/10,56.61
2009/04/11,56.61
2009/04/12,56.61
2009/04/13,56.61
2009/04/14,55.91
2009/04/15,56.5
2009/04/16,57.22
2009/04/17,57.2
2009/04/18,57.2
2009/04/19,57.2
2009/04/20,54.79
2009/04/21,56.01
2009/04/22,55.63
2009/04/23,56.48
2009/04/24,57.37
2009/04/25,57.37
2009/04/26,57.37
2009/04/27,56.44
2009/04/28,56.27
2009/04/29,57.78
2009/04/30,57.82
2009/05/01,57.82
2009/05/02,57.82
2009/05/03,57.82
2009/05/04,60.89
2009/05/05,60.61
2009/05/06,61.87
2009/05/07,60.83
2009/05/08,62.69
2009/05/09,62.69
2009/05/10,62.69
2009/05/11,61.51
2009/05/12,61.5
2009/05/13,59.62
2009/05/14,60.26
2009/05/15,59.64
2009/05/16,59.64
2009/05/17,59.64
2009/05/18,61.86
2009/05/19,62.11
2009/05/20,62.09
2009/05/21,61.22
2009/05/22,61.43
2009/05/23,61.43
2009/05/24,61.43
2009/05/25,61.44
2009/05/26,62.95
2009/05/27,61.92
2009/05/28,61.92
2009/05/29,63.89
2009/05/30,63.89
2009/05/31,63.89
2009/06/01,65.64
2009/06/02,65.71
2009/06/03,64.15
2009/06/04,64.85
2009/06/05,64.59
2009/06/06,64.59
2009/06/07,64.59
2009/06/08,64.31
2009/06/09,64.77
2009/06/10,64.75
2009/06/11,65.56
2009/06/12,65.41
2009/06/13,65.41
2009/06/14,65.41
2009/06/15,63.53
2009/06/16,62.65
2009/06/17,62.51
2009/06/18,62.65
2009/06/19,63.2
2009/06/20,63.2
2009/06/21,63.2
2009/06/22,60.91
2009/06/23,60.85
2009/06/24,61.32
2009/06/25,63.11
2009/06/26,63.08
2009/06/27,63.08
2009/06/28,63.08
2009/06/29,63.62
2009/06/30,63.09
2009/07/01,63.09
2009/07/02,61.84
2009/07/03,61.84
2009/07/04,61.84
2009/07/05,61.84
2009/07/06,61.81
2009/07/07,60.34
2009/07/08,60.13
2009/07/09,60.56
2009/07/10,60.16
2009/07/11,60.16
2009/07/12,60.16
2009/07/13,61.39
2009/07/14,61.68
2009/07/15,63.84
2009/07/16,64.44
2009/07/17,64.43
2009/07/18,64.43
2009/07/19,64.43
2009/07/20,65.52
2009/07/21,65.74
2009/07/22,65.85
2009/07/23,67.24
2009/07/24,67.46
2009/07/25,67.46
2009/07/26,67.46
2009/07/27,67.66
2009/07/28,67.38
2009/07/29,66.76
2009/07/30,67.79
2009/07/31,68.19
2009/08/01,68.19
2009/08/02,68.19
2009/08/03,69.72
2009/08/04,69.87
2009/08/05,69.77
2009/08/06,69.28
2009/08/07,69.88
2009/08/08,69.88
2009/08/09,69.88
2009/08/10,69.72
2009/08/11,68.81
2009/08/12,69.61
2009/08/13,70.28
2009/08/14,69.63
2009/08/15,69.63
2009/08/16,69.63
2009/08/17,67.74
2009/08/18,68.65
2009/08/19,69.18
2009/08/20,69.92
2009/08/21,71.28
2009/08/22,71.28
2009/08/23,71.28
2009/08/24,71.2
2009/08/25,71.38
2009/08/26,71.24
2009/08/27,71.49
2009/08/28,71.39
2009/08/29,71.39
2009/08/30,71.39
2009/08/31,70.58
2009/09/01,68.86
2009/09/02,68.8
2009/09/03,69.5
2009/09/04,70.58
2009/09/05,70.58
2009/09/06,70.58
2009/09/07,70.59
2009/09/08,71.71
2009/09/09,72.17
2009/09/10,72.98
2009/09/11,72.98
2009/09/12,72.98
2009/09/13,72.98
2009/09/14,73.27
2009/09/15,73.59
2009/09/16,74.92
2009/09/17,74.61
2009/09/18,74.75
2009/09/19,74.75
2009/09/20,74.75
2009/09/21,74.28
2009/09/22,75.01
2009/09/23,74.09
2009/09/24,73.08
2009/09/25,73.01
2009/09/26,73.01
2009/09/27,73.01
2009/09/28,74.24
2009/09/29,74.09
2009/09/30,74.16
2009/10/01,74.16
2009/10/02,72.05
2009/10/03,72.05
2009/10/04,72.05
2009/10/05,73.25
2009/10/06,74.32
2009/10/07,74.48
2009/10/08,75.36
2009/10/09,75.61
2009/10/10,75.61
2009/10/11,75.61
2009/10/12,76.11
2009/10/13,75.99
2009/10/14,77.64
2009/10/15,77.93
2009/10/16,77.17
2009/10/17,77.17
2009/10/18,77.17
2009/10/19,78.0
2009/10/20,77.29
2009/10/21,77.04
2009/10/22,77.78
2009/10/23,76.81
2009/10/24,76.81
2009/10/25,76.81
2009/10/26,76.81
2009/10/27,75.07
2009/10/28,73.07
2009/10/29,75.41
2009/10/30,72.94
2009/10/31,72.94
2009/11/01,72.94
2009/11/02,73.54
2009/11/03,73.84
2009/11/04,74.34
2009/11/05,75.77
2009/11/06,75.9
2009/11/07,75.9
2009/11/08,75.9
2009/11/09,77.89
2009/11/10,77.77
2009/11/11,78.01
2009/11/12,76.88
2009/11/13,77.68
2009/11/14,77.68
2009/11/15,77.68
2009/11/16,78.88
2009/11/17,78.93
2009/11/18,78.61
2009/11/19,77.51
2009/11/20,77.14
2009/11/21,77.14
2009/11/22,77.14
2009/11/23,78.25
2009/11/24,78.24
2009/11/25,78.95
2009/11/26,78.95
2009/11/27,77.71
2009/11/28,77.71
2009/11/29,77.71
2009/11/30,77.63
2009/12/01,79.08
2009/12/02,79.3
2009/12/03,78.77
2009/12/04,78.79
2009/12/05,78.79
2009/12/06,78.79
2009/12/07,78.56
2009/12/08,77.53
2009/12/09,77.67
2009/12/10,78.09
2009/12/11,78.34
2009/12/12,78.34
2009/12/13,78.34
2009/12/14,78.93
2009/12/15,78.34
2009/12/16,78.68
2009/12/17,77.08
2009/12/18,77.28
2009/12/19,77.28
2009/12/20,77.28
2009/12/21,77.49
2009/12/22,77.8
2009/12/23,78.3
2009/12/24,78.71
2009/12/25,78.71
2009/12/26,78.71
2009/12/27,78.71
2009/12/28,78.89
2009/12/29,79.01
2009/12/30,78.96
2009/12/31,78.49
2010/01/01,78.49
2010/01/02,78.49
2010/01/03,78.49
2010/01/04,80.23
2010/01/05,80.39
2010/01/06,80.54
2010/01/07,80.59
2010/01/08,81.03
2010/01/09,81.03
2010/01/10,81.03
2010/01/11,81.15
2010/01/12,80.26
2010/01/13,80.8
2010/01/14,80.86
2010/01/15,79.82
2010/01/16,79.82
2010/01/17,79.82
2010/01/18,79.84
2010/01/19,80.85
2010/01/20,79.41
2010/01/21,77.51
2010/01/22,76.04
2010/01/23,76.04
2010/01/24,76.04
2010/01/25,76.48
2010/01/26,76.03
2010/01/27,76.07
2010/01/28,75.27
2010/01/29,74.23
2010/01/30,74.23
2010/01/31,74.23
2010/02/01,75.71
2010/02/02,76.72
2010/02/03,76.13
2010/02/04,73.32
2010/02/05,73.41
2010/02/06,73.41
2010/02/07,73.41
2010/02/08,72.57
2010/02/09,74.17
2010/02/10,73.89
2010/02/11,74.89
2010/02/12,74.62
2010/02/13,74.62
2010/02/14,74.62
2010/02/15,74.62
2010/02/16,74.62
2010/02/17,76.32
2010/02/18,76.78
2010/02/19,76.76
2010/02/20,76.76
2010/02/21,76.76
2010/02/22,76.69
2010/02/23,75.48
2010/02/24,75.97
2010/02/25,75.89
2010/02/26,76.23
2010/02/27,76.23
2010/02/28,76.23
2010/03/01,76.95
2010/03/02,77.47
2010/03/03,77.81
2010/03/04,77.8
2010/03/05,79.17
2010/03/06,79.17
2010/03/07,79.17
2010/03/08,79.06
2010/03/09,79.25
2010/03/10,79.62
2010/03/11,79.89
2010/03/12,79.99
2010/03/13,79.99
2010/03/14,79.99
2010/03/15,79.83
2010/03/16,80.66
2010/03/17,80.97
2010/03/18,80.64
2010/03/19,79.94
2010/03/20,79.94
2010/03/21,79.94
2010/03/22,80.33
2010/03/23,80.99
2010/03/24,80.2
2010/03/25,79.77
2010/03/26,80.01
2010/03/27,80.01
2010/03/28,80.01
2010/03/29,80.98
2010/03/30,81.06
2010/03/31,81.01
2010/04/01,81.68
2010/04/02,81.68
2010/04/03,81.68
2010/04/04,81.68
2010/04/05,81.68
2010/04/06,81.68
2010/04/07,82.02
2010/04/08,82.19
2010/04/09,82.82
2010/04/10,82.82
2010/04/11,82.82
2010/04/12,82.86
2010/04/13,82.86
2010/04/14,83.74
2010/04/15,83.69
2010/04/16,82.15
2010/04/17,82.15
2010/04/18,82.15
2010/04/19,82.18
2010/04/20,82.77
2010/04/21,82.43
2010/04/22,82.5
2010/04/23,83.02
2010/04/24,83.02
2010/04/25,83.02
2010/04/26,82.85
2010/04/27,80.3
2010/04/28,80.82
2010/04/29,82.04
2010/04/30,80.9
2010/05/01,80.9
2010/05/02,80.9
2010/05/03,81.52
2010/05/04,78.96
2010/05/05,78.16
2010/05/06,75.27
2010/05/07,74.68
2010/05/08,74.68
2010/05/09,74.68
2010/05/10,78.73
2010/05/11,78.08
2010/05/12,79.06
2010/05/13,78.09
2010/05/14,76.47
2010/05/15,76.47
2010/05/16,76.47
2010/05/17,76.38
2010/05/18,75.12
2010/05/19,74.64
2010/05/20,71.87
2010/05/21,71.87
2010/05/22,71.87
2010/05/23,71.87
2010/05/24,72.2
2010/05/25,72.1
2010/05/26,71.72
2010/05/27,74.78
2010/05/28,73.64
2010/05/29,73.64
2010/05/30,73.64
2010/05/31,73.66
2010/06/01,72.73
2010/06/02,74.72
2010/06/03,74.64
2010/06/04,71.97
2010/06/05,71.97
2010/06/06,71.97
2010/06/07,71.13
2010/06/08,72.12
2010/06/09,71.85
2010/06/10,74.31
2010/06/11,74.59
2010/06/12,74.59
2010/06/13,74.59
2010/06/14,74.53
2010/06/15,76.38
2010/06/16,76.38
2010/06/17,76.39
2010/06/18,76.4
2010/06/19,76.4
2010/06/20,76.4
2010/06/21,76.13
2010/06/22,75.01
2010/06/23,74.65
2010/06/24,73.44
2010/06/25,74.26
2010/06/26,74.26
2010/06/27,74.26
2010/06/28,73.9
2010/06/29,71.39
2010/06/30,70.75
2010/07/01,70.75
2010/07/02,71.0
2010/07/03,71.0
2010/07/04,71.0
2010/07/05,70.97
2010/07/06,71.66
2010/07/07,73.87
2010/07/08,74.54
2010/07/09,75.0
2010/07/10,75.0
2010/07/11,75.0
2010/07/12,74.56
2010/07/13,75.74
2010/07/14,75.72
2010/07/15,75.71
2010/07/16,73.62
2010/07/17,73.62
2010/07/18,73.62
2010/07/19,74.18
2010/07/20,75.1
2010/07/21,74.28
2010/07/22,76.24
2010/07/23,76.86
2010/07/24,76.86
2010/07/25,76.86
2010/07/26,77.45
2010/07/27,77.38
2010/07/28,77.08
2010/07/29,76.97
2010/07/30,77.03
2010/07/31,77.03
2010/08/01,77.03
2010/08/02,78.88
2010/08/03,78.58
2010/08/04,78.95
2010/08/05,78.86
2010/08/06,78.66
2010/08/07,78.66
2010/08/08,78.66
2010/08/09,78.95
2010/08/10,78.47
2010/08/11,75.92
2010/08/12,75.78
2010/08/13,75.65
2010/08/14,75.65
2010/08/15,75.65
2010/08/16,76.0
2010/08/17,76.78
2010/08/18,76.89
2010/08/19,75.69
2010/08/20,75.3
2010/08/21,75.3
2010/08/22,75.3
2010/08/23,74.9
2010/08/24,73.84
2010/08/25,73.94
2010/08/26,73.57
2010/08/27,74.95
2010/08/28,74.95
2010/08/29,74.95
2010/08/30,73.83
2010/08/31,74.15
2010/09/01,76.45
2010/09/02,77.01
2010/09/03,77.79
2010/09/04,77.79
2010/09/05,77.79
2010/09/06,77.78
2010/09/07,76.84
2010/09/08,77.36
2010/09/09,77.75
2010/09/10,78.08
2010/09/11,78.08
2010/09/12,78.08
2010/09/13,79.25
2010/09/14,79.33
2010/09/15,79.47
2010/09/16,79.34
2010/09/17,79.14
2010/09/18,79.14
2010/09/19,79.14
2010/09/20,80.29
2010/09/21,80.15
2010/09/22,80.01
2010/09/23,80.01
2010/09/24,80.63
2010/09/25,80.63
2010/09/26,80.63
2010/09/27,80.49
2010/09/28,81.11
2010/09/29,81.03
2010/09/30,80.98
2010/10/01,80.98
2010/10/02,80.98
2010/10/03,80.98
2010/10/04,80.81
2010/10/05,82.57
2010/10/06,82.6
2010/10/07,82.26
2010/10/08,82.95
2010/10/09,82.95
2010/10/10,82.95
2010/10/11,83.0
2010/10/12,83.14
2010/10/13,84.0
2010/10/14,83.97
2010/10/15,83.88
2010/10/16,83.88
2010/10/17,83.88
2010/10/18,84.33
2010/10/19,82.7
2010/10/20,83.82
2010/10/21,83.54
2010/10/22,83.79
2010/10/23,83.79
2010/10/24,83.79
2010/10/25,84.14
2010/10/26,84.08
2010/10/27,83.42
2010/10/28,83.76
2010/10/29,83.85
2010/10/30,83.85
2010/10/31,83.85
2010/11/01,83.9
2010/11/02,84.9
2010/11/03,85.17
2010/11/04,87.0
2010/11/05,87.05
2010/11/06,87.05
2010/11/07,87.05
2010/11/08,86.79
2010/11/09,85.83
2010/11/10,86.14
2010/11/11,85.63
2010/11/12,84.62
2010/11/13,84.62
2010/11/14,84.62
2010/11/15,84.53
2010/11/16,82.83
2010/11/17,83.19
2010/11/18,84.81
2010/11/19,84.96
2010/11/20,84.96
2010/11/21,84.96
2010/11/22,84.56
2010/11/23,82.77
2010/11/24,84.2
2010/11/25,84.19
2010/11/26,83.03
2010/11/27,83.03
2010/11/28,83.03
2010/11/29,82.95
2010/11/30,82.3
2010/12/01,84.25
2010/12/02,85.51
2010/12/03,85.94
2010/12/04,85.94
2010/12/05,85.94
2010/12/06,85.8
2010/12/07,85.65
2010/12/08,85.75
2010/12/09,85.9
2010/12/10,86.35
2010/12/11,86.35
2010/12/12,86.35
2010/12/13,86.84
2010/12/14,86.89
2010/12/15,86.12
2010/12/16,86.57
2010/12/17,86.55
2010/12/18,86.55
2010/12/19,86.55
2010/12/20,86.53
2010/12/21,86.95
2010/12/22,87.36
2010/12/23,87.25
2010/12/24,87.23
2010/12/25,87.23
2010/12/26,87.23
2010/12/27,87.23
2010/12/28,87.29
2010/12/29,87.83
2010/12/30,87.81
2010/12/31,88.0
2011/01/01,88.0
2011/01/02,88.0
2011/01/03,88.82
2011/01/04,88.6
2011/01/05,88.77
2011/01/06,88.18
2011/01/07,87.85
2011/01/08,87.85
2011/01/09,87.85
2011/01/10,87.68
2011/01/11,88.17
2011/01/12,89.47
2011/01/13,89.28
2011/01/14,89.73
2011/01/15,89.73
2011/01/16,89.73
2011/01/17,89.74
2011/01/18,90.08
2011/01/19,89.2
2011/01/20,88.73
2011/01/21,88.91
2011/01/22,88.91
2011/01/23,88.91
2011/01/24,89.74
2011/01/25,89.49
2011/01/26,89.94
2011/01/27,89.94
2011/01/28,88.02
2011/01/29,88.02
2011/01/30,88.02
2011/01/31,88.88
2011/02/01,90.62
2011/02/02,90.3
2011/02/03,90.3
2011/02/04,90.3
2011/02/05,90.3
2011/02/06,90.3
2011/02/07,90.6
2011/02/08,91.14
2011/02/09,90.58
2011/02/10,90.43
2011/02/11,90.99
2011/02/12,90.99
2011/02/13,90.99
2011/02/14,91.21
2011/02/15,91.06
2011/02/16,91.84
2011/02/17,92.15
2011/02/18,92.43
2011/02/19,92.43
2011/02/20,92.43
2011/02/21,92.43
2011/02/22,90.18
2011/02/23,90.01
2011/02/24,90.01
2011/02/25,90.96
2011/02/26,90.96
2011/02/27,90.96
2011/02/28,91.61
2011/03/01,90.24
2011/03/02,90.73
2011/03/03,92.13
2011/03/04,91.51
2011/03/05,91.51
2011/03/06,91.51
2011/03/07,90.54
2011/03/08,90.95
2011/03/09,90.94
2011/03/10,88.92
2011/03/11,89.45
2011/03/12,89.45
2011/03/13,89.45
2011/03/14,88.8
2011/03/15,87.59
2011/03/16,85.57
2011/03/17,87.02
2011/03/18,87.7
2011/03/19,87.7
2011/03/20,87.7
2011/03/21,89.19
2011/03/22,89.18
2011/03/23,89.47
2011/03/24,90.4
2011/03/25,89.95
2011/03/26,89.95
2011/03/27,89.95
2011/03/28,89.76
2011/03/29,90.46
2011/03/30,91.27
2011/03/31,91.28
2011/04/01,91.98
2011/04/02,91.98
2011/04/03,91.98
2011/04/04,92.14
2011/04/05,92.14
2011/04/06,92.31
2011/04/07,92.08
2011/04/08,92.11
2011/04/09,92.11
2011/04/10,92.11
2011/04/11,91.72
2011/04/12,90.79
2011/04/13,90.79
2011/04/14,91.01
2011/04/15,91.24
2011/04/16,91.24
2011/04/17,91.24
2011/04/18,89.79
2011/04/19,90.57
2011/04/20,92.14
2011/04/21,92.57
2011/04/22,92.57
2011/04/23,92.57
2011/04/24,92.57
2011/04/25,92.57
2011/04/26,93.25
2011/04/27,93.75
2011/04/28,93.89
2011/04/29,94.16
2011/04/30,94.16
2011/05/01,94.16
2011/05/02,94.16
2011/05/03,93.29
2011/05/04,92.41
2011/05/05,91.33
2011/05/06,91.73
2011/05/07,91.73
2011/05/08,91.73
2011/05/09,92.19
2011/05/10,92.19
2011/05/11,91.58
2011/05/12,91.87
2011/05/13,90.81
2011/05/14,90.81
2011/05/15,90.81
2011/05/16,90.48
2011/05/17,90.66
2011/05/18,91.34
2011/05/19,91.49
2011/05/20,90.78
2011/05/21,90.78
2011/05/22,90.78
2011/05/23,89.41
2011/05/24,89.77
2011/05/25,90.02
2011/05/26,90.83
2011/05/27,91.38
2011/05/28,91.38
2011/05/29,91.38
2011/05/30,91.34
2011/05/31,92.45
2011/06/01,90.41
2011/06/02,90.68
2011/06/03,90.15
2011/06/04,90.15
2011/06/05,90.15
2011/06/06,90.15
2011/06/07,89.18
2011/06/08,88.56
2011/06/09,89.29
2011/06/10,87.8
2011/06/11,87.8
2011/06/12,87.8
2011/06/13,87.87
2011/06/14,89.09
2011/06/15,87.22
2011/06/16,87.09
2011/06/17,87.6
2011/06/18,87.6
2011/06/19,87.6
2011/06/20,87.89
2011/06/21,88.91
2011/06/22,87.88
2011/06/23,87.42
2011/06/24,86.95
2011/06/25,86.95
2011/06/26,86.95
2011/06/27,87.8
2011/06/28,89.03
2011/06/29,90.11
2011/06/30,91.02
2011/07/01,91.02
2011/07/02,91.02
2011/07/03,91.02
2011/07/04,92.23
2011/07/05,91.97
2011/07/06,91.72
2011/07/07,92.53
2011/07/08,91.6
2011/07/09,91.6
2011/07/10,91.6
2011/07/11,89.52
2011/07/12,89.15
2011/07/13,89.88
2011/07/14,89.11
2011/07/15,89.54
2011/07/16,89.54
2011/07/17,89.54
2011/07/18,88.6
2011/07/19,89.94
2011/07/20,90.13
2011/07/21,91.59
2011/07/22,91.63
2011/07/23,91.63
2011/07/24,91.63
2011/07/25,91.22
2011/07/26,91.16
2011/07/27,89.27
2011/07/28,89.06
2011/07/29,88.86
2011/07/30,88.86
2011/07/31,88.86
2011/08/01,88.32
2011/08/02,85.96
2011/08/03,86.23
2011/08/04,81.41
2011/08/05,81.77
2011/08/06,81.77
2011/08/07,81.77
2011/08/08,75.86
2011/08/09,80.22
2011/08/10,76.24
2011/08/11,79.89
2011/08/12,80.54
2011/08/13,80.54
2011/08/14,80.54
2011/08/15,82.31
2011/08/16,81.49
2011/08/17,81.89
2011/08/18,78.18
2011/08/19,77.12
2011/08/20,77.12
2011/08/21,77.12
2011/08/22,77.33
2011/08/23,79.79
2011/08/24,80.29
2011/08/25,78.85
2011/08/26,80.0
2011/08/27,80.0
2011/08/28,80.0
2011/08/29,82.17
2011/08/30,82.25
2011/08/31,83.21
2011/09/01,82.5
2011/09/02,80.38
2011/09/03,80.38
2011/09/04,80.38
2011/09/05,80.39
2011/09/06,79.09
2011/09/07,81.26
2011/09/08,80.15
2011/09/09,77.68
2011/09/10,77.68
2011/09/11,77.68
2011/09/12,77.71
2011/09/13,77.71
2011/09/14,79.38
2011/09/15,80.8
2011/09/16,80.9
2011/09/17,80.9
2011/09/18,80.9
2011/09/19,79.65
2011/09/20,79.54
2011/09/21,77.0
2011/09/22,74.18
2011/09/23,74.84
2011/09/24,74.84
2011/09/25,74.84
2011/09/26,76.4
2011/09/27,77.61
2011/09/28,76.15
2011/09/29,76.15
2011/09/30,74.77
2011/10/01,74.77
2011/10/02,74.77
2011/10/03,72.64
2011/10/04,73.98
2011/10/05,73.98
2011/10/06,77.14
2011/10/07,76.41
2011/10/08,76.41
2011/10/09,76.41
2011/10/10,79.19
2011/10/11,79.25
2011/10/12,80.28
2011/10/13,80.1
2011/10/14,81.34
2011/10/15,81.34
2011/10/16,81.34
2011/10/17,79.45
2011/10/18,80.98
2011/10/19,79.78
2011/10/20,79.88
2011/10/21,81.58
2011/10/22,81.58
2011/10/23,81.58
2011/10/24,83.02
2011/10/25,81.43
2011/10/26,82.53
2011/10/27,85.94
2011/10/28,86.14
2011/10/29,86.14
2011/10/30,86.14
2011/10/31,83.18
2011/11/01,80.84
2011/11/02,82.06
2011/11/03,83.56
2011/11/04,82.95
2011/11/05,82.95
2011/11/06,82.95
2011/11/07,83.51
2011/11/08,84.54
2011/11/09,80.88
2011/11/10,81.77
2011/11/11,83.53
2011/11/12,83.53
2011/11/13,83.53
2011/11/14,82.48
2011/11/15,82.72
2011/11/16,81.32
2011/11/17,80.06
2011/11/18,80.04
2011/11/19,80.04
2011/11/20,80.04
2011/11/21,78.36
2011/11/22,78.01
2011/11/23,76.03
2011/11/24,76.04
2011/11/25,75.62
2011/11/26,75.62
2011/11/27,75.62
2011/11/28,78.24
2011/11/29,78.53
2011/11/30,81.76
2011/12/01,81.54
2011/12/02,81.53
2011/12/03,81.53
2011/12/04,81.53
2011/12/05,82.53
2011/12/06,82.4
2011/12/07,82.71
2011/12/08,80.56
2011/12/09,82.27
2011/12/10,82.27
2011/12/11,82.27
2011/12/12,80.51
2011/12/13,79.65
2011/12/14,78.7
2011/12/15,79.02
2011/12/16,79.01
2011/12/17,79.01
2011/12/18,79.01
2011/12/19,77.91
2011/12/20,80.14
2011/12/21,80.25
2011/12/22,80.82
2011/12/23,81.34
2011/12/24,81.34
2011/12/25,81.34
2011/12/26,81.34
2011/12/27,81.34
2011/12/28,80.03
2011/12/29,81.25
2011/12/30,81.21
2011/12/31,81.21
2012/01/01,81.21
2012/01/02,81.21
2012/01/03,82.97
2012/01/04,82.91
2012/01/05,82.48
2012/01/06,81.96
2012/01/07,81.96
2012/01/08,81.96
2012/01/09,82.28
2012/01/10,83.29
2012/01/11,83.34
2012/01/12,83.63
2012/01/13,82.97
2012/01/14,82.97
2012/01/15,82.97
2012/01/16,82.98
2012/01/17,83.62
2012/01/18,84.95
2012/01/19,85.55
2012/01/20,85.66
2012/01/21,85.66
2012/01/22,85.66
2012/01/23,85.66
2012/01/24,85.66
2012/01/25,85.66
2012/01/26,86.14
2012/01/27,86.2
2012/01/28,86.2
2012/01/29,86.2
2012/01/30,85.57
2012/01/31,85.67
2012/02/01,86.84
2012/02/02,87.08
2012/02/03,88.31
2012/02/04,88.31
2012/02/05,88.31
2012/02/06,88.08
2012/02/07,88.49
2012/02/08,88.73
2012/02/09,88.9
2012/02/10,87.74
2012/02/11,87.74
2012/02/12,87.74
2012/02/13,88.59
2012/02/14,88.07
2012/02/15,87.76
2012/02/16,88.85
2012/02/17,89.22
2012/02/18,89.22
2012/02/19,89.22
2012/02/20,89.22
2012/02/21,89.15
2012/02/22,88.92
2012/02/23,89.42
2012/02/24,89.69
2012/02/25,89.69
2012/02/26,89.69
2012/02/27,89.56
2012/02/28,90.22
2012/02/29,89.43
2012/03/01,90.34
2012/03/02,89.92
2012/03/03,89.92
2012/03/04,89.92
2012/03/05,89.33
2012/03/06,87.25
2012/03/07,88.02
2012/03/08,89.33
2012/03/09,89.24
2012/03/10,89.24
2012/03/11,89.24
2012/03/12,88.97
2012/03/13,90.69
2012/03/14,90.28
2012/03/15,90.92
2012/03/16,91.2
2012/03/17,91.2
2012/03/18,91.2
2012/03/19,91.52
2012/03/20,90.86
2012/03/21,90.63
2012/03/22,89.89
2012/03/23,90.37
2012/03/24,90.37
2012/03/25,90.37
2012/03/26,91.47
2012/03/27,91.04
2012/03/28,90.48
2012/03/29,90.22
2012/03/30,90.62
2012/03/31,90.62
2012/04/01,90.62
2012/04/02,91.52
2012/04/03,90.74
2012/04/04,90.74
2012/04/05,89.13
2012/04/06,89.13
2012/04/07,89.13
2012/04/08,89.13
2012/04/09,89.13
2012/04/10,86.75
2012/04/11,87.47
2012/04/12,88.93
2012/04/13,87.54
2012/04/14,87.54
2012/04/15,87.54
2012/04/16,87.56
2012/04/17,88.77
2012/04/18,88.38
2012/04/19,87.94
2012/04/20,88.38
2012/04/21,88.38
2012/04/22,88.38
2012/04/23,87.29
2012/04/24,87.67
2012/04/25,88.61
2012/04/26,89.09
2012/04/27,89.42
2012/04/28,89.42
2012/04/29,89.42
2012/04/30,88.98
2012/05/01,88.98
2012/05/02,89.07
2012/05/03,88.42
2012/05/04,86.95
2012/05/05,86.95
2012/05/06,86.95
2012/05/07,87.33
2012/05/08,86.3
2012/05/09,85.54
2012/05/10,85.81
2012/05/11,85.34
2012/05/12,85.34
2012/05/13,85.34
2012/05/14,83.96
2012/05/15,83.14
2012/05/16,82.66
2012/05/17,81.38
2012/05/18,80.75
2012/05/19,80.75
2012/05/20,80.75
2012/05/21,82.33
2012/05/22,82.11
2012/05/23,81.96
2012/05/24,81.76
2012/05/25,81.69
2012/05/26,81.69
2012/05/27,81.69
2012/05/28,81.68
2012/05/29,82.72
2012/05/30,81.24
2012/05/31,81.28
2012/06/01,79.3
2012/06/02,79.3
2012/06/03,79.3
2012/06/04,79.46
2012/06/05,79.92
2012/06/06,81.9
2012/06/07,82.08
2012/06/08,82.24
2012/06/09,82.24
2012/06/10,82.24
2012/06/11,81.46
2012/06/12,82.34
2012/06/13,81.78
2012/06/14,82.55
2012/06/15,83.47
2012/06/16,83.47
2012/06/17,83.47
2012/06/18,83.58
2012/06/19,84.65
2012/06/20,84.44
2012/06/21,81.91
2012/06/22,82.56
2012/06/23,82.56
2012/06/24,82.56
2012/06/25,81.39
2012/06/26,81.85
2012/06/27,82.56
2012/06/28,82.42
2012/06/29,85.0
2012/06/30,85.0
2012/07/01,85.0
2012/07/02,85.0
2012/07/03,86.12
2012/07/04,86.12
2012/07/05,85.39
2012/07/06,84.49
2012/07/07,84.49
2012/07/08,84.49
2012/07/09,84.37
2012/07/10,83.64
2012/07/11,83.74
2012/07/12,83.22
2012/07/13,84.59
2012/07/14,84.59
2012/07/15,84.59
2012/07/16,84.49
2012/07/17,85.01
2012/07/18,85.59
2012/07/19,86.01
2012/07/20,84.83
2012/07/21,84.83
2012/07/22,84.83
2012/07/23,83.54
2012/07/24,82.82
2012/07/25,82.86
2012/07/26,84.67
2012/07/27,86.49
2012/07/28,86.49
2012/07/29,86.49
2012/07/30,86.38
2012/07/31,85.72
2012/08/01,85.58
2012/08/02,84.79
2012/08/03,86.84
2012/08/04,86.84
2012/08/05,86.84
2012/08/06,87.24
2012/08/07,87.67
2012/08/08,87.88
2012/08/09,87.93
2012/08/10,88.15
2012/08/11,88.15
2012/08/12,88.15
2012/08/13,87.82
2012/08/14,87.8
2012/08/15,87.82
2012/08/16,88.66
2012/08/17,88.74
2012/08/18,88.74
2012/08/19,88.74
2012/08/20,88.71
2012/08/21,88.56
2012/08/22,88.53
2012/08/23,87.84
2012/08/24,88.12
2012/08/25,88.12
2012/08/26,88.12
2012/08/27,87.97
2012/08/28,87.92
2012/08/29,87.68
2012/08/30,86.87
2012/08/31,87.42
2012/09/01,87.42
2012/09/02,87.42
2012/09/03,87.41
2012/09/04,86.93
2012/09/05,87.04
2012/09/06,88.93
2012/09/07,89.8
2012/09/08,89.8
2012/09/09,89.8
2012/09/10,89.03
2012/09/11,89.59
2012/09/12,89.97
2012/09/13,91.57
2012/09/14,92.14
2012/09/15,92.14
2012/09/16,92.14
2012/09/17,91.71
2012/09/18,91.54
2012/09/19,91.65
2012/09/20,91.37
2012/09/21,91.25
2012/09/22,91.25
2012/09/23,91.25
2012/09/24,91.05
2012/09/25,89.83
2012/09/26,89.31
2012/09/27,90.22
2012/09/28,89.4
2012/09/29,89.4
2012/09/30,89.4
2012/10/01,89.4
2012/10/02,89.4
2012/10/03,90.01
2012/10/04,90.9
2012/10/05,90.92
2012/10/06,90.92
2012/10/07,90.92
2012/10/08,90.62
2012/10/09,89.64
2012/10/10,89.13
2012/10/11,89.43
2012/10/12,89.12
2012/10/13,89.12
2012/10/14,89.12
2012/10/15,89.94
2012/10/16,91.01
2012/10/17,91.53
2012/10/18,91.28
2012/10/19,89.9
2012/10/20,89.9
2012/10/21,89.9
2012/10/22,90.15
2012/10/23,90.15
2012/10/24,88.53
2012/10/25,88.94
2012/10/26,88.83
2012/10/27,88.83
2012/10/28,88.83
2012/10/29,88.83
2012/10/30,88.83
2012/10/31,88.51
2012/11/01,89.71
2012/11/02,88.92
2012/11/03,88.92
2012/11/04,88.92
2012/11/05,89.01
2012/11/06,89.73
2012/11/07,87.93
2012/11/08,86.92
2012/11/09,86.87
2012/11/10,86.87
2012/11/11,86.87
2012/11/12,86.88
2012/11/13,86.51
2012/11/14,85.46
2012/11/15,85.48
2012/11/16,85.7
2012/11/17,85.7
2012/11/18,85.7
2012/11/19,87.44
2012/11/20,87.5
2012/11/21,87.62
2012/11/22,87.62
2012/11/23,88.95
2012/11/24,88.95
2012/11/25,88.95
2012/11/26,88.78
2012/11/27,88.17
2012/11/28,88.82
2012/11/29,89.38
2012/11/30,89.34
2012/12/01,89.34
2012/12/02,89.34
2012/12/03,89.19
2012/12/04,89.1
2012/12/05,89.38
2012/12/06,89.71
2012/12/07,89.95
2012/12/08,89.95
2012/12/09,89.95
2012/12/10,90.15
2012/12/11,90.69
2012/12/12,90.86
2012/12/13,90.43
2012/12/14,90.44
2012/12/15,90.44
2012/12/16,90.44
2012/12/17,90.97
2012/12/18,91.7
2012/12/19,91.29
2012/12/20,92.0
2012/12/21,91.48
2012/12/22,91.48
2012/12/23,91.48
2012/12/24,91.18
2012/12/25,91.18
2012/12/26,91.18
2012/12/27,91.06
2012/12/28,90.2
2012/12/29,90.2
2012/12/30,90.2
2012/12/31,91.67
2013/01/01,91.67
2013/01/02,93.56
2013/01/03,93.35
2013/01/04,93.82
2013/01/05,93.82
2013/01/06,93.82
2013/01/07,93.44
2013/01/08,93.06
2013/01/09,93.46
2013/01/10,94.31
2013/01/11,94.29
2013/01/12,94.29
2013/01/13,94.29
2013/01/14,94.35
2013/01/15,94.29
2013/01/16,94.1
2013/01/17,94.78
2013/01/18,94.91
2013/01/19,94.91
2013/01/20,94.91
2013/01/21,94.91
2013/01/22,95.21
2013/01/23,95.23
2013/01/24,95.41
2013/01/25,96.01
2013/01/26,96.01
2013/01/27,96.01
2013/01/28,95.72
2013/01/29,96.27
2013/01/30,95.96
2013/01/31,95.73
2013/02/01,96.61
2013/02/02,96.61
2013/02/03,96.61
2013/02/04,95.28
2013/02/05,95.86
2013/02/06,95.88
2013/02/07,95.51
2013/02/08,96.01
2013/02/09,96.01
2013/02/10,96.01
2013/02/11,96.01
2013/02/12,96.01
2013/02/13,96.01
2013/02/14,95.98
2013/02/15,95.91
2013/02/16,95.91
2013/02/17,95.91
2013/02/18,95.9
2013/02/19,96.66
2013/02/20,95.37
2013/02/21,94.46
2013/02/22,95.48
2013/02/23,95.48
2013/02/24,95.48
2013/02/25,93.56
2013/02/26,94.2
2013/02/27,95.23
2013/02/28,95.22
2013/03/01,95.29
2013/03/02,95.29
2013/03/03,95.29
2013/03/04,95.63
2013/03/05,96.46
2013/03/06,96.81
2013/03/07,97.12
2013/03/08,97.6
2013/03/09,97.6
2013/03/10,97.6
2013/03/11,97.75
2013/03/12,97.42
2013/03/13,97.16
2013/03/14,97.71
2013/03/15,97.58
2013/03/16,97.58
2013/03/17,97.58
2013/03/18,96.85
2013/03/19,96.64
2013/03/20,97.19
2013/03/21,96.4
2013/03/22,97.13
2013/03/23,97.13
2013/03/24,97.13
2013/03/25,96.27
2013/03/26,97.03
2013/03/27,97.1
2013/03/28,97.5
2013/03/29,97.5
2013/03/30,97.5
2013/03/31,97.5
2013/04/01,97.5
2013/04/02,97.26
2013/04/03,96.43
2013/04/04,96.43
2013/04/05,96.66
2013/04/06,96.66
2013/04/07,96.66
2013/04/08,97.1
2013/04/09,97.65
2013/04/10,98.84
2013/04/11,99.19
2013/04/12,98.88
2013/04/13,98.88
2013/04/14,98.88
2013/04/15,96.46
2013/04/16,97.91
2013/04/17,96.12
2013/04/18,95.72
2013/04/19,96.54
2013/04/20,96.54
2013/04/21,96.54
2013/04/22,96.96
2013/04/23,98.11
2013/04/24,98.4
2013/04/25,98.85
2013/04/26,98.49
2013/04/27,98.49
2013/04/28,98.49
2013/04/29,99.33
2013/04/30,99.77
2013/05/01,99.77
2013/05/02,99.58
2013/05/03,100.69
2013/05/04,100.69
2013/05/05,100.69
2013/05/06,100.7
2013/05/07,101.24
2013/05/08,101.83
2013/05/09,101.2
2013/05/10,101.3
2013/05/11,101.3
2013/05/12,101.3
2013/05/13,101.28
2013/05/14,101.84
2013/05/15,102.25
2013/05/16,101.74
2013/05/17,101.74
2013/05/18,101.74
2013/05/19,101.74
2013/05/20,102.68
2013/05/21,102.77
2013/05/22,101.87
2013/05/23,101.29
2013/05/24,100.92
2013/05/25,100.92
2013/05/26,100.92
2013/05/27,100.9
2013/05/28,101.24
2013/05/29,100.25
2013/05/30,100.64
2013/05/31,99.03
2013/06/01,99.03
2013/06/02,99.03
2013/06/03,99.49
2013/06/04,99.22
2013/06/05,97.45
2013/06/06,98.25
2013/06/07,99.19
2013/06/08,99.19
2013/06/09,99.19
2013/06/10,99.07
2013/06/11,97.9
2013/06/12,97.9
2013/06/13,98.74
2013/06/14,97.96
2013/06/15,97.96
2013/06/16,97.96
2013/06/17,98.74
2013/06/18,99.26
2013/06/19,97.52
2013/06/20,94.5
2013/06/21,94.85
2013/06/22,94.85
2013/06/23,94.85
2013/06/24,93.52
2013/06/25,94.42
2013/06/26,95.1
2013/06/27,95.58
2013/06/28,95.38
2013/06/29,95.38
2013/06/30,95.38
2013/07/01,95.38
2013/07/02,95.8
2013/07/03,95.81
2013/07/04,95.8
2013/07/05,96.35
2013/07/06,96.35
2013/07/07,96.35
2013/07/08,96.86
2013/07/09,97.52
2013/07/10,97.42
2013/07/11,99.33
2013/07/12,98.94
2013/07/13,98.94
2013/07/14,98.94
2013/07/15,99.74
2013/07/16,99.36
2013/07/17,99.8
2013/07/18,100.36
2013/07/19,100.26
2013/07/20,100.26
2013/07/21,100.26
2013/07/22,100.76
2013/07/23,100.86
2013/07/24,100.39
2013/07/25,100.65
2013/07/26,100.54
2013/07/27,100.54
2013/07/28,100.54
2013/07/29,99.85
2013/07/30,99.7
2013/07/31,99.8
2013/08/01,101.1
2013/08/02,101.52
2013/08/03,101.52
2013/08/04,101.52
2013/08/05,101.19
2013/08/06,100.7
2013/08/07,100.31
2013/08/08,101.19
2013/08/09,101.17
2013/08/10,101.17
2013/08/11,101.17
2013/08/12,100.94
2013/08/13,101.28
2013/08/14,101.28
2013/08/15,99.86
2013/08/16,99.51
2013/08/17,99.51
2013/08/18,99.51
2013/08/19,98.72
2013/08/20,98.98
2013/08/21,97.95
2013/08/22,98.93
2013/08/23,99.76
2013/08/24,99.76
2013/08/25,99.76
2013/08/26,99.05
2013/08/27,97.41
2013/08/28,97.52
2013/08/29,97.57
2013/08/30,97.03
2013/08/31,97.03
2013/09/01,97.03
2013/09/02,97.02
2013/09/03,97.98
2013/09/04,98.73
2013/09/05,99.02
2013/09/06,99.51
2013/09/07,99.51
2013/09/08,99.51
2013/09/09,100.88
2013/09/10,101.74
2013/09/11,102.05
2013/09/12,101.51
2013/09/13,101.83
2013/09/14,101.83
2013/09/15,101.83
2013/09/16,102.53
2013/09/17,102.88
2013/09/18,105.08
2013/09/19,104.69
2013/09/20,104.69
2013/09/21,104.69
2013/09/22,104.69
2013/09/23,103.66
2013/09/24,103.07
2013/09/25,102.85
2013/09/26,103.28
2013/09/27,102.83
2013/09/28,102.83
2013/09/29,102.83
2013/09/30,102.2
2013/10/01,102.2
2013/10/02,103.03
2013/10/03,102.17
2013/10/04,102.78
2013/10/05,102.78
2013/10/06,102.78
2013/10/07,101.86
2013/10/08,100.82
2013/10/09,101.02
2013/10/10,103.11
2013/10/11,103.76
2013/10/12,103.76
2013/10/13,103.76
2013/10/14,103.76
2013/10/15,103.51
2013/10/16,104.74
2013/10/17,105.64
2013/10/18,106.13
2013/10/19,106.13
2013/10/20,106.13
2013/10/21,106.24
2013/10/22,107.03
2013/10/23,106.16
2013/10/24,106.49
2013/10/25,106.79
2013/10/26,106.79
2013/10/27,106.79
2013/10/28,106.96
2013/10/29,107.37
2013/10/30,106.94
2013/10/31,106.3
2013/11/01,106.25
2013/11/02,106.25
2013/11/03,106.25
2013/11/04,106.77
2013/11/05,105.87
2013/11/06,106.46
2013/11/07,104.9
2013/11/08,105.71
2013/11/09,105.71
2013/11/10,105.71
2013/11/11,105.7
2013/11/12,105.39
2013/11/13,106.06
2013/11/14,106.86
2013/11/15,107.59
2013/11/16,107.59
2013/11/17,107.59
2013/11/18,107.51
2013/11/19,107.08
2013/11/20,106.54
2013/11/21,107.1
2013/11/22,107.67
2013/11/23,107.67
2013/11/24,107.67
2013/11/25,107.22
2013/11/26,107.13
2013/11/27,107.42
2013/11/28,107.42
2013/11/29,107.53
2013/11/30,107.53
2013/12/01,107.53
2013/12/02,106.71
2013/12/03,106.13
2013/12/04,105.85
2013/12/05,105.46
2013/12/06,106.68
2013/12/07,106.68
2013/12/08,106.68
2013/12/09,106.89
2013/12/10,106.68
2013/12/11,105.31
2013/12/12,104.95
2013/12/13,104.92
2013/12/14,104.92
2013/12/15,104.92
2013/12/16,105.55
2013/12/17,104.9
2013/12/18,106.35
2013/12/19,106.37
2013/12/20,106.92
2013/12/21,106.92
2013/12/22,106.92
2013/12/23,107.44
2013/12/24,107.71
2013/12/25,107.71
2013/12/26,107.71
2013/12/27,108.68
2013/12/28,108.68
2013/12/29,108.68
2013/12/30,108.73
2013/12/31,109.22
2014/01/01,109.22
2014/01/02,107.6
2014/01/03,107.61
2014/01/04,107.61
2014/01/05,107.61
2014/01/06,107.33
2014/01/07,107.89
2014/01/08,107.76
2014/01/09,107.61
2014/01/10,108.35
2014/01/11,108.35
2014/01/12,108.35
2014/01/13,107.11
2014/01/14,108.11
2014/01/15,108.59
2014/01/16,108.31
2014/01/17,107.95
2014/01/18,107.95
2014/01/19,107.95
2014/01/20,107.96
2014/01/21,108.17
2014/01/22,108.37
2014/01/23,107.28
2014/01/24,104.78
2014/01/25,104.78
2014/01/26,104.78
2014/01/27,104.31
2014/01/28,105.03
2014/01/29,103.82
2014/01/30,104.78
2014/01/31,104.78
2014/02/01,104.78
2014/02/02,104.78
2014/02/03,104.78
2014/02/04,102.5
2014/02/05,102.41
2014/02/06,104.12
2014/02/07,105.37
2014/02/08,105.37
2014/02/09,105.37
2014/02/10,105.15
2014/02/11,106.61
2014/02/12,106.53
2014/02/13,107.01
2014/02/14,107.56
2014/02/15,107.56
2014/02/16,107.56
2014/02/17,107.55
2014/02/18,107.64
2014/02/19,106.91
2014/02/20,107.48
2014/02/21,107.6
2014/02/22,107.6
2014/02/23,107.6
2014/02/24,108.16
2014/02/25,107.96
2014/02/26,107.74
2014/02/27,108.53
2014/02/28,108.53
2014/03/01,108.53
2014/03/02,108.53
2014/03/03,107.12
2014/03/04,108.92
2014/03/05,108.9
2014/03/06,109.63
2014/03/07,109.1
2014/03/08,109.1
2014/03/09,109.1
2014/03/10,108.64
2014/03/11,108.04
2014/03/12,108.01
2014/03/13,106.51
2014/03/14,106.26
2014/03/15,106.26
2014/03/16,106.26
2014/03/17,107.35
2014/03/18,108.27
2014/03/19,107.46
2014/03/20,108.02
2014/03/21,107.77
2014/03/22,107.77
2014/03/23,107.77
2014/03/24,107.74
2014/03/25,108.32
2014/03/26,108.02
2014/03/27,108.64
2014/03/28,109.19
2014/03/29,109.19
2014/03/30,109.19
2014/03/31,109.99
2014/04/01,110.69
2014/04/02,111.25
2014/04/03,110.86
2014/04/04,110.21
2014/04/05,110.21
2014/04/06,110.21
2014/04/07,109.77
2014/04/08,109.98
2014/04/09,111.03
2014/04/10,109.0
2014/04/11,108.44
2014/04/12,108.44
2014/04/13,108.44
2014/04/14,109.07
2014/04/15,108.96
2014/04/16,110.18
2014/04/17,110.66
2014/04/18,110.66
2014/04/19,110.66
2014/04/20,110.66
2014/04/21,110.66
2014/04/22,111.16
2014/04/23,110.91
2014/04/24,111.16
2014/04/25,110.27
2014/04/26,110.27
2014/04/27,110.27
2014/04/28,110.59
2014/04/29,111.24
2014/04/30,111.52
2014/05/01,111.52
2014/05/02,111.84
2014/05/03,111.84
2014/05/04,111.84
2014/05/05,111.78
2014/05/06,111.78
2014/05/07,111.95
2014/05/08,111.76
2014/05/09,111.77
2014/05/10,111.77
2014/05/11,111.77
2014/05/12,112.77
2014/05/13,112.91
2014/05/14,112.63
2014/05/15,111.7
2014/05/16,112.17
2014/05/17,112.17
2014/05/18,112.17
2014/05/19,112.09
2014/05/20,111.22
2014/05/21,112.09
2014/05/22,112.35
2014/05/23,112.55
2014/05/24,112.55
2014/05/25,112.55
2014/05/26,112.54
2014/05/27,112.93
2014/05/28,112.91
2014/05/29,113.4
2014/05/30,113.06
2014/05/31,113.06
2014/06/01,113.06
2014/06/02,113.06
2014/06/03,113.17
2014/06/04,113.06
2014/06/05,113.87
2014/06/06,114.81
2014/06/07,114.81
2014/06/08,114.81
2014/06/09,115.15
2014/06/10,115.09
2014/06/11,114.78
2014/06/12,114.15
2014/06/13,114.45
2014/06/14,114.45
2014/06/15,114.45
2014/06/16,114.41
2014/06/17,114.33
2014/06/18,115.46
2014/06/19,115.6
2014/06/20,115.68
2014/06/21,115.68
2014/06/22,115.68
2014/06/23,115.54
2014/06/24,114.45
2014/06/25,114.67
2014/06/26,114.67
2014/06/27,114.82
2014/06/28,114.82
2014/06/29,114.82
2014/06/30,114.69
2014/07/01,114.69
2014/07/02,115.47
2014/07/03,116.04
2014/07/04,116.05
2014/07/05,116.05
2014/07/06,116.05
2014/07/07,115.53
2014/07/08,114.72
2014/07/09,115.41
2014/07/10,114.73
2014/07/11,114.92
2014/07/12,114.92
2014/07/13,114.92
2014/07/14,115.78
2014/07/15,115.64
2014/07/16,116.1
2014/07/17,114.68
2014/07/18,116.02
2014/07/19,116.02
2014/07/20,116.02
2014/07/21,115.93
2014/07/22,116.52
2014/07/23,116.51
2014/07/24,116.75
2014/07/25,116.22
2014/07/26,116.22
2014/07/27,116.22
2014/07/28,116.24
2014/07/29,115.73
2014/07/30,115.48
2014/07/31,113.27
2014/08/01,112.91
2014/08/02,112.91
2014/08/03,112.91
2014/08/04,113.69
2014/08/05,112.45
2014/08/06,112.49
2014/08/07,111.66
2014/08/08,112.51
2014/08/09,112.51
2014/08/10,112.51
2014/08/11,113.2
2014/08/12,113.06
2014/08/13,113.49
2014/08/14,114.02
2014/08/15,114.19
2014/08/16,114.19
2014/08/17,114.19
2014/08/18,115.13
2014/08/19,115.73
2014/08/20,115.83
2014/08/21,116.18
2014/08/22,115.7
2014/08/23,115.7
2014/08/24,115.7
2014/08/25,116.45
2014/08/26,116.63
2014/08/27,117.02
2014/08/28,116.65
2014/08/29,117.15
2014/08/30,117.15
2014/08/31,117.15
2014/09/01,117.14
2014/09/02,117.36
2014/09/03,117.7
2014/09/04,117.15
2014/09/05,117.53
2014/09/06,117.53
2014/09/07,117.53
2014/09/08,116.52
2014/09/09,116.52
2014/09/10,115.98
2014/09/11,115.82
2014/09/12,114.93
2014/09/13,114.93
2014/09/14,114.93
2014/09/15,115.0
2014/09/16,116.04
2014/09/17,115.64
2014/09/18,116.09
2014/09/19,115.67
2014/09/20,115.67
2014/09/21,115.67
2014/09/22,114.69
2014/09/23,113.89
2014/09/24,114.58
2014/09/25,112.63
2014/09/26,113.63
2014/09/27,113.63
2014/09/28,113.63
2014/09/29,112.45
2014/09/30,112.21
2014/10/01,112.21
2014/10/02,112.21
2014/10/03,111.11
2014/10/04,111.11
2014/10/05,111.11
2014/10/06,111.98
2014/10/07,110.55
2014/10/08,112.23
2014/10/09,109.99
2014/10/10,108.25
2014/10/11,108.25
2014/10/12,108.25
2014/10/13,107.84
2014/10/14,108.05
2014/10/15,106.74
2014/10/16,106.02
2014/10/17,107.78
2014/10/18,107.78
2014/10/19,107.78
2014/10/20,108.16
2014/10/21,109.38
2014/10/22,108.58
2014/10/23,109.22
2014/10/24,110.27
2014/10/25,110.27
2014/10/26,110.27
2014/10/27,109.48
2014/10/28,111.22
2014/10/29,110.78
2014/10/30,111.93
2014/10/31,113.34
2014/11/01,113.34
2014/11/02,113.34
2014/11/03,112.79
2014/11/04,112.44
2014/11/05,112.79
2014/11/06,112.41
2014/11/07,112.71
2014/11/08,112.71
2014/11/09,112.71
2014/11/10,112.83
2014/11/11,113.08
2014/11/12,112.72
2014/11/13,112.67
2014/11/14,112.67
2014/11/15,112.67
2014/11/16,112.67
2014/11/17,112.47
2014/11/18,113.47
2014/11/19,113.6
2014/11/20,113.54
2014/11/21,115.02
2014/11/22,115.02
2014/11/23,115.02
2014/11/24,115.02
2014/11/25,115.05
2014/11/26,115.44
2014/11/27,115.43
2014/11/28,114.46
2014/11/29,114.46
2014/11/30,114.46
2014/12/01,113.46
2014/12/02,113.77
2014/12/03,114.06
2014/12/04,113.61
2014/12/05,113.83
2014/12/06,113.83
2014/12/07,113.83
2014/12/08,112.65
2014/12/09,112.38
2014/12/10,110.51
2014/12/11,110.62
2014/12/12,108.59
2014/12/13,108.59
2014/12/14,108.59
2014/12/15,107.19
2014/12/16,106.83
2014/12/17,108.67
2014/12/18,111.37
2014/12/19,111.75
2014/12/20,111.75
2014/12/21,111.75
2014/12/22,112.21
2014/12/23,112.23
2014/12/24,112.46
2014/12/25,112.46
2014/12/26,112.46
2014/12/27,112.46
2014/12/28,112.46
2014/12/29,112.55
2014/12/30,111.89
2014/12/31,110.97
2015/01/01,110.97
2015/01/02,110.39
2015/01/03,110.39
2015/01/04,110.39
2015/01/05,108.1
2015/01/06,107.39
2015/01/07,108.83
2015/01/08,110.61
2015/01/09,109.89
2015/01/10,109.89
2015/01/11,109.89
2015/01/12,109.01
2015/01/13,109.09
2015/01/14,108.67
2015/01/15,108.08
2015/01/16,109.62
2015/01/17,109.62
2015/01/18,109.62
2015/01/19,109.62
2015/01/20,109.73
2015/01/21,110.68
2015/01/22,112.03
2015/01/23,111.13
2015/01/24,111.13
2015/01/25,111.13
2015/01/26,111.76
2015/01/27,111.02
2015/01/28,109.31
2015/01/29,110.29
2015/01/30,108.46
2015/01/31,108.46
2015/02/01,108.46
2015/02/02,109.85
2015/02/03,111.67
2015/02/04,111.01
2015/02/05,112.29
2015/02/06,111.39
2015/02/07,111.39
2015/02/08,111.39
2015/02/09,111.16
2015/02/10,111.78
2015/02/11,111.33
2015/02/12,113.01
2015/02/13,113.73
2015/02/14,113.73
2015/02/15,113.73
2015/02/16,113.74
2015/02/17,113.99
2015/02/18,114.1
2015/02/19,114.1
2015/02/20,114.1
2015/02/21,114.1
2015/02/22,114.1
2015/02/23,114.42
2015/02/24,115.25
2015/02/25,114.99
2015/02/26,114.83
2015/02/27,114.79
2015/02/28,114.79
2015/03/01,114.79
2015/03/02,114.81
2015/03/03,114.26
2015/03/04,113.52
2015/03/05,113.46
2015/03/06,111.68
2015/03/07,111.68
2015/03/08,111.68
2015/03/09,111.61
2015/03/10,109.67
2015/03/11,109.84
2015/03/12,111.08
2015/03/13,110.12
2015/03/14,110.12
2015/03/15,110.12
2015/03/16,111.43
2015/03/17,111.36
2015/03/18,113.35
2015/03/19,112.12
2015/03/20,113.94
2015/03/21,113.94
2015/03/22,113.94
2015/03/23,114.22
2015/03/24,113.78
2015/03/25,112.46
2015/03/26,111.64
2015/03/27,111.75
2015/03/28,111.75
2015/03/29,111.75
2015/03/30,112.73
2015/03/31,111.71
2015/04/01,112.3
2015/04/02,113.06
2015/04/03,113.06
2015/04/04,113.06
2015/04/05,113.06
2015/04/06,113.06
2015/04/07,113.06
2015/04/08,114.4
2015/04/09,114.59
2015/04/10,114.96
2015/04/11,114.96
2015/04/12,114.96
2015/04/13,114.19
2015/04/14,114.83
2015/04/15,115.65
2015/04/16,115.85
2015/04/17,114.3
2015/04/18,114.3
2015/04/19,114.3
2015/04/20,114.79
2015/04/21,115.09
2015/04/22,115.69
2015/04/23,116.35
2015/04/24,117.02
2015/04/25,117.02
2015/04/26,117.02
2015/04/27,116.89
2015/04/28,117.1
2015/04/29,116.35
2015/04/30,115.15
2015/05/01,115.15
2015/05/02,115.15
2015/05/03,115.15
2015/05/04,116.41
2015/05/05,115.31
2015/05/06,114.97
2015/05/07,115.17
2015/05/08,117.11
2015/05/09,117.11
2015/05/10,117.11
2015/05/11,116.2
2015/05/12,115.95
2015/05/13,116.15
2015/05/14,117.57
2015/05/15,117.81
2015/05/16,117.81
2015/05/17,117.81
2015/05/18,117.46
2015/05/19,117.03
2015/05/20,117.05
2015/05/21,117.23
2015/05/22,116.52
2015/05/23,116.52
2015/05/24,116.52
2015/05/25,116.52
2015/05/26,114.75
2015/05/27,115.86
2015/05/28,115.61
2015/05/29,114.55
2015/05/30,114.55
2015/05/31,114.55
2015/06/01,114.59
2015/06/02,115.13
2015/06/03,115.25
2015/06/04,114.14
2015/06/05,113.51
2015/06/06,113.51
2015/06/07,113.51
2015/06/08,113.16
2015/06/09,112.91
2015/06/10,114.67
2015/06/11,115.01
2015/06/12,114.14
2015/06/13,114.14
2015/06/14,114.14
2015/06/15,113.51
2015/06/16,114.11
2015/06/17,114.19
2015/06/18,115.35
2015/06/19,114.58
2015/06/20,114.58
2015/06/21,114.58
2015/06/22,115.91
2015/06/23,116.09
2015/06/24,115.03
2015/06/25,114.42
2015/06/26,114.59
2015/06/27,114.59
2015/06/28,114.59
2015/06/29,111.76
2015/06/30,111.97
2015/07/01,111.97
2015/07/02,112.66
2015/07/03,112.66
2015/07/04,112.66
2015/07/05,112.66
2015/07/06,111.32
2015/07/07,111.63
2015/07/08,109.42
2015/07/09,110.25
2015/07/10,112.54
2015/07/11,112.54
2015/07/12,112.54
2015/07/13,113.51
2015/07/14,114.13
2015/07/15,113.79
2015/07/16,114.55
2015/07/17,114.28
2015/07/18,114.28
2015/07/19,114.28
2015/07/20,114.24
2015/07/21,113.93
2015/07/22,113.08
2015/07/23,112.26
2015/07/24,110.89
2015/07/25,110.89
2015/07/26,110.89
2015/07/27,110.01
2015/07/28,111.46
2015/07/29,112.2
2015/07/30,111.94
2015/07/31,112.3
2015/08/01,112.3
2015/08/02,112.3
2015/08/03,111.8
2015/08/04,111.7
2015/08/05,111.95
2015/08/06,111.23
2015/08/07,110.89
2015/08/08,110.89
2015/08/09,110.89
2015/08/10,112.47
2015/08/11,110.92
2015/08/12,110.63
2015/08/13,110.22
2015/08/14,110.49
2015/08/15,110.49
2015/08/16,110.49
2015/08/17,110.72
2015/08/18,110.35
2015/08/19,109.18
2015/08/20,107.02
2015/08/21,103.95
2015/08/22,103.95
2015/08/23,103.95
2015/08/24,100.02
2015/08/25,99.66
2015/08/26,102.96
2015/08/27,105.42
2015/08/28,105.18
2015/08/29,105.18
2015/08/30,105.18
2015/08/31,104.32
2015/09/01,100.93
2015/09/02,102.63
2015/09/03,102.63
2015/09/04,100.82
2015/09/05,100.82
2015/09/06,100.82
2015/09/07,100.81
2015/09/08,103.41
2015/09/09,102.43
2015/09/10,102.84
2015/09/11,102.99
2015/09/12,102.99
2015/09/13,102.99
2015/09/14,102.77
2015/09/15,103.76
2015/09/16,105.2
2015/09/17,104.95
2015/09/18,102.67
2015/09/19,102.67
2015/09/20,102.67
2015/09/21,102.86
2015/09/22,101.06
2015/09/23,100.38
2015/09/24,100.34
2015/09/25,100.38
2015/09/26,100.38
2015/09/27,100.38
2015/09/28,100.38
2015/09/29,98.09
2015/09/30,100.13
2015/10/01,100.13
2015/10/02,102.16
2015/10/03,102.16
2015/10/04,102.16
2015/10/05,104.16
2015/10/06,104.07
2015/10/07,105.16
2015/10/08,106.21
2015/10/09,106.42
2015/10/10,106.42
2015/10/11,106.42
2015/10/12,106.21
2015/10/13,104.94
2015/10/14,104.78
2015/10/15,106.39
2015/10/16,106.54
2015/10/17,106.54
2015/10/18,106.54
2015/10/19,106.35
2015/10/20,106.01
2015/10/21,106.01
2015/10/22,107.16
2015/10/23,108.21
2015/10/24,108.21
2015/10/25,108.21
2015/10/26,107.8
2015/10/27,107.29
2015/10/28,108.16
2015/10/29,107.75
2015/10/30,107.42
2015/10/31,107.42
2015/11/01,107.42
2015/11/02,108.69
2015/11/03,109.27
2015/11/04,108.66
2015/11/05,108.52
2015/11/06,108.17
2015/11/07,108.17
2015/11/08,108.17
2015/11/09,106.88
2015/11/10,107.14
2015/11/11,107.23
2015/11/12,105.68
2015/11/13,104.59
2015/11/14,104.59
2015/11/15,104.59
2015/11/16,106.09
2015/11/17,106.13
2015/11/18,107.64
2015/11/19,107.98
2015/11/20,108.31
2015/11/21,108.31
2015/11/22,108.31
2015/11/23,107.74
2015/11/24,107.92
2015/11/25,107.6
2015/11/26,107.62
2015/11/27,107.39
2015/11/28,107.39
2015/11/29,107.39
2015/11/30,106.85
2015/12/01,107.92
2015/12/02,106.87
2015/12/03,106.04
2015/12/04,107.36
2015/12/05,107.36
2015/12/06,107.36
2015/12/07,106.51
2015/12/08,105.48
2015/12/09,105.15
2015/12/10,104.97
2015/12/11,102.89
2015/12/12,102.89
2015/12/13,102.89
2015/12/14,103.23
2015/12/15,104.22
2015/12/16,105.97
2015/12/17,104.52
2015/12/18,102.72
2015/12/19,102.72
2015/12/20,102.72
2015/12/21,103.18
2015/12/22,104.02
2015/12/23,105.57
2015/12/24,105.22
2015/12/25,105.22
2015/12/26,105.22
2015/12/27,105.22
2015/12/28,105.01
2015/12/29,105.94
2015/12/30,104.95
2015/12/31,103.88
2016/01/01,103.88
2016/01/02,103.88
2016/01/03,103.88
2016/01/04,102.26
2016/01/05,102.39
2016/01/06,100.84
2016/01/07,98.36
2016/01/08,97.31
2016/01/09,97.31
2016/01/10,97.31
2016/01/11,97.48
2016/01/12,98.09
2016/01/13,96.12
2016/01/14,97.68
2016/01/15,95.11
2016/01/16,95.11
2016/01/17,95.11
2016/01/18,95.15
2016/01/19,95.5
2016/01/20,94.1
2016/01/21,94.43
2016/01/22,96.69
2016/01/23,96.69
2016/01/24,96.69
2016/01/25,95.13
2016/01/26,96.72
2016/01/27,95.99
2016/01/28,96.59
2016/01/29,99.03
2016/01/30,99.03
2016/01/31,99.03
2016/02/01,98.95
2016/02/02,96.55
2016/02/03,97.75
2016/02/04,98.15
2016/02/05,96.39
2016/02/06,96.39
2016/02/07,96.39
2016/02/08,96.39
2016/02/09,96.39
2016/02/10,96.39
2016/02/11,92.79
2016/02/12,94.68
2016/02/13,94.68
2016/02/14,94.68
2016/02/15,94.65
2016/02/16,96.26
2016/02/17,98.14
2016/02/18,97.53
2016/02/19,97.46
2016/02/20,97.46
2016/02/21,97.46
2016/02/22,99.04
2016/02/23,97.46
2016/02/24,97.57
2016/02/25,98.58
2016/02/26,98.18
2016/02/27,98.18
2016/02/28,98.18
2016/02/29,97.87
2016/03/01,100.56
2016/03/02,101.42
2016/03/03,102.66
2016/03/04,103.66
2016/03/05,103.66
2016/03/06,103.66
2016/03/07,103.66
2016/03/08,102.47
2016/03/09,103.01
2016/03/10,103.18
2016/03/11,105.19
2016/03/12,105.19
2016/03/13,105.19
2016/03/14,104.7
2016/03/15,103.47
2016/03/16,104.51
2016/03/17,106.21
2016/03/18,106.36
2016/03/19,106.36
2016/03/20,106.36
2016/03/21,106.43
2016/03/22,106.29
2016/03/23,104.93
2016/03/24,104.62
2016/03/25,104.62
2016/03/26,104.62
2016/03/27,104.62
2016/03/28,104.62
2016/03/29,106.42
2016/03/30,107.01
2016/03/31,106.31
2016/04/01,106.44
2016/04/02,106.44
2016/04/03,106.44
2016/04/04,106.44
2016/04/05,104.13
2016/04/06,105.15
2016/04/07,103.69
2016/04/08,105.21
2016/04/09,105.21
2016/04/10,105.21
2016/04/11,105.48
2016/04/12,107.09
2016/04/13,108.59
2016/04/14,108.48
2016/04/15,108.26
2016/04/16,108.26
2016/04/17,108.26
2016/04/18,108.7
2016/04/19,110.15
2016/04/20,110.16
2016/04/21,109.39
2016/04/22,109.33
2016/04/23,109.33
2016/04/24,109.33
2016/04/25,108.78
2016/04/26,109.44
2016/04/27,110.05
2016/04/28,109.02
2016/04/29,108.75
2016/04/30,108.75
2016/05/01,108.75
2016/05/02,108.75
2016/05/03,107.36
2016/05/04,106.64
2016/05/05,106.31
2016/05/06,106.77
2016/05/07,106.77
2016/05/08,106.77
2016/05/09,106.3
2016/05/10,108.23
2016/05/11,107.43
2016/05/12,107.41
2016/05/13,105.92
2016/05/14,105.92
2016/05/15,105.92
2016/05/16,107.06
2016/05/17,106.11
2016/05/18,105.66
2016/05/19,105.02
2016/05/20,105.78
2016/05/21,105.78
2016/05/22,105.78
2016/05/23,105.28
2016/05/24,106.56
2016/05/25,107.38
2016/05/26,107.59
2016/05/27,107.54
2016/05/28,107.54
2016/05/29,107.54
2016/05/30,107.55
2016/05/31,106.92
2016/06/01,107.19
2016/06/02,107.51
2016/06/03,108.06
2016/06/04,108.06
2016/06/05,108.06
2016/06/06,108.56
2016/06/07,109.18
2016/06/08,110.03
2016/06/09,110.03
2016/06/10,106.78
2016/06/11,106.78
2016/06/12,106.78
2016/06/13,105.66
2016/06/14,104.66
2016/06/15,105.04
2016/06/16,105.39
2016/06/17,105.79
2016/06/18,105.79
2016/06/19,105.79
2016/06/20,107.37
2016/06/21,107.74
2016/06/22,107.46
2016/06/23,109.74
2016/06/24,103.62
2016/06/25,103.62
2016/06/26,103.62
2016/06/27,101.55
2016/06/28,104.11
2016/06/29,106.3
2016/06/30,107.83
2016/07/01,107.83
2016/07/02,107.83
2016/07/03,107.83
2016/07/04,108.14
2016/07/05,106.46
2016/07/06,106.57
2016/07/07,106.27
2016/07/08,108.32
2016/07/09,108.32
2016/07/10,108.32
2016/07/11,109.21
2016/07/12,110.32
2016/07/13,110.35
2016/07/14,111.25
2016/07/15,110.93
2016/07/16,110.93
2016/07/17,110.93
2016/07/18,111.54
2016/07/19,111.12
2016/07/20,111.79
2016/07/21,111.26
2016/07/22,111.79
2016/07/23,111.79
2016/07/24,111.79
2016/07/25,111.28
2016/07/26,111.52
2016/07/27,111.54
2016/07/28,111.3
2016/07/29,112.21
2016/07/30,112.21
2016/07/31,112.21
2016/08/01,111.57
2016/08/02,111.57
2016/08/03,111.39
2016/08/04,111.9
2016/08/05,112.7
2016/08/06,112.7
2016/08/07,112.7
2016/08/08,112.87
2016/08/09,113.43
2016/08/10,113.26
2016/08/11,114.27
2016/08/12,113.97
2016/08/13,113.97
2016/08/14,113.97
2016/08/15,114.61
2016/08/16,114.17
2016/08/17,114.17
2016/08/18,114.46
2016/08/19,114.07
2016/08/20,114.07
2016/08/21,114.07
2016/08/22,113.7
2016/08/23,113.77
2016/08/24,113.41
2016/08/25,113.19
2016/08/26,112.57
2016/08/27,112.57
2016/08/28,112.57
2016/08/29,113.35
2016/08/30,113.05
2016/08/31,112.63
2016/09/01,112.97
2016/09/02,114.09
2016/09/03,114.09
2016/09/04,114.09
2016/09/05,114.07
2016/09/06,114.87
2016/09/07,114.75
2016/09/08,114.43
2016/09/09,111.38
2016/09/10,111.38
2016/09/11,111.38
2016/09/12,112.82
2016/09/13,110.35
2016/09/14,110.22
2016/09/15,111.39
2016/09/16,111.39
2016/09/17,111.39
2016/09/18,111.39
2016/09/19,110.71
2016/09/20,111.06
2016/09/21,112.89
2016/09/22,113.85
2016/09/23,112.91
2016/09/24,112.91
2016/09/25,112.91
2016/09/26,111.78
2016/09/27,112.69
2016/09/28,113.63
2016/09/29,112.12
2016/09/30,112.85
2016/10/01,112.85
2016/10/02,112.85
2016/10/03,113.17
2016/10/04,112.67
2016/10/05,113.49
2016/10/06,113.46
2016/10/07,113.19
2016/10/08,113.19
2016/10/09,113.19
2016/10/10,113.19
2016/10/11,112.7
2016/10/12,112.56
2016/10/13,112.39
2016/10/14,112.56
2016/10/15,112.56
2016/10/16,112.56
2016/10/17,112.55
2016/10/18,113.84
2016/10/19,114.21
2016/10/20,114.36
2016/10/21,114.36
2016/10/22,114.36
2016/10/23,114.36
2016/10/24,114.81
2016/10/25,114.64
2016/10/26,114.11
2016/10/27,113.96
2016/10/28,113.5
2016/10/29,113.5
2016/10/30,113.5
2016/10/31,113.75
2016/11/01,112.4
2016/11/02,111.42
2016/11/03,111.11
2016/11/04,110.73
2016/11/05,110.73
2016/11/06,110.73
2016/11/07,113.62
2016/11/08,114.34
2016/11/09,113.77
2016/11/10,111.89
2016/11/11,111.07
2016/11/12,111.07
2016/11/13,111.07
2016/11/14,110.79
2016/11/15,111.88
2016/11/16,111.3
2016/11/17,111.48
2016/11/18,110.97
2016/11/19,110.97
2016/11/20,110.97
2016/11/21,112.35
2016/11/22,112.73
2016/11/23,112.59
2016/11/24,112.59
2016/11/25,112.62
2016/11/26,112.62
2016/11/27,112.62
2016/11/28,112.57
2016/11/29,112.42
2016/11/30,112.53
2016/12/01,111.28
2016/12/02,111.62
2016/12/03,111.62
2016/12/04,111.62
2016/12/05,112.56
2016/12/06,113.27
2016/12/07,114.82
2016/12/08,114.87
2016/12/09,115.44
2016/12/10,115.44
2016/12/11,115.44
2016/12/12,115.02
2016/12/13,115.83
2016/12/14,114.06
2016/12/15,114.32
2016/12/16,113.91
2016/12/17,113.91
2016/12/18,113.91
2016/12/19,113.64
2016/12/20,114.22
2016/12/21,113.88
2016/12/22,113.66
2016/12/23,114.14
2016/12/24,114.14
2016/12/25,114.14
2016/12/26,114.14
2016/12/27,114.14
2016/12/28,114.04
2016/12/29,114.34
2016/12/30,113.99
2016/12/31,113.99
2017/01/01,113.99
2017/01/02,113.99
2017/01/03,115.27
2017/01/04,116.07
2017/01/05,116.56
2017/01/06,116.43
2017/01/07,116.43
2017/01/08,116.43
2017/01/09,116.12
2017/01/10,116.28
2017/01/11,117.03
2017/01/12,117.15
2017/01/13,117.28
2017/01/14,117.28
2017/01/15,117.28
2017/01/16,117.28
2017/01/17,117.12
2017/01/18,117.0
2017/01/19,116.83
2017/01/20,117.61
2017/01/21,117.61
2017/01/22,117.61
2017/01/23,118.17
2017/01/24,118.66
2017/01/25,119.89
2017/01/26,119.42
2017/01/27,119.42
2017/01/28,119.42
2017/01/29,119.42
2017/01/30,119.42
2017/01/31,119.42
2017/02/01,118.72
2017/02/02,118.9
2017/02/03,119.53
2017/02/04,119.53
2017/02/05,119.53
2017/02/06,118.76
2017/02/07,118.7
2017/02/08,119.2
2017/02/09,119.74
2017/02/10,120.56
2017/02/11,120.56
2017/02/12,120.56
2017/02/13,121.2
2017/02/14,121.53
2017/02/15,122.37
2017/02/16,122.19
2017/02/17,122.06
2017/02/18,122.06
2017/02/19,122.06
2017/02/20,122.05
2017/02/21,123.13
2017/02/22,123.01
2017/02/23,122.97
2017/02/24,122.26
2017/02/25,122.26
2017/02/26,122.26
2017/02/27,122.46
2017/02/28,121.82
2017/03/01,123.69
2017/03/02,122.34
2017/03/03,123.17
2017/03/04,123.17
2017/03/05,123.17
2017/03/06,122.69
2017/03/07,122.32
2017/03/08,121.5
2017/03/09,121.47
2017/03/10,122.22
2017/03/11,122.22
2017/03/12,122.22
2017/03/13,122.65
2017/03/14,121.86
2017/03/15,123.7
2017/03/16,123.7
2017/03/17,123.47
2017/03/18,123.47
2017/03/19,123.47
2017/03/20,123.68
2017/03/21,122.07
2017/03/22,122.37
2017/03/23,122.27
2017/03/24,122.54
2017/03/25,122.54
2017/03/26,122.54
2017/03/27,122.55
2017/03/28,123.31
2017/03/29,123.81
2017/03/30,123.6
2017/03/31,123.31
2017/04/01,123.31
2017/04/02,123.31
2017/04/03,123.38
2017/04/04,123.38
2017/04/05,122.98
2017/04/06,122.86
2017/04/07,122.94
2017/04/08,122.94
2017/04/09,122.94
2017/04/10,123.04
2017/04/11,123.02
2017/04/12,122.56
2017/04/13,121.54
2017/04/14,121.54
2017/04/15,121.54
2017/04/16,121.54
2017/04/17,121.54
2017/04/18,122.42
2017/04/19,121.75
2017/04/20,122.59
2017/04/21,122.36
2017/04/22,122.36
2017/04/23,122.36
2017/04/24,124.39
2017/04/25,125.08
2017/04/26,124.6
2017/04/27,124.58
2017/04/28,124.58
2017/04/29,124.58
2017/04/30,124.58
2017/05/01,124.58
2017/05/02,125.56
2017/05/03,125.56
2017/05/04,125.05
2017/05/05,126.14
2017/05/06,126.14
2017/05/07,126.14
2017/05/08,125.57
2017/05/09,125.68
2017/05/10,126.28
2017/05/11,126.24
2017/05/12,126.75
2017/05/13,126.75
2017/05/14,126.75
2017/05/15,127.48
2017/05/16,127.74
2017/05/17,125.53
2017/05/18,123.25
2017/05/19,125.21
2017/05/20,125.21
2017/05/21,125.21
2017/05/22,125.28
2017/05/23,125.62
2017/05/24,126.11
2017/05/25,126.23
2017/05/26,126.42
2017/05/27,126.42
2017/05/28,126.42
2017/05/29,126.45
2017/05/30,126.45
2017/05/31,125.87
2017/06/01,126.66
2017/06/02,127.32
2017/06/03,127.32
2017/06/04,127.32
2017/06/05,127.08
2017/06/06,126.98
2017/06/07,127.13
2017/06/08,127.06
2017/06/09,126.65
2017/06/10,126.65
2017/06/11,126.65
2017/06/12,126.37
2017/06/13,127.09
2017/06/14,127.16
2017/06/15,126.44
2017/06/16,126.76
2017/06/17,126.76
2017/06/18,126.76
2017/06/19,127.51
2017/06/20,126.0
2017/06/21,125.91
2017/06/22,125.99
2017/06/23,126.21
2017/06/24,126.21
2017/06/25,126.21
2017/06/26,126.81
2017/06/27,125.92
2017/06/28,127.16
2017/06/29,126.09
2017/06/30,126.41
2017/07/01,126.41
2017/07/02,126.41
2017/07/03,126.68
2017/07/04,126.66
2017/07/05,126.83
2017/07/06,125.82
2017/07/07,126.42
2017/07/08,126.42
2017/07/09,126.42
2017/07/10,127.0
2017/07/11,127.3
2017/07/12,128.62
2017/07/13,128.89
2017/07/14,129.71
2017/07/15,129.71
2017/07/16,129.71
2017/07/17,129.53
2017/07/18,129.75
2017/07/19,130.31
2017/07/20,130.55
2017/07/21,130.22
2017/07/22,130.22
2017/07/23,130.22
2017/07/24,130.12
2017/07/25,130.43
2017/07/26,130.76
2017/07/27,130.44
2017/07/28,130.53
2017/07/29,130.53
2017/07/30,130.53
2017/07/31,130.72
2017/08/01,131.26
2017/08/02,131.52
2017/08/03,131.41
2017/08/04,131.52
2017/08/05,131.52
2017/08/06,131.52
2017/08/07,131.93
2017/08/08,131.63
2017/08/09,131.24
2017/08/10,129.36
2017/08/11,129.51
2017/08/12,129.51
2017/08/13,129.51
2017/08/14,130.67
2017/08/15,130.82
2017/08/16,131.43
2017/08/17,129.5
2017/08/18,129.91
2017/08/19,129.91
2017/08/20,129.91
2017/08/21,129.96
2017/08/22,131.05
2017/08/23,131.05
2017/08/24,131.04
2017/08/25,131.33
2017/08/26,131.33
2017/08/27,131.33
2017/08/28,131.16
2017/08/29,131.15
2017/08/30,131.36
2017/08/31,132.07
2017/09/01,132.6
2017/09/02,132.6
2017/09/03,132.6
2017/09/04,132.58
2017/09/05,131.68
2017/09/06,132.65
2017/09/07,133.02
2017/09/08,132.47
2017/09/09,132.47
2017/09/10,132.47
2017/09/11,133.96
2017/09/12,134.23
2017/09/13,134.0
2017/09/14,134.12
2017/09/15,134.46
2017/09/16,134.46
2017/09/17,134.46
2017/09/18,134.66
2017/09/19,134.68
2017/09/20,134.83
2017/09/21,134.37
2017/09/22,134.59
2017/09/23,134.59
2017/09/24,134.59
2017/09/25,133.8
2017/09/26,133.58
2017/09/27,133.44
2017/09/28,133.68
2017/09/29,134.4
2017/09/30,134.4
2017/10/01,134.4
2017/10/02,134.4
2017/10/03,135.63
2017/10/04,135.58
2017/10/05,135.58
2017/10/06,135.52
2017/10/07,135.52
2017/10/08,135.52
2017/10/09,134.97
2017/10/10,135.85
2017/10/11,136.11
2017/10/12,135.89
2017/10/13,136.46
2017/10/14,136.46
2017/10/15,136.46
2017/10/16,136.41
2017/10/17,136.34
2017/10/18,136.49
2017/10/19,136.28
2017/10/20,136.49
2017/10/21,136.49
2017/10/22,136.49
2017/10/23,135.63
2017/10/24,136.01
2017/10/25,135.47
2017/10/26,135.07
2017/10/27,136.1
2017/10/28,136.1
2017/10/29,136.1
2017/10/30,135.35
2017/10/31,135.57
2017/11/01,135.61
2017/11/02,135.78
2017/11/03,135.69
2017/11/04,135.69
2017/11/05,135.69
2017/11/06,136.44
2017/11/07,135.75
2017/11/08,136.41
2017/11/09,135.56
2017/11/10,135.02
2017/11/11,135.02
2017/11/12,135.02
2017/11/13,134.9
2017/11/14,134.21
2017/11/15,133.7
2017/11/16,135.14
2017/11/17,135.27
2017/11/18,135.27
2017/11/19,135.27
2017/11/20,135.34
2017/11/21,136.39
2017/11/22,136.62
2017/11/23,136.59
2017/11/24,136.87
2017/11/25,136.87
2017/11/26,136.87
2017/11/27,136.31
2017/11/28,137.49
2017/11/29,136.79
2017/11/30,136.95
2017/12/01,136.87
2017/12/02,136.87
2017/12/03,136.87
2017/12/04,136.89
2017/12/05,136.4
2017/12/06,136.26
2017/12/07,136.17
2017/12/08,136.9
2017/12/09,136.9
2017/12/10,136.9
2017/12/11,137.28
2017/12/12,137.81
2017/12/13,137.62
2017/12/14,136.95
2017/12/15,137.72
2017/12/16,137.72
2017/12/17,137.72
2017/12/18,139.37
2017/12/19,138.58
2017/12/20,138.61
2017/12/21,139.06
2017/12/22,139.03
2017/12/23,139.03
2017/12/24,139.03
2017/12/25,139.03
2017/12/26,139.03
2017/12/27,139.14
2017/12/28,139.56
2017/12/29,139.47
2017/12/30,139.47
2017/12/31,139.47
2018/01/01,139.47
2018/01/02,141.09
2018/01/03,142.0
2018/01/04,142.86
2018/01/05,143.87
2018/01/06,143.87
2018/01/07,143.87
2018/01/08,143.95
2018/01/09,143.97
2018/01/10,143.62
2018/01/11,144.88
2018/01/12,145.95
2018/01/13,145.95
2018/01/14,145.95
2018/01/15,145.95
2018/01/16,145.7
2018/01/17,147.07
2018/01/18,147.03
2018/01/19,147.73
2018/01/20,147.73
2018/01/21,147.73
2018/01/22,148.7
2018/01/23,148.6
2018/01/24,149.95
2018/01/25,149.91
2018/01/26,151.63
2018/01/27,151.63
2018/01/28,151.63
2018/01/29,150.12
2018/01/30,148.77
2018/01/31,149.14
2018/02/01,149.42
2018/02/02,145.86
2018/02/03,145.86
2018/02/04,145.86
2018/02/05,139.92
2018/02/06,143.08
2018/02/07,141.45
2018/02/08,136.8
2018/02/09,138.52
2018/02/10,138.52
2018/02/11,138.52
2018/02/12,140.37
2018/02/13,140.58
2018/02/14,143.01
2018/02/15,144.42
2018/02/16,144.42
2018/02/17,144.42
2018/02/18,144.42
2018/02/19,144.42
2018/02/20,143.86
2018/02/21,143.18
2018/02/22,143.84
2018/02/23,145.52
2018/02/24,145.52
2018/02/25,145.52
2018/02/26,146.96
2018/02/27,144.89
2018/02/28,143.14
2018/03/01,141.46
2018/03/02,142.16
2018/03/03,142.16
2018/03/04,142.16
2018/03/05,143.4
2018/03/06,144.13
2018/03/07,143.69
2018/03/08,143.98
2018/03/09,145.99
2018/03/10,145.99
2018/03/11,145.99
2018/03/12,146.11
2018/03/13,145.17
2018/03/14,144.86
2018/03/15,144.15
2018/03/16,144.07
2018/03/17,144.07
2018/03/18,144.07
2018/03/19,142.37
2018/03/20,142.5
2018/03/21,143.12
2018/03/22,139.84
2018/03/23,137.83
2018/03/24,137.83
2018/03/25,137.83
2018/03/26,140.86
2018/03/27,138.74
2018/03/28,138.87
2018/03/29,141.01
2018/03/30,141.01
2018/03/31,141.01
2018/04/01,141.01
2018/04/02,141.01
2018/04/03,139.62
2018/04/04,140.67
2018/04/05,140.67
2018/04/06,139.49
2018/04/07,139.49
2018/04/08,139.49
2018/04/09,139.53
2018/04/10,141.7
2018/04/11,141.54
2018/04/12,142.22
2018/04/13,141.67
2018/04/14,141.67
2018/04/15,141.67
2018/04/16,141.94
2018/04/17,143.3
2018/04/18,144.22
2018/04/19,143.37
2018/04/20,142.34
2018/04/21,142.34
2018/04/22,142.34
2018/04/23,141.79
2018/04/24,140.7
2018/04/25,140.44
2018/04/26,141.85
2018/04/27,142.08
2018/04/28,142.08
2018/04/29,142.08
2018/04/30,141.0
2018/05/01,141.0
2018/05/02,139.54
2018/05/03,139.22
2018/05/04,140.21
2018/05/05,140.21
2018/05/06,140.21
2018/05/07,140.09
2018/05/08,140.0
2018/05/09,140.99
2018/05/10,142.8
2018/05/11,142.64
2018/05/12,142.64
2018/05/13,142.64
2018/05/14,142.64
2018/05/15,141.54
2018/05/16,142.16
2018/05/17,141.31
2018/05/18,140.46
2018/05/19,140.46
2018/05/20,140.46
2018/05/21,141.18
2018/05/22,141.18
2018/05/23,140.81
2018/05/24,139.93
2018/05/25,139.1
2018/05/26,139.1
2018/05/27,139.1
2018/05/28,139.05
2018/05/29,136.34
2018/05/30,138.11
2018/05/31,137.26
2018/06/01,138.36
2018/06/02,138.36
2018/06/03,138.36
2018/06/04,139.24
2018/06/05,138.41
2018/06/06,139.28
2018/06/07,138.1
2018/06/08,139.1
2018/06/09,139.1
2018/06/10,139.1
2018/06/11,139.28
2018/06/12,139.24
2018/06/13,138.85
2018/06/14,138.51
2018/06/15,138.18
2018/06/16,138.18
2018/06/17,138.18
2018/06/18,138.18
2018/06/19,136.76
2018/06/20,137.07
2018/06/21,135.78
2018/06/22,136.58
2018/06/23,136.58
2018/06/24,136.58
2018/06/25,135.07
2018/06/26,135.26
2018/06/27,133.74
2018/06/28,134.87
2018/06/29,135.32
2018/06/30,135.32
2018/07/01,135.32
2018/07/02,135.32
2018/07/03,135.29
2018/07/04,135.24
2018/07/05,136.51
2018/07/06,137.74
2018/07/07,137.74
2018/07/08,137.74
2018/07/09,138.98
2018/07/10,139.36
2018/07/11,137.55
2018/07/12,138.84
2018/07/13,139.21
2018/07/14,139.21
2018/07/15,139.21
2018/07/16,139.14
2018/07/17,139.93
2018/07/18,140.01
2018/07/19,139.32
2018/07/20,140.11
2018/07/21,140.11
2018/07/22,140.11
2018/07/23,140.11
2018/07/24,141.28
2018/07/25,142.83
2018/07/26,142.01
2018/07/27,141.93
2018/07/28,141.93
2018/07/29,141.93
2018/07/30,141.6
2018/07/31,141.77
2018/08/01,141.16
2018/08/02,141.23
2018/08/03,142.35
2018/08/04,142.35
2018/08/05,142.35
2018/08/06,142.2
2018/08/07,142.62
2018/08/08,142.31
2018/08/09,141.62
2018/08/10,139.3
2018/08/11,139.3
2018/08/12,139.3
2018/08/13,138.79
2018/08/14,139.8
2018/08/15,137.87
2018/08/16,138.72
2018/08/17,139.13
2018/08/18,139.13
2018/08/19,139.13
2018/08/20,139.42
2018/08/21,139.51
2018/08/22,140.11
2018/08/23,139.0
2018/08/24,140.02
2018/08/25,140.02
2018/08/26,140.02
2018/08/27,141.65
2018/08/28,141.19
2018/08/29,142.14
2018/08/30,140.63
2018/08/31,140.7
2018/09/01,140.7
2018/09/02,140.7
2018/09/03,140.7
2018/09/04,139.15
2018/09/05,138.68
2018/09/06,138.7
2018/09/07,138.42
2018/09/08,138.42
2018/09/09,138.42
2018/09/10,138.57
2018/09/11,138.43
2018/09/12,139.05
2018/09/13,139.76
2018/09/14,140.02
2018/09/15,140.02
2018/09/16,140.02
2018/09/17,140.05
2018/09/18,141.19
2018/09/19,141.51
2018/09/20,142.9
2018/09/21,142.7
2018/09/22,142.7
2018/09/23,142.7
2018/09/24,141.78
2018/09/25,141.78
2018/09/26,141.99
2018/09/27,142.5
2018/09/28,142.0
2018/09/29,142.0
2018/09/30,142.0
2018/10/01,142.0
2018/10/02,143.04
2018/10/03,143.48
2018/10/04,142.06
2018/10/05,141.43
2018/10/06,141.43
2018/10/07,141.43
2018/10/08,142.33
2018/10/09,142.44
2018/10/10,138.25
2018/10/11,136.01
2018/10/12,137.63
2018/10/13,137.63
2018/10/14,137.63
2018/10/15,137.08
2018/10/16,140.03
2018/10/17,140.03
2018/10/18,137.26
2018/10/19,137.52
2018/10/20,137.52
2018/10/21,137.52
2018/10/22,137.32
2018/10/23,136.23
2018/10/24,132.04
2018/10/25,134.38
2018/10/26,133.4
2018/10/27,133.4
2018/10/28,133.4
2018/10/29,131.65
2018/10/30,133.99
2018/10/31,135.01
2018/11/01,136.94
2018/11/02,136.77
2018/11/03,136.77
2018/11/04,136.77
2018/11/05,137.32
2018/11/06,137.53
2018/11/07,139.48
2018/11/08,137.84
2018/11/09,136.88
2018/11/10,136.88
2018/11/11,136.88
2018/11/12,134.46
2018/11/13,133.91
2018/11/14,133.89
2018/11/15,135.14
2018/11/16,135.85
2018/11/17,135.85
2018/11/18,135.85
2018/11/19,134.09
2018/11/20,131.18
2018/11/21,132.39
2018/11/22,132.37
2018/11/23,131.15
2018/11/24,131.15
2018/11/25,131.15
2018/11/26,131.8
2018/11/27,132.65
2018/11/28,135.4
2018/11/29,135.19
2018/11/30,135.43
2018/12/01,135.43
2018/12/02,135.43
2018/12/03,137.03
2018/12/04,133.18
2018/12/05,133.11
2018/12/06,132.67
2018/12/07,130.41
2018/12/08,130.41
2018/12/09,130.41
2018/12/10,129.51
2018/12/11,129.74
2018/12/12,131.05
2018/12/13,130.87
2018/12/14,128.93
2018/12/15,128.93
2018/12/16,128.93
2018/12/17,126.86
2018/12/18,126.83
2018/12/19,125.24
2018/12/20,124.32
2018/12/21,122.03
2018/12/22,122.03
2018/12/23,122.03
2018/12/24,119.82
2018/12/25,119.82
2018/12/26,119.82
2018/12/27,125.06
2018/12/28,125.34
2018/12/29,125.34
2018/12/30,125.34
2018/12/31,126.11
2019/01/01,126.11
2019/01/02,127.31
2019/01/03,125.31
2019/01/04,129.25
2019/01/05,129.25
2019/01/06,129.25
2019/01/07,129.85
2019/01/08,131.12
2019/01/09,132.47
2019/01/10,132.89
2019/01/11,132.48
2019/01/12,132.48
2019/01/13,132.48
2019/01/14,132.15
2019/01/15,132.96
2019/01/16,133.3
2019/01/17,134.17
2019/01/18,135.55
2019/01/19,135.55
2019/01/20,135.55
2019/01/21,135.55
2019/01/22,133.35
2019/01/23,134.16
2019/01/24,134.35
2019/01/25,135.44
2019/01/26,135.44
2019/01/27,135.44
2019/01/28,133.95
2019/01/29,134.34
2019/01/30,136.3
2019/01/31,137.45
2019/02/01,137.39
2019/02/02,137.39
2019/02/03,137.39
2019/02/04,138.2
2019/02/05,138.2
2019/02/06,138.2
2019/02/07,138.2
2019/02/08,135.94
2019/02/09,135.94
2019/02/10,135.94
2019/02/11,135.65
2019/02/12,137.63
2019/02/13,137.41
2019/02/14,137.94
2019/02/15,139.48
2019/02/16,139.48
2019/02/17,139.48
2019/02/18,139.47
2019/02/19,139.67
2019/02/20,139.8
2019/02/21,139.47
2019/02/22,140.34
2019/02/23,140.34
2019/02/24,140.34
2019/02/25,140.38
2019/02/26,140.52
2019/02/27,140.2
2019/02/28,139.31
2019/03/01,139.68
2019/03/02,139.68
2019/03/03,139.68
2019/03/04,139.16
2019/03/05,139.29
2019/03/06,138.12
2019/03/07,136.79
2019/03/08,136.86
2019/03/09,136.86
2019/03/10,136.86
2019/03/11,139.1
2019/03/12,139.42
2019/03/13,140.58
2019/03/14,140.2
2019/03/15,141.33
2019/03/16,141.33
2019/03/17,141.33
2019/03/18,142.28
2019/03/19,142.33
2019/03/20,142.03
2019/03/21,142.25
2019/03/22,138.49
2019/03/23,138.49
2019/03/24,138.49
2019/03/25,138.78
2019/03/26,139.9
2019/03/27,138.4
2019/03/28,139.15
2019/03/29,140.08
2019/03/30,140.08
2019/03/31,140.08
2019/04/01,141.89
2019/04/02,141.76
2019/04/03,141.97
2019/04/04,142.7
2019/04/05,142.7
2019/04/06,142.7
2019/04/07,142.7
2019/04/08,143.93
2019/04/09,142.92
2019/04/10,143.38
2019/04/11,142.8
2019/04/12,142.93
2019/04/13,142.93
2019/04/14,142.93
2019/04/15,142.88
2019/04/16,143.13
2019/04/17,142.91
2019/04/18,143.29
2019/04/19,143.29
2019/04/20,143.29
2019/04/21,143.29
2019/04/22,143.29
2019/04/23,144.13
2019/04/24,143.03
2019/04/25,143.3
2019/04/26,143.97
2019/04/27,143.97
2019/04/28,143.97
2019/04/29,144.06
2019/04/30,144.16
2019/05/01,144.16
2019/05/02,142.64
2019/05/03,144.08
2019/05/04,144.08
2019/05/05,144.08
2019/05/06,142.87
2019/05/07,140.56
2019/05/08,140.88
2019/05/09,140.07
2019/05/10,140.82
2019/05/11,140.82
2019/05/12,140.82
2019/05/13,140.82
2019/05/14,138.35
2019/05/15,138.67
2019/05/16,139.18
2019/05/17,138.08
2019/05/18,138.08
2019/05/19,138.08
2019/05/20,137.78
2019/05/21,139.41
2019/05/22,139.02
2019/05/23,137.55
2019/05/24,138.24
2019/05/25,138.24
2019/05/26,138.24
2019/05/27,138.22
2019/05/28,137.48
2019/05/29,137.17
2019/05/30,137.7
2019/05/31,136.28
2019/06/01,136.28
2019/06/02,136.28
2019/06/03,136.34
2019/06/04,138.81
2019/06/05,138.94
2019/06/06,139.87
2019/06/07,139.87
2019/06/08,139.87
2019/06/09,139.87
2019/06/10,141.79
2019/06/11,142.47
2019/06/12,141.5
2019/06/13,142.06
2019/06/14,141.12
2019/06/15,141.12
2019/06/16,141.12
2019/06/17,140.69
2019/06/18,142.55
2019/06/19,143.18
2019/06/20,144.58
2019/06/21,144.3
2019/06/22,144.3
2019/06/23,144.3
2019/06/24,144.44
2019/06/25,142.9
2019/06/26,143.14
2019/06/27,143.37
2019/06/28,143.88
2019/06/29,143.88
2019/06/30,143.88
2019/07/01,143.88
2019/07/02,144.91
2019/07/03,145.87
2019/07/04,145.72
2019/07/05,145.93
2019/07/06,145.93
2019/07/07,145.93
2019/07/08,145.54
2019/07/09,145.59
2019/07/10,146.47
2019/07/11,146.66
2019/07/12,147.03
2019/07/13,147.03
2019/07/14,147.03
2019/07/15,147.03
2019/07/16,146.29
2019/07/17,145.69
2019/07/18,146.31
2019/07/19,145.26
2019/07/20,145.26
2019/07/21,145.26
2019/07/22,145.57
2019/07/23,146.09
2019/07/24,146.67
2019/07/25,145.43
2019/07/26,146.08
2019/07/27,146.08
2019/07/28,146.08
2019/07/29,146.11
2019/07/30,145.17
2019/07/31,143.74
2019/08/01,142.5
2019/08/02,141.28
2019/08/03,141.28
2019/08/04,141.28
2019/08/05,137.07
2019/08/06,138.78
2019/08/07,139.37
2019/08/08,141.76
2019/08/09,140.74
2019/08/10,140.74
2019/08/11,140.74
2019/08/12,138.66
2019/08/13,140.67
2019/08/14,136.17
2019/08/15,136.49
2019/08/16,138.14
2019/08/17,138.14
2019/08/18,138.14
2019/08/19,138.88
2019/08/20,138.31
2019/08/21,139.7
2019/08/22,139.1
2019/08/23,135.93
2019/08/24,135.93
2019/08/25,135.93
2019/08/26,136.8
2019/08/27,136.64
2019/08/28,137.26
2019/08/29,139.1
2019/08/30,139.64
2019/08/31,139.64
2019/09/01,139.64
2019/09/02,139.62
2019/09/03,138.51
2019/09/04,140.62
2019/09/05,142.16
2019/09/06,142.75
2019/09/07,142.75
2019/09/08,142.75
2019/09/09,143.05
2019/09/10,143.07
2019/09/11,144.01
2019/09/12,144.6
2019/09/13,144.48
2019/09/14,144.48
2019/09/15,144.48
2019/09/16,143.83
2019/09/17,144.58
2019/09/18,144.35
2019/09/19,144.09
2019/09/20,143.78
2019/09/21,143.78
2019/09/22,143.78
2019/09/23,143.64
2019/09/24,142.51
2019/09/25,143.01
2019/09/26,143.13
2019/09/27,142.6
2019/09/28,142.6
2019/09/29,142.6
2019/09/30,142.94
2019/10/01,142.94
2019/10/02,138.7
2019/10/03,139.88
2019/10/04,141.86
2019/10/05,141.86
2019/10/06,141.86
2019/10/07,141.86
2019/10/08,139.06
2019/10/09,140.3
2019/10/10,141.35
2019/10/11,143.38
2019/10/12,143.38
2019/10/13,143.38
2019/10/14,143.12
2019/10/15,144.22
2019/10/16,144.39
2019/10/17,144.53
2019/10/18,144.35
2019/10/19,144.35
2019/10/20,144.35
2019/10/21,145.21
2019/10/22,145.36
2019/10/23,146.16
2019/10/24,146.25
2019/10/25,146.81
2019/10/26,146.81
2019/10/27,146.81
2019/10/28,147.73
2019/10/29,147.46
2019/10/30,147.87
2019/10/31,147.11
2019/11/01,148.76
2019/11/02,148.76
2019/11/03,148.76
2019/11/04,149.29
2019/11/05,149.09
2019/11/06,148.65
2019/11/07,149.21
2019/11/08,148.57
2019/11/09,148.57
2019/11/10,148.57
2019/11/11,148.55
2019/11/12,148.05
2019/11/13,147.67
2019/11/14,147.54
2019/11/15,149.08
2019/11/16,149.08
2019/11/17,149.08
2019/11/18,148.67
2019/11/19,148.43
2019/11/20,147.78
2019/11/21,147.97
2019/11/22,148.54
2019/11/23,148.54
2019/11/24,148.54
2019/11/25,149.18
2019/11/26,148.82
2019/11/27,149.33
2019/11/28,149.32
2019/11/29,148.66
2019/11/30,148.66
2019/12/01,148.66
2019/12/02,147.99
2019/12/03,147.2
2019/12/04,148.55
2019/12/05,148.88
2019/12/06,150.19
2019/12/07,150.19
2019/12/08,150.19
2019/12/09,149.77
2019/12/10,149.63
2019/12/11,150.28
2019/12/12,151.61
2019/12/13,151.91
2019/12/14,151.91
2019/12/15,151.91
2019/12/16,152.44
2019/12/17,152.33
2019/12/18,152.67
2019/12/19,153.08
2019/12/20,153.44
2019/12/21,153.44
2019/12/22,153.44
2019/12/23,153.5
2019/12/24,153.45
2019/12/25,153.45
2019/12/26,153.45
2019/12/27,154.35
2019/12/28,154.35
2019/12/29,154.35
2019/12/30,153.36
2019/12/31,153.8
2020/01/01,153.8
2020/01/02,155.81
2020/01/03,154.21
2020/01/04,154.21
2020/01/05,154.21
2020/01/06,154.34
2020/01/07,153.94
2020/01/08,154.44
2020/01/09,154.76
2020/01/10,154.16
2020/01/11,154.16
2020/01/12,154.16
2020/01/13,155.18
2020/01/14,155.02
2020/01/15,154.67
2020/01/16,155.65
2020/01/17,156.54
2020/01/18,156.54
2020/01/19,156.54
2020/01/20,156.51
2020/01/21,155.23
2020/01/22,155.67
2020/01/23,155.86
2020/01/24,154.54
2020/01/25,154.54
2020/01/26,154.54
2020/01/27,154.54
2020/01/28,154.54
2020/01/29,152.66
2020/01/30,152.76
2020/01/31,149.94
2020/02/01,149.94
2020/02/02,149.94
2020/02/03,151.08
2020/02/04,153.39
2020/02/05,154.79
2020/02/06,154.88
2020/02/07,153.73
2020/02/08,153.73
2020/02/09,153.73
2020/02/10,154.38
2020/02/11,155.24
2020/02/12,156.19
2020/02/13,155.45
2020/02/14,155.56
2020/02/15,155.56
2020/02/16,155.56
2020/02/17,155.54
2020/02/18,154.78
2020/02/19,155.63
2020/02/20,154.61
2020/02/21,153.37
2020/02/22,153.37
2020/02/23,153.37
2020/02/24,147.71
2020/02/25,144.1
2020/02/26,143.52
2020/02/27,138.01
2020/02/28,137.18
2020/02/29,137.18
2020/03/01,137.18
2020/03/02,141.89
2020/03/03,138.91
2020/03/04,143.66
2020/03/05,138.67
2020/03/06,135.87
2020/03/07,135.87
2020/03/08,135.87
2020/03/09,123.65
2020/03/10,130.3
2020/03/11,123.04
2020/03/12,109.95
2020/03/13,119.7
2020/03/14,119.7
2020/03/15,119.7
2020/03/16,105.04
2020/03/17,111.37
2020/03/18,103.98
2020/03/19,105.08
2020/03/20,101.43
2020/03/21,101.43
2020/03/22,101.43
2020/03/23,98.37
2020/03/24,107.64
2020/03/25,110.34
2020/03/26,116.17
2020/03/27,111.9
2020/03/28,111.9
2020/03/29,111.9
2020/03/30,114.7
2020/03/31,113.54
2020/04/01,108.42
2020/04/02,110.85
2020/04/03,108.65
2020/04/04,108.65
2020/04/05,108.65
2020/04/06,115.47
2020/04/07,116.07
2020/04/08,119.2
2020/04/09,121.14
2020/04/10,121.14
2020/04/11,121.14
2020/04/12,121.14
2020/04/13,121.14
2020/04/14,122.9
2020/04/15,119.7
2020/04/16,119.76
2020/04/17,123.03
2020/04/18,123.03
2020/04/19,123.03
2020/04/20,120.79
2020/04/21,117.44
2020/04/22,119.9
2020/04/23,119.49
2020/04/24,120.09
2020/04/25,120.09
2020/04/26,120.09
2020/04/27,122.19
2020/04/28,122.95
2020/04/29,126.61
2020/04/30,126.61
2020/05/01,126.61
2020/05/02,126.61
2020/05/03,126.61
2020/05/04,121.66
2020/05/05,122.45
2020/05/06,121.4
2020/05/07,122.61
2020/05/08,125.11
2020/05/09,125.11
2020/05/10,125.11
2020/05/11,124.68
2020/05/12,122.34
2020/05/13,120.47
2020/05/14,121.36
2020/05/15,121.53
2020/05/16,121.53
2020/05/17,121.53
2020/05/18,126.15
2020/05/19,124.48
2020/05/20,126.87
2020/05/21,126.25
2020/05/22,126.32
2020/05/23,126.32
2020/05/24,126.32
2020/05/25,126.23
2020/05/26,128.98
2020/05/27,131.06
2020/05/28,130.76
2020/05/29,130.95
2020/05/30,130.95
2020/05/31,130.95
2020/06/01,132.61
2020/06/02,134.51
2020/06/03,137.18
2020/06/04,136.83
2020/06/05,140.42
2020/06/06,140.42
2020/06/07,140.42
2020/06/08,142.78
2020/06/09,141.08
2020/06/10,139.9
2020/06/11,131.58
2020/06/12,133.91
2020/06/13,133.91
2020/06/14,133.91
2020/06/15,134.14
2020/06/16,136.24
2020/06/17,136.11
2020/06/18,135.56
2020/06/19,135.13
2020/06/20,135.13
2020/06/21,135.13
2020/06/22,136.04
2020/06/23,136.98
2020/06/24,133.24
2020/06/25,133.24
2020/06/26,131.72
2020/06/27,131.72
2020/06/28,131.72
2020/06/29,133.58
2020/06/30,134.43
2020/07/01,134.43
2020/07/02,136.51
2020/07/03,136.51
2020/07/04,136.51
2020/07/05,136.51
2020/07/06,138.78
2020/07/07,137.0
2020/07/08,138.31
2020/07/09,137.13
2020/07/10,138.53
2020/07/11,138.53
2020/07/12,138.53
2020/07/13,137.24
2020/07/14,139.33
2020/07/15,140.66
2020/07/16,139.94
2020/07/17,140.45
2020/07/18,140.45
2020/07/19,140.45
2020/07/20,141.58
2020/07/21,142.25
2020/07/22,143.23
2020/07/23,141.34
2020/07/24,140.69
2020/07/25,140.69
2020/07/26,140.69
2020/07/27,142.45
2020/07/28,141.49
2020/07/29,143.11
2020/07/30,141.93
2020/07/31,141.24
2020/08/01,141.24
2020/08/02,141.24
2020/08/03,142.29
2020/08/04,142.64
2020/08/05,143.66
2020/08/06,144.23
2020/08/07,143.82
2020/08/08,143.82
2020/08/09,143.82
2020/08/10,144.26
2020/08/11,143.6
2020/08/12,145.67
2020/08/13,145.32
2020/08/14,145.11
2020/08/15,145.11
2020/08/16,145.11
2020/08/17,145.32
2020/08/18,145.87
2020/08/19,145.02
2020/08/20,145.15
2020/08/21,145.02
2020/08/22,145.02
2020/08/23,145.02
2020/08/24,146.65
2020/08/25,146.98
2020/08/26,147.69
2020/08/27,147.52
2020/08/28,149.02
2020/08/29,149.02
2020/08/30,149.02
2020/08/31,147.69
2020/09/01,149.27
2020/09/02,151.12
2020/09/03,146.93
2020/09/04,146.35
2020/09/05,146.35
2020/09/06,146.35
2020/09/07,146.34
2020/09/08,142.91
2020/09/09,145.73
2020/09/10,143.28
2020/09/11,143.82
2020/09/12,143.82
2020/09/13,143.82
2020/09/14,145.63
2020/09/15,146.23
2020/09/16,145.95
2020/09/17,145.28
2020/09/18,143.3
2020/09/19,143.3
2020/09/20,143.3
2020/09/21,140.96
2020/09/22,141.73
2020/09/23,138.63
2020/09/24,139.26
2020/09/25,140.64
2020/09/26,140.64
2020/09/27,140.64
2020/09/28,142.33
2020/09/29,141.58
2020/09/30,142.4
2020/10/01,142.4
2020/10/02,142.4
2020/10/03,142.4
2020/10/04,142.4
2020/10/05,144.75
2020/10/06,142.85
2020/10/07,144.77
2020/10/08,146.46
2020/10/09,147.74
2020/10/10,147.74
2020/10/11,147.74
2020/10/12,149.49
2020/10/13,149.49
2020/10/14,147.63
2020/10/15,146.92
2020/10/16,146.86
2020/10/17,146.86
2020/10/18,146.86
2020/10/19,145.48
2020/10/20,146.41
2020/10/21,146.17
2020/10/22,147.02
