Date,環球債券基金_Price
2007/12/01,100.0
2007/12/02,100.0
2007/12/03,100.0
2007/12/04,100.0
2007/12/05,99.96
2007/12/06,99.39
2007/12/07,99.16
2007/12/08,99.16
2007/12/09,99.16
2007/12/10,98.95
2007/12/11,99.33
2007/12/12,99.07
2007/12/13,99.13
2007/12/14,98.49
2007/12/15,98.49
2007/12/16,98.49
2007/12/17,97.88
2007/12/18,97.92
2007/12/19,98.06
2007/12/20,97.98
2007/12/21,97.53
2007/12/22,97.53
2007/12/23,97.53
2007/12/24,97.48
2007/12/25,97.48
2007/12/26,97.48
2007/12/27,97.67
2007/12/28,98.6
2007/12/29,98.6
2007/12/30,98.6
2007/12/31,99.66
2008/01/01,99.66
2008/01/02,99.83
2008/01/03,100.69
2008/01/04,100.89
2008/01/05,100.89
2008/01/06,100.89
2008/01/07,100.96
2008/01/08,100.68
2008/01/09,100.89
2008/01/10,100.47
2008/01/11,101.0
2008/01/12,101.0
2008/01/13,101.0
2008/01/14,101.31
2008/01/15,101.85
2008/01/16,101.84
2008/01/17,101.66
2008/01/18,101.58
2008/01/19,101.58
2008/01/20,101.58
2008/01/21,101.48
2008/01/22,101.11
2008/01/23,101.57
2008/01/24,101.08
2008/01/25,101.78
2008/01/26,101.78
2008/01/27,101.78
2008/01/28,101.71
2008/01/29,101.68
2008/01/30,101.67
2008/01/31,102.21
2008/02/01,102.32
2008/02/02,102.32
2008/02/03,102.32
2008/02/04,101.94
2008/02/05,102.35
2008/02/06,101.72
2008/02/07,101.72
2008/02/08,101.72
2008/02/09,101.72
2008/02/10,101.72
2008/02/11,101.32
2008/02/12,100.92
2008/02/13,101.01
2008/02/14,100.53
2008/02/15,100.97
2008/02/16,100.97
2008/02/17,100.97
2008/02/18,100.92
2008/02/19,100.65
2008/02/20,100.86
2008/02/21,100.9
2008/02/22,101.31
2008/02/23,101.31
2008/02/24,101.31
2008/02/25,101.17
2008/02/26,101.05
2008/02/27,101.67
2008/02/28,102.69
2008/02/29,103.7
2008/03/01,103.7
2008/03/02,103.7
2008/03/03,104.11
2008/03/04,103.99
2008/03/05,103.67
2008/03/06,104.08
2008/03/07,104.63
2008/03/08,104.63
2008/03/09,104.63
2008/03/10,105.14
2008/03/11,104.66
2008/03/12,104.59
2008/03/13,105.41
2008/03/14,105.88
2008/03/15,105.88
2008/03/16,105.88
2008/03/17,107.26
2008/03/18,106.62
2008/03/19,106.24
2008/03/20,106.11
2008/03/21,106.11
2008/03/22,106.11
2008/03/23,106.11
2008/03/24,106.11
2008/03/25,104.86
2008/03/26,105.64
2008/03/27,106.25
2008/03/28,106.07
2008/03/29,106.07
2008/03/30,106.07
2008/03/31,106.16
2008/04/01,105.69
2008/04/02,104.73
2008/04/03,104.9
2008/04/04,104.9
2008/04/05,104.9
2008/04/06,104.9
2008/04/07,105.19
2008/04/08,105.38
2008/04/09,105.19
2008/04/10,105.87
2008/04/11,105.83
2008/04/12,105.83
2008/04/13,105.83
2008/04/14,105.67
2008/04/15,105.86
2008/04/16,105.27
2008/04/17,105.3
2008/04/18,105.01
2008/04/19,105.01
2008/04/20,105.01
2008/04/21,104.54
2008/04/22,104.91
2008/04/23,105.22
2008/04/24,104.46
2008/04/25,103.53
2008/04/26,103.53
2008/04/27,103.53
2008/04/28,103.4
2008/04/29,103.86
2008/04/30,103.88
2008/05/01,103.88
2008/05/02,103.14
2008/05/03,103.14
2008/05/04,103.14
2008/05/05,103.0
2008/05/06,103.42
2008/05/07,103.41
2008/05/08,103.29
2008/05/09,104.0
2008/05/10,104.0
2008/05/11,104.0
2008/05/12,104.0
2008/05/13,103.75
2008/05/14,103.09
2008/05/15,103.04
2008/05/16,103.22
2008/05/17,103.22
2008/05/18,103.22
2008/05/19,103.7
2008/05/20,103.7
2008/05/21,104.0
2008/05/22,104.19
2008/05/23,103.83
2008/05/24,103.83
2008/05/25,103.83
2008/05/26,104.14
2008/05/27,103.97
2008/05/28,103.3
2008/05/29,102.7
2008/05/30,102.25
2008/05/31,102.25
2008/06/01,102.25
2008/06/02,102.74
2008/06/03,102.74
2008/06/04,102.33
2008/06/05,101.91
2008/06/06,102.51
2008/06/07,102.51
2008/06/08,102.51
2008/06/09,102.51
2008/06/10,101.73
2008/06/11,101.12
2008/06/12,101.08
2008/06/13,100.38
2008/06/14,100.38
2008/06/15,100.38
2008/06/16,100.18
2008/06/17,100.73
2008/06/18,101.09
2008/06/19,100.97
2008/06/20,101.03
2008/06/21,101.03
2008/06/22,101.03
2008/06/23,101.65
2008/06/24,101.35
2008/06/25,101.57
2008/06/26,102.24
2008/06/27,102.71
2008/06/28,102.71
2008/06/29,102.71
2008/06/30,102.68
2008/07/01,102.68
2008/07/02,102.68
2008/07/03,103.21
2008/07/04,102.71
2008/07/05,102.71
2008/07/06,102.71
2008/07/07,102.84
2008/07/08,103.12
2008/07/09,102.99
2008/07/10,103.41
2008/07/11,103.17
2008/07/12,103.17
2008/07/13,103.17
2008/07/14,103.85
2008/07/15,104.14
2008/07/16,104.11
2008/07/17,103.65
2008/07/18,102.83
2008/07/19,102.83
2008/07/20,102.83
2008/07/21,102.83
2008/07/22,103.01
2008/07/23,102.34
2008/07/24,102.4
2008/07/25,102.27
2008/07/26,102.27
2008/07/27,102.27
2008/07/28,102.64
2008/07/29,103.01
2008/07/30,102.61
2008/07/31,102.9
2008/08/01,102.96
2008/08/02,102.96
2008/08/03,102.96
2008/08/04,103.09
2008/08/05,102.85
2008/08/06,102.85
2008/08/07,102.73
2008/08/08,102.23
2008/08/09,102.23
2008/08/10,102.23
2008/08/11,101.08
2008/08/12,101.17
2008/08/13,101.47
2008/08/14,101.25
2008/08/15,100.95
2008/08/16,100.95
2008/08/17,100.95
2008/08/18,100.95
2008/08/19,100.76
2008/08/20,101.16
2008/08/21,100.96
2008/08/22,100.96
2008/08/23,100.96
2008/08/24,100.96
2008/08/25,100.84
2008/08/26,101.07
2008/08/27,100.82
2008/08/28,100.95
2008/08/29,100.82
2008/08/30,100.82
2008/08/31,100.82
2008/09/01,100.69
2008/09/02,100.62
2008/09/03,100.33
2008/09/04,100.62
2008/09/05,100.13
2008/09/06,100.13
2008/09/07,100.13
2008/09/08,99.99
2008/09/09,99.42
2008/09/10,99.35
2008/09/11,98.62
2008/09/12,98.43
2008/09/13,98.43
2008/09/14,98.43
2008/09/15,98.43
2008/09/16,100.25
2008/09/17,99.63
2008/09/18,99.97
2008/09/19,98.32
2008/09/20,98.32
2008/09/21,98.32
2008/09/22,98.91
2008/09/23,100.63
2008/09/24,100.07
2008/09/25,99.73
2008/09/26,99.86
2008/09/27,99.86
2008/09/28,99.86
2008/09/29,99.97
2008/09/30,99.29
2008/10/01,99.29
2008/10/02,97.97
2008/10/03,97.89
2008/10/04,97.89
2008/10/05,97.89
2008/10/06,98.17
2008/10/07,98.17
2008/10/08,97.81
2008/10/09,97.46
2008/10/10,96.85
2008/10/11,96.85
2008/10/12,96.85
2008/10/13,96.21
2008/10/14,95.55
2008/10/15,96.0
2008/10/16,95.76
2008/10/17,95.65
2008/10/18,95.65
2008/10/19,95.65
2008/10/20,95.67
2008/10/21,95.47
2008/10/22,94.95
2008/10/23,94.68
2008/10/24,94.99
2008/10/25,94.99
2008/10/26,94.99
2008/10/27,94.65
2008/10/28,94.0
2008/10/29,94.2
2008/10/30,95.05
2008/10/31,93.94
2008/11/01,93.94
2008/11/02,93.94
2008/11/03,94.18
2008/11/04,93.61
2008/11/05,94.78
2008/11/06,95.2
2008/11/07,94.55
2008/11/08,94.55
2008/11/09,94.55
2008/11/10,95.03
2008/11/11,94.79
2008/11/12,94.37
2008/11/13,94.12
2008/11/14,94.93
2008/11/15,94.93
2008/11/16,94.93
2008/11/17,94.49
2008/11/18,94.85
2008/11/19,95.29
2008/11/20,95.95
2008/11/21,95.65
2008/11/22,95.65
2008/11/23,95.65
2008/11/24,95.77
2008/11/25,96.79
2008/11/26,98.06
2008/11/27,97.51
2008/11/28,97.58
2008/11/29,97.58
2008/11/30,97.58
2008/12/01,97.45
2008/12/02,97.9
2008/12/03,98.37
2008/12/04,98.29
2008/12/05,98.33
2008/12/06,98.33
2008/12/07,98.33
2008/12/08,97.82
2008/12/09,98.34
2008/12/10,98.42
2008/12/11,98.77
2008/12/12,99.9
2008/12/13,99.9
2008/12/14,99.9
2008/12/15,100.66
2008/12/16,102.24
2008/12/17,104.5
2008/12/18,106.45
2008/12/19,104.95
2008/12/20,104.95
2008/12/21,104.95
2008/12/22,104.37
2008/12/23,104.11
2008/12/24,103.99
2008/12/25,103.99
2008/12/26,103.99
2008/12/27,103.99
2008/12/28,103.99
2008/12/29,104.8
2008/12/30,104.5
2008/12/31,104.61
2009/01/01,104.61
2009/01/02,104.22
2009/01/03,104.22
2009/01/04,104.22
2009/01/05,103.33
2009/01/06,101.67
2009/01/07,101.24
2009/01/08,102.04
2009/01/09,103.15
2009/01/10,103.15
2009/01/11,103.15
2009/01/12,102.77
2009/01/13,102.34
2009/01/14,102.1
2009/01/15,102.03
2009/01/16,101.57
2009/01/17,101.57
2009/01/18,101.57
2009/01/19,101.81
2009/01/20,100.48
2009/01/21,99.76
2009/01/22,99.94
2009/01/23,99.52
2009/01/24,99.52
2009/01/25,99.52
2009/01/26,99.52
2009/01/27,99.52
2009/01/28,99.52
2009/01/29,99.72
2009/01/30,99.05
2009/01/31,99.05
2009/02/01,99.05
2009/02/02,98.93
2009/02/03,98.91
2009/02/04,99.27
2009/02/05,98.97
2009/02/06,98.55
2009/02/07,98.55
2009/02/08,98.55
2009/02/09,99.03
2009/02/10,99.44
2009/02/11,99.78
2009/02/12,100.02
2009/02/13,99.61
2009/02/14,99.61
2009/02/15,99.61
2009/02/16,99.18
2009/02/17,99.62
2009/02/18,98.57
2009/02/19,97.77
2009/02/20,98.13
2009/02/21,98.13
2009/02/22,98.13
2009/02/23,98.85
2009/02/24,98.31
2009/02/25,98.11
2009/02/26,97.02
2009/02/27,96.88
2009/02/28,96.88
2009/03/01,96.88
2009/03/02,97.03
2009/03/03,96.73
2009/03/04,95.61
2009/03/05,96.55
2009/03/06,96.7
2009/03/07,96.7
2009/03/08,96.7
2009/03/09,96.93
2009/03/10,95.96
2009/03/11,96.46
2009/03/12,97.48
2009/03/13,97.53
2009/03/14,97.53
2009/03/15,97.53
2009/03/16,96.9
2009/03/17,97.01
2009/03/18,97.56
2009/03/19,99.78
2009/03/20,101.0
2009/03/21,101.0
2009/03/22,101.0
2009/03/23,100.47
2009/03/24,100.15
2009/03/25,99.32
2009/03/26,99.85
2009/03/27,99.73
2009/03/28,99.73
2009/03/29,99.73
2009/03/30,99.03
2009/03/31,99.06
2009/04/01,98.88
2009/04/02,98.69
2009/04/03,98.81
2009/04/04,98.81
2009/04/05,98.81
2009/04/06,98.99
2009/04/07,98.44
2009/04/08,98.13
2009/04/09,98.26
2009/04/10,98.26
2009/04/11,98.26
2009/04/12,98.26
2009/04/13,98.26
2009/04/14,99.05
2009/04/15,99.27
2009/04/16,99.22
2009/04/17,98.42
2009/04/18,98.42
2009/04/19,98.42
2009/04/20,98.47
2009/04/21,98.28
2009/04/22,98.1
2009/04/23,98.41
2009/04/24,98.95
2009/04/25,98.95
2009/04/26,98.95
2009/04/27,99.54
2009/04/28,99.12
2009/04/29,99.43
2009/04/30,99.78
2009/05/01,99.78
2009/05/02,99.78
2009/05/03,99.78
2009/05/04,99.54
2009/05/05,99.95
2009/05/06,99.95
2009/05/07,99.52
2009/05/08,99.57
2009/05/09,99.57
2009/05/10,99.57
2009/05/11,101.0
2009/05/12,100.99
2009/05/13,101.93
2009/05/14,101.69
2009/05/15,101.69
2009/05/16,101.69
2009/05/17,101.69
2009/05/18,101.28
2009/05/19,101.28
2009/05/20,101.89
2009/05/21,102.63
2009/05/22,103.04
2009/05/23,103.04
2009/05/24,103.04
2009/05/25,103.01
2009/05/26,102.82
2009/05/27,102.52
2009/05/28,102.52
2009/05/29,102.64
2009/05/30,102.64
2009/05/31,102.64
2009/06/01,103.18
2009/06/02,103.25
2009/06/03,104.21
2009/06/04,103.23
2009/06/05,102.67
2009/06/06,102.67
2009/06/07,102.67
2009/06/08,101.58
2009/06/09,101.64
2009/06/10,102.27
2009/06/11,102.0
2009/06/12,102.76
2009/06/13,102.76
2009/06/14,102.76
2009/06/15,102.59
2009/06/16,102.16
2009/06/17,102.76
2009/06/18,102.96
2009/06/19,102.89
2009/06/20,102.89
2009/06/21,102.89
2009/06/22,103.31
2009/06/23,103.19
2009/06/24,104.1
2009/06/25,103.86
2009/06/26,104.33
2009/06/27,104.33
2009/06/28,104.33
2009/06/29,104.64
2009/06/30,104.79
2009/07/01,104.79
2009/07/02,105.03
2009/07/03,104.67
2009/07/04,104.67
2009/07/05,104.67
2009/07/06,104.85
2009/07/07,104.98
2009/07/08,105.16
2009/07/09,105.22
2009/07/10,105.86
2009/07/11,105.86
2009/07/12,105.86
2009/07/13,105.82
2009/07/14,105.58
2009/07/15,105.17
2009/07/16,105.6
2009/07/17,105.65
2009/07/18,105.65
2009/07/19,105.65
2009/07/20,105.74
2009/07/21,106.51
2009/07/22,106.39
2009/07/23,106.21
2009/07/24,105.78
2009/07/25,105.78
2009/07/26,105.78
2009/07/27,105.89
2009/07/28,106.26
2009/07/29,106.32
2009/07/30,105.83
2009/07/31,106.55
2009/08/01,106.55
2009/08/02,106.55
2009/08/03,106.97
2009/08/04,107.45
2009/08/05,107.51
2009/08/06,107.63
2009/08/07,106.79
2009/08/08,106.79
2009/08/09,106.79
2009/08/10,106.18
2009/08/11,106.18
2009/08/12,106.36
2009/08/13,106.89
2009/08/14,107.86
2009/08/15,107.86
2009/08/16,107.86
2009/08/17,107.67
2009/08/18,107.32
2009/08/19,107.75
2009/08/20,108.11
2009/08/21,107.93
2009/08/22,107.93
2009/08/23,107.93
2009/08/24,108.34
2009/08/25,108.4
2009/08/26,108.51
2009/08/27,108.32
2009/08/28,108.87
2009/08/29,108.87
2009/08/30,108.87
2009/08/31,109.02
2009/09/01,109.03
2009/09/02,108.75
2009/09/03,109.14
2009/09/04,108.83
2009/09/05,108.83
2009/09/06,108.83
2009/09/07,109.07
2009/09/08,109.07
2009/09/09,109.67
2009/09/10,110.25
2009/09/11,110.73
2009/09/12,110.73
2009/09/13,110.73
2009/09/14,110.71
2009/09/15,110.76
2009/09/16,110.89
2009/09/17,110.95
2009/09/18,110.89
2009/09/19,110.89
2009/09/20,110.89
2009/09/21,110.71
2009/09/22,110.56
2009/09/23,111.33
2009/09/24,111.39
2009/09/25,111.13
2009/09/26,111.13
2009/09/27,111.13
2009/09/28,111.73
2009/09/29,111.33
2009/09/30,111.31
2009/10/01,111.31
2009/10/02,111.49
2009/10/03,111.49
2009/10/04,111.49
2009/10/05,111.9
2009/10/06,112.01
2009/10/07,112.49
2009/10/08,112.68
2009/10/09,112.25
2009/10/10,112.25
2009/10/11,112.25
2009/10/12,111.77
2009/10/13,112.17
2009/10/14,112.17
2009/10/15,112.42
2009/10/16,112.36
2009/10/17,112.36
2009/10/18,112.36
2009/10/19,111.87
2009/10/20,112.71
2009/10/21,112.18
2009/10/22,112.54
2009/10/23,112.29
2009/10/24,112.29
2009/10/25,112.29
2009/10/26,112.29
2009/10/27,111.79
2009/10/28,111.79
2009/10/29,111.36
2009/10/30,112.15
2009/10/31,112.15
2009/11/01,112.15
2009/11/02,112.1
2009/11/03,112.09
2009/11/04,111.66
2009/11/05,111.91
2009/11/06,112.04
2009/11/07,112.04
2009/11/08,112.04
2009/11/09,112.51
2009/11/10,113.05
2009/11/11,113.29
2009/11/12,113.23
2009/11/13,112.64
2009/11/14,112.64
2009/11/15,112.64
2009/11/16,113.53
2009/11/17,113.96
2009/11/18,113.53
2009/11/19,113.77
2009/11/20,113.65
2009/11/21,113.65
2009/11/22,113.65
2009/11/23,113.59
2009/11/24,113.95
2009/11/25,114.08
2009/11/26,115.23
2009/11/27,114.93
2009/11/28,114.93
2009/11/29,114.93
2009/11/30,115.06
2009/12/01,115.23
2009/12/02,115.42
2009/12/03,114.93
2009/12/04,114.32
2009/12/05,114.32
2009/12/06,114.32
2009/12/07,113.5
2009/12/08,113.83
2009/12/09,113.37
2009/12/10,113.31
2009/12/11,113.12
2009/12/12,113.12
2009/12/13,113.12
2009/12/14,112.71
2009/12/15,112.71
2009/12/16,112.31
2009/12/17,112.57
2009/12/18,112.03
2009/12/19,112.03
2009/12/20,112.03
2009/12/21,111.35
2009/12/22,110.87
2009/12/23,110.48
2009/12/24,110.7
2009/12/25,110.7
2009/12/26,110.7
2009/12/27,110.7
2009/12/28,110.64
2009/12/29,110.61
2009/12/30,110.37
2009/12/31,110.33
2010/01/01,110.33
2010/01/02,110.33
2010/01/03,110.33
2010/01/04,110.22
2010/01/05,110.94
2010/01/06,110.7
2010/01/07,110.87
2010/01/08,110.33
2010/01/09,110.33
2010/01/10,110.33
2010/01/11,111.34
2010/01/12,111.59
2010/01/13,111.64
2010/01/14,111.96
2010/01/15,112.05
2010/01/16,112.05
2010/01/17,112.05
2010/01/18,111.77
2010/01/19,111.91
2010/01/20,111.56
2010/01/21,111.02
2010/01/22,111.16
2010/01/23,111.16
2010/01/24,111.16
2010/01/25,111.42
2010/01/26,111.49
2010/01/27,111.2
2010/01/28,110.78
2010/01/29,110.72
2010/01/30,110.72
2010/01/31,110.72
2010/02/01,110.28
2010/02/02,110.34
2010/02/03,110.39
2010/02/04,110.22
2010/02/05,110.09
2010/02/06,110.09
2010/02/07,110.09
2010/02/08,109.94
2010/02/09,109.75
2010/02/10,110.12
2010/02/11,109.87
2010/02/12,109.81
2010/02/13,109.81
2010/02/14,109.81
2010/02/15,109.81
2010/02/16,109.81
2010/02/17,109.99
2010/02/18,108.96
2010/02/19,108.35
2010/02/20,108.35
2010/02/21,108.35
2010/02/22,108.87
2010/02/23,109.27
2010/02/24,109.28
2010/02/25,109.37
2010/02/26,109.73
2010/02/27,109.73
2010/02/28,109.73
2010/03/01,110.13
2010/03/02,109.73
2010/03/03,110.15
2010/03/04,110.52
2010/03/05,109.9
2010/03/06,109.9
2010/03/07,109.9
2010/03/08,109.84
2010/03/09,109.85
2010/03/10,109.76
2010/03/11,109.64
2010/03/12,109.87
2010/03/13,109.87
2010/03/14,109.87
2010/03/15,110.17
2010/03/16,110.2
2010/03/17,110.63
2010/03/18,110.46
2010/03/19,110.0
2010/03/20,110.0
2010/03/21,110.0
2010/03/22,109.73
2010/03/23,109.97
2010/03/24,109.44
2010/03/25,108.45
2010/03/26,108.28
2010/03/27,108.28
2010/03/28,108.28
2010/03/29,108.76
2010/03/30,109.02
2010/03/31,108.85
2010/04/01,109.27
2010/04/02,109.27
2010/04/03,109.27
2010/04/04,109.27
2010/04/05,109.27
2010/04/06,109.27
2010/04/07,108.53
2010/04/08,108.52
2010/04/09,108.48
2010/04/10,108.48
2010/04/11,108.48
2010/04/12,109.62
2010/04/13,109.52
2010/04/14,109.7
2010/04/15,109.83
2010/04/16,109.84
2010/04/17,109.84
2010/04/18,109.84
2010/04/19,109.59
2010/04/20,109.6
2010/04/21,109.36
2010/04/22,109.23
2010/04/23,108.44
2010/04/24,108.44
2010/04/25,108.44
2010/04/26,108.8
2010/04/27,109.11
2010/04/28,108.23
2010/04/29,108.36
2010/04/30,108.76
2010/05/01,108.76
2010/05/02,108.76
2010/05/03,108.81
2010/05/04,108.69
2010/05/05,107.79
2010/05/06,107.88
2010/05/07,107.11
2010/05/08,107.11
2010/05/09,107.11
2010/05/10,108.02
2010/05/11,107.17
2010/05/12,106.81
2010/05/13,106.87
2010/05/14,106.75
2010/05/15,106.75
2010/05/16,106.75
2010/05/17,106.19
2010/05/18,106.44
2010/05/19,105.96
2010/05/20,106.84
2010/05/21,106.84
2010/05/22,106.84
2010/05/23,106.84
2010/05/24,107.65
2010/05/25,107.02
2010/05/26,106.86
2010/05/27,106.12
2010/05/28,106.51
2010/05/29,106.51
2010/05/30,106.51
2010/05/31,106.41
2010/06/01,106.39
2010/06/02,106.26
2010/06/03,106.04
2010/06/04,105.86
2010/06/05,105.86
2010/06/06,105.86
2010/06/07,105.25
2010/06/08,105.34
2010/06/09,105.38
2010/06/10,105.36
2010/06/11,106.15
2010/06/12,106.15
2010/06/13,106.15
2010/06/14,106.06
2010/06/15,106.27
2010/06/16,106.27
2010/06/17,106.69
2010/06/18,107.15
2010/06/19,107.15
2010/06/20,107.15
2010/06/21,107.36
2010/06/22,107.16
2010/06/23,107.09
2010/06/24,108.17
2010/06/25,108.05
2010/06/26,108.05
2010/06/27,108.05
2010/06/28,108.62
2010/06/29,108.45
2010/06/30,108.39
2010/07/01,108.39
2010/07/02,109.76
2010/07/03,109.76
2010/07/04,109.76
2010/07/05,109.77
2010/07/06,109.73
2010/07/07,110.06
2010/07/08,110.02
2010/07/09,109.91
2010/07/10,109.91
2010/07/11,109.91
2010/07/12,109.67
2010/07/13,109.62
2010/07/14,110.01
2010/07/15,110.35
2010/07/16,111.43
2010/07/17,111.43
2010/07/18,111.43
2010/07/19,111.33
2010/07/20,111.51
2010/07/21,111.46
2010/07/22,111.09
2010/07/23,111.3
2010/07/24,111.3
2010/07/25,111.3
2010/07/26,111.25
2010/07/27,111.67
2010/07/28,111.55
2010/07/29,111.85
2010/07/30,112.56
2010/07/31,112.56
2010/08/01,112.56
2010/08/02,112.65
2010/08/03,113.42
2010/08/04,113.85
2010/08/05,113.62
2010/08/06,113.97
2010/08/07,113.97
2010/08/08,113.97
2010/08/09,114.49
2010/08/10,114.03
2010/08/11,114.22
2010/08/12,113.39
2010/08/13,113.12
2010/08/14,113.12
2010/08/15,113.12
2010/08/16,113.37
2010/08/17,113.77
2010/08/18,114.04
2010/08/19,113.96
2010/08/20,114.06
2010/08/21,114.06
2010/08/22,114.06
2010/08/23,113.76
2010/08/24,114.01
2010/08/25,114.25
2010/08/26,114.28
2010/08/27,113.9
2010/08/28,113.9
2010/08/29,113.9
2010/08/30,114.06
2010/08/31,114.27
2010/09/01,113.83
2010/09/02,114.09
2010/09/03,113.89
2010/09/04,113.89
2010/09/05,113.89
2010/09/06,114.06
2010/09/07,114.21
2010/09/08,113.81
2010/09/09,113.69
2010/09/10,113.17
2010/09/11,113.17
2010/09/12,113.17
2010/09/13,113.53
2010/09/14,114.25
2010/09/15,114.89
2010/09/16,113.88
2010/09/17,114.09
2010/09/18,114.09
2010/09/19,114.09
2010/09/20,114.08
2010/09/21,114.44
2010/09/22,115.73
2010/09/23,115.73
2010/09/24,115.79
2010/09/25,115.79
2010/09/26,115.79
2010/09/27,116.73
2010/09/28,116.81
2010/09/29,117.33
2010/09/30,117.59
2010/10/01,117.59
2010/10/02,117.59
2010/10/03,117.59
2010/10/04,118.26
2010/10/05,117.86
2010/10/06,118.95
2010/10/07,119.13
2010/10/08,119.26
2010/10/09,119.26
2010/10/10,119.26
2010/10/11,119.69
2010/10/12,119.23
2010/10/13,119.48
2010/10/14,119.88
2010/10/15,119.63
2010/10/16,119.63
2010/10/17,119.63
2010/10/18,119.34
2010/10/19,119.4
2010/10/20,118.47
2010/10/21,119.21
2010/10/22,118.99
2010/10/23,118.99
2010/10/24,118.99
2010/10/25,119.48
2010/10/26,119.21
2010/10/27,118.24
2010/10/28,118.06
2010/10/29,118.83
2010/10/30,118.83
2010/10/31,118.83
2010/11/01,119.2
2010/11/02,119.07
2010/11/03,119.6
2010/11/04,119.78
2010/11/05,120.08
2010/11/06,120.08
2010/11/07,120.08
2010/11/08,119.33
2010/11/09,118.41
2010/11/10,117.76
2010/11/11,117.57
2010/11/12,116.83
2010/11/13,116.83
2010/11/14,116.83
2010/11/15,116.38
2010/11/16,115.84
2010/11/17,115.37
2010/11/18,115.38
2010/11/19,115.74
2010/11/20,115.74
2010/11/21,115.74
2010/11/22,116.23
2010/11/23,115.89
2010/11/24,114.72
2010/11/25,114.34
2010/11/26,114.33
2010/11/27,114.33
2010/11/28,114.33
2010/11/29,113.57
2010/11/30,113.28
2010/12/01,112.84
2010/12/02,113.15
2010/12/03,113.46
2010/12/04,113.46
2010/12/05,113.46
2010/12/06,114.56
2010/12/07,113.78
2010/12/08,112.95
2010/12/09,113.01
2010/12/10,112.87
2010/12/11,112.87
2010/12/12,112.87
2010/12/13,112.72
2010/12/14,113.05
2010/12/15,112.79
2010/12/16,112.33
2010/12/17,112.8
2010/12/18,112.8
2010/12/19,112.8
2010/12/20,112.56
2010/12/21,112.58
2010/12/22,112.65
2010/12/23,112.64
2010/12/24,112.79
2010/12/25,112.79
2010/12/26,112.79
2010/12/27,112.79
2010/12/28,113.29
2010/12/29,112.98
2010/12/30,114.06
2010/12/31,114.24
2011/01/01,114.24
2011/01/02,114.24
2011/01/03,114.54
2011/01/04,114.44
2011/01/05,113.86
2011/01/06,112.93
2011/01/07,112.63
2011/01/08,112.63
2011/01/09,112.63
2011/01/10,112.44
2011/01/11,112.51
2011/01/12,112.42
2011/01/13,113.16
2011/01/14,113.87
2011/01/15,113.87
2011/01/16,113.87
2011/01/17,113.81
2011/01/18,113.44
2011/01/19,113.98
2011/01/20,114.07
2011/01/21,113.98
2011/01/22,113.98
2011/01/23,113.98
2011/01/24,114.66
2011/01/25,114.93
2011/01/26,114.76
2011/01/27,114.96
2011/01/28,115.01
2011/01/29,115.01
2011/01/30,115.01
2011/01/31,114.69
2011/02/01,115.07
2011/02/02,115.57
2011/02/03,115.57
2011/02/04,115.57
2011/02/05,115.57
2011/02/06,115.57
2011/02/07,114.26
2011/02/08,113.99
2011/02/09,114.16
2011/02/10,114.29
2011/02/11,113.9
2011/02/12,113.9
2011/02/13,113.9
2011/02/14,113.71
2011/02/15,113.72
2011/02/16,113.63
2011/02/17,114.07
2011/02/18,114.17
2011/02/19,114.17
2011/02/20,114.17
2011/02/21,114.63
2011/02/22,114.73
2011/02/23,114.89
2011/02/24,115.38
2011/02/25,115.59
2011/02/26,115.59
2011/02/27,115.59
2011/02/28,115.41
2011/03/01,115.81
2011/03/02,115.54
2011/03/03,115.37
2011/03/04,115.68
2011/03/05,115.68
2011/03/06,115.68
2011/03/07,115.65
2011/03/08,115.51
2011/03/09,115.18
2011/03/10,115.66
2011/03/11,115.36
2011/03/12,115.36
2011/03/13,115.36
2011/03/14,116.12
2011/03/15,116.62
2011/03/16,116.99
2011/03/17,116.98
2011/03/18,116.84
2011/03/19,116.84
2011/03/20,116.84
2011/03/21,117.21
2011/03/22,117.34
2011/03/23,117.24
2011/03/24,117.01
2011/03/25,117.05
2011/03/26,117.05
2011/03/27,117.05
2011/03/28,116.45
2011/03/29,116.35
2011/03/30,116.14
2011/03/31,116.05
2011/04/01,115.94
2011/04/02,115.94
2011/04/03,115.94
2011/04/04,116.14
2011/04/05,116.14
2011/04/06,115.67
2011/04/07,115.79
2011/04/08,115.61
2011/04/09,115.61
2011/04/10,115.61
2011/04/11,116.15
2011/04/12,116.47
2011/04/13,116.79
2011/04/14,116.66
2011/04/15,117.21
2011/04/16,117.21
2011/04/17,117.21
2011/04/18,117.22
2011/04/19,116.92
2011/04/20,117.27
2011/04/21,118.07
2011/04/22,118.07
2011/04/23,118.07
2011/04/24,118.07
2011/04/25,118.07
2011/04/26,118.32
2011/04/27,118.85
2011/04/28,119.41
2011/04/29,119.66
2011/04/30,119.66
2011/05/01,119.66
2011/05/02,119.66
2011/05/03,119.74
2011/05/04,119.81
2011/05/05,120.18
2011/05/06,119.45
2011/05/07,119.45
2011/05/08,119.45
2011/05/09,118.91
2011/05/10,118.91
2011/05/11,119.02
2011/05/12,118.36
2011/05/13,118.4
2011/05/14,118.4
2011/05/15,118.4
2011/05/16,117.89
2011/05/17,118.19
2011/05/18,118.23
2011/05/19,118.22
2011/05/20,118.44
2011/05/21,118.44
2011/05/22,118.44
2011/05/23,117.86
2011/05/24,117.49
2011/05/25,117.62
2011/05/26,118.22
2011/05/27,118.58
2011/05/28,118.58
2011/05/29,118.58
2011/05/30,119.05
2011/05/31,119.29
2011/06/01,119.47
2011/06/02,119.23
2011/06/03,119.72
2011/06/04,119.72
2011/06/05,119.72
2011/06/06,119.72
2011/06/07,119.97
2011/06/08,120.53
2011/06/09,120.28
2011/06/10,120.18
2011/06/11,120.18
2011/06/12,120.18
2011/06/13,119.39
2011/06/14,119.38
2011/06/15,119.64
2011/06/16,118.85
2011/06/17,118.87
2011/06/18,118.87
2011/06/19,118.87
2011/06/20,119.13
2011/06/21,119.34
2011/06/22,119.48
2011/06/23,119.3
2011/06/24,119.12
2011/06/25,119.12
2011/06/26,119.12
2011/06/27,118.24
2011/06/28,118.65
2011/06/29,118.54
2011/06/30,119.08
2011/07/01,119.08
2011/07/02,119.08
2011/07/03,119.08
2011/07/04,119.42
2011/07/05,119.35
2011/07/06,119.06
2011/07/07,118.59
2011/07/08,118.86
2011/07/09,118.86
2011/07/10,118.86
2011/07/11,118.69
2011/07/12,118.36
2011/07/13,118.45
2011/07/14,119.41
2011/07/15,119.12
2011/07/16,119.12
2011/07/17,119.12
2011/07/18,118.77
2011/07/19,119.05
2011/07/20,118.97
2011/07/21,119.27
2011/07/22,120.03
2011/07/23,120.03
2011/07/24,120.03
2011/07/25,119.96
2011/07/26,120.23
2011/07/27,120.96
2011/07/28,120.43
2011/07/29,120.75
2011/07/30,120.75
2011/07/31,120.75
2011/08/01,121.07
2011/08/02,121.21
2011/08/03,121.0
2011/08/04,122.17
2011/08/05,120.34
2011/08/06,120.34
2011/08/07,120.34
2011/08/08,122.18
2011/08/09,121.52
2011/08/10,122.86
2011/08/11,121.45
2011/08/12,121.65
2011/08/13,121.65
2011/08/14,121.65
2011/08/15,121.91
2011/08/16,122.49
2011/08/17,122.82
2011/08/18,123.55
2011/08/19,123.16
2011/08/20,123.16
2011/08/21,123.16
2011/08/22,123.35
2011/08/23,122.98
2011/08/24,122.73
2011/08/25,122.61
2011/08/26,122.55
2011/08/27,122.55
2011/08/28,122.55
2011/08/29,122.77
2011/08/30,123.15
2011/08/31,122.64
2011/09/01,122.49
2011/09/02,122.79
2011/09/03,122.79
2011/09/04,122.79
2011/09/05,122.62
2011/09/06,122.35
2011/09/07,121.86
2011/09/08,122.31
2011/09/09,122.01
2011/09/10,122.01
2011/09/11,122.01
2011/09/12,120.8
2011/09/13,120.8
2011/09/14,120.87
2011/09/15,120.67
2011/09/16,121.22
2011/09/17,121.22
2011/09/18,121.22
2011/09/19,120.98
2011/09/20,120.79
2011/09/21,121.34
2011/09/22,121.04
2011/09/23,120.68
2011/09/24,120.68
2011/09/25,120.68
2011/09/26,120.03
2011/09/27,120.0
2011/09/28,120.08
2011/09/29,120.08
2011/09/30,120.31
2011/10/01,120.31
2011/10/02,120.31
2011/10/03,119.92
2011/10/04,119.56
2011/10/05,119.56
2011/10/06,119.34
2011/10/07,119.32
2011/10/08,119.32
2011/10/09,119.32
2011/10/10,119.37
2011/10/11,119.9
2011/10/12,119.49
2011/10/13,120.1
2011/10/14,119.68
2011/10/15,119.68
2011/10/16,119.68
2011/10/17,120.41
2011/10/18,120.23
2011/10/19,120.17
2011/10/20,120.2
2011/10/21,120.08
2011/10/22,120.08
2011/10/23,120.08
2011/10/24,120.41
2011/10/25,121.16
2011/10/26,121.31
2011/10/27,120.63
2011/10/28,121.75
2011/10/29,121.75
2011/10/30,121.75
2011/10/31,122.31
2011/11/01,121.03
2011/11/02,120.39
2011/11/03,120.09
2011/11/04,120.72
2011/11/05,120.72
2011/11/06,120.72
2011/11/07,120.62
2011/11/08,120.5
2011/11/09,121.02
2011/11/10,119.68
2011/11/11,119.93
2011/11/12,119.93
2011/11/13,119.93
2011/11/14,120.74
2011/11/15,120.11
2011/11/16,119.78
2011/11/17,119.36
2011/11/18,119.39
2011/11/19,119.39
2011/11/20,119.39
2011/11/21,119.69
2011/11/22,119.52
2011/11/23,119.36
2011/11/24,118.6
2011/11/25,118.01
2011/11/26,118.01
2011/11/27,118.01
2011/11/28,117.86
2011/11/29,117.72
2011/11/30,117.97
2011/12/01,118.84
2011/12/02,119.01
2011/12/03,119.01
2011/12/04,119.01
2011/12/05,118.81
2011/12/06,118.91
2011/12/07,119.12
2011/12/08,119.28
2011/12/09,118.86
2011/12/10,118.86
2011/12/11,118.86
2011/12/12,119.18
2011/12/13,118.51
2011/12/14,118.34
2011/12/15,118.25
2011/12/16,118.77
2011/12/17,118.77
2011/12/18,118.77
2011/12/19,118.85
2011/12/20,118.54
2011/12/21,118.85
2011/12/22,118.55
2011/12/23,118.46
2011/12/24,118.46
2011/12/25,118.46
2011/12/26,118.46
2011/12/27,118.46
2011/12/28,118.9
2011/12/29,118.35
2011/12/30,118.54
2011/12/31,118.54
2012/01/01,118.54
2012/01/02,118.54
2012/01/03,118.71
2012/01/04,118.98
2012/01/05,118.55
2012/01/06,117.88
2012/01/07,117.88
2012/01/08,117.88
2012/01/09,117.62
2012/01/10,118.0
2012/01/11,118.25
2012/01/12,118.17
2012/01/13,118.7
2012/01/14,118.7
2012/01/15,118.7
2012/01/16,118.18
2012/01/17,118.26
2012/01/18,118.41
2012/01/19,118.59
2012/01/20,118.68
2012/01/21,118.68
2012/01/22,118.68
2012/01/23,118.68
2012/01/24,118.68
2012/01/25,118.68
2012/01/26,119.46
2012/01/27,119.75
2012/01/28,119.75
2012/01/29,119.75
2012/01/30,120.5
2012/01/31,120.71
2012/02/01,120.53
2012/02/02,121.05
2012/02/03,120.58
2012/02/04,120.58
2012/02/05,120.58
2012/02/06,120.56
2012/02/07,120.32
2012/02/08,120.54
2012/02/09,120.31
2012/02/10,120.5
2012/02/11,120.5
2012/02/12,120.5
2012/02/13,120.17
2012/02/14,120.22
2012/02/15,119.75
2012/02/16,119.34
2012/02/17,119.45
2012/02/18,119.45
2012/02/19,119.45
2012/02/20,119.62
2012/02/21,119.45
2012/02/22,119.62
2012/02/23,119.45
2012/02/24,120.15
2012/02/25,120.15
2012/02/26,120.15
2012/02/27,120.25
2012/02/28,120.42
2012/02/29,120.67
2012/03/01,120.08
2012/03/02,120.33
2012/03/03,120.33
2012/03/04,120.33
2012/03/05,119.64
2012/03/06,119.78
2012/03/07,119.61
2012/03/08,119.5
2012/03/09,119.81
2012/03/10,119.81
2012/03/11,119.81
2012/03/12,119.1
2012/03/13,118.99
2012/03/14,118.0
2012/03/15,117.43
2012/03/16,117.61
2012/03/17,117.61
2012/03/18,117.61
2012/03/19,117.96
2012/03/20,118.27
2012/03/21,118.43
2012/03/22,118.5
2012/03/23,118.7
2012/03/24,118.7
2012/03/25,118.7
2012/03/26,118.9
2012/03/27,119.33
2012/03/28,119.19
2012/03/29,119.26
2012/03/30,119.55
2012/03/31,119.55
2012/04/01,119.55
2012/04/02,119.3
2012/04/03,119.61
2012/04/04,119.61
2012/04/05,118.76
2012/04/06,118.76
2012/04/07,118.76
2012/04/08,118.76
2012/04/09,118.76
2012/04/10,119.28
2012/04/11,119.34
2012/04/12,119.45
2012/04/13,119.91
2012/04/14,119.91
2012/04/15,119.91
2012/04/16,119.2
2012/04/17,119.69
2012/04/18,119.7
2012/04/19,119.51
2012/04/20,119.44
2012/04/21,119.44
2012/04/22,119.44
2012/04/23,119.74
2012/04/24,119.73
2012/04/25,119.83
2012/04/26,120.12
2012/04/27,120.11
2012/04/28,120.11
2012/04/29,120.11
2012/04/30,120.69
2012/05/01,120.69
2012/05/02,120.73
2012/05/03,120.63
2012/05/04,120.82
2012/05/05,120.82
2012/05/06,120.82
2012/05/07,120.41
2012/05/08,120.69
2012/05/09,120.46
2012/05/10,120.34
2012/05/11,120.35
2012/05/12,120.35
2012/05/13,120.35
2012/05/14,120.29
2012/05/15,119.93
2012/05/16,119.49
2012/05/17,119.72
2012/05/18,119.71
2012/05/19,119.71
2012/05/20,119.71
2012/05/21,120.03
2012/05/22,120.03
2012/05/23,119.45
2012/05/24,119.42
2012/05/25,119.28
2012/05/26,119.28
2012/05/27,119.28
2012/05/28,119.37
2012/05/29,119.2
2012/05/30,119.38
2012/05/31,119.51
2012/06/01,119.76
2012/06/02,119.76
2012/06/03,119.76
2012/06/04,119.92
2012/06/05,120.28
2012/06/06,119.43
2012/06/07,119.56
2012/06/08,119.48
2012/06/09,119.48
2012/06/10,119.48
2012/06/11,119.84
2012/06/12,118.86
2012/06/13,118.77
2012/06/14,119.02
2012/06/15,119.59
2012/06/16,119.59
2012/06/17,119.59
2012/06/18,120.04
2012/06/19,119.51
2012/06/20,119.72
2012/06/21,119.84
2012/06/22,119.09
2012/06/23,119.09
2012/06/24,119.09
2012/06/25,119.13
2012/06/26,119.0
2012/06/27,118.99
2012/06/28,119.16
2012/06/29,118.91
2012/06/30,118.91
2012/07/01,118.91
2012/07/02,118.91
2012/07/03,119.77
2012/07/04,119.84
2012/07/05,119.76
2012/07/06,119.5
2012/07/07,119.5
2012/07/08,119.5
2012/07/09,119.33
2012/07/10,119.57
2012/07/11,119.62
2012/07/12,119.76
2012/07/13,119.58
2012/07/14,119.58
2012/07/15,119.58
2012/07/16,120.04
2012/07/17,120.32
2012/07/18,120.44
2012/07/19,120.55
2012/07/20,120.66
2012/07/21,120.66
2012/07/22,120.66
2012/07/23,120.19
2012/07/24,119.96
2012/07/25,119.78
2012/07/26,120.13
2012/07/27,120.3
2012/07/28,120.3
2012/07/29,120.3
2012/07/30,120.45
2012/07/31,120.73
2012/08/01,120.67
2012/08/02,120.56
2012/08/03,120.09
2012/08/04,120.09
2012/08/05,120.09
2012/08/06,120.96
2012/08/07,120.6
2012/08/08,120.6
2012/08/09,120.62
2012/08/10,120.5
2012/08/11,120.5
2012/08/12,120.5
2012/08/13,120.49
2012/08/14,120.43
2012/08/15,119.83
2012/08/16,119.59
2012/08/17,119.88
2012/08/18,119.88
2012/08/19,119.88
2012/08/20,119.7
2012/08/21,119.81
2012/08/22,120.64
2012/08/23,121.28
2012/08/24,121.4
2012/08/25,121.4
2012/08/26,121.4
2012/08/27,121.21
2012/08/28,121.15
2012/08/29,121.38
2012/08/30,121.44
2012/08/31,121.48
2012/09/01,121.48
2012/09/02,121.48
2012/09/03,121.82
2012/09/04,121.88
2012/09/05,121.54
2012/09/06,121.47
2012/09/07,121.52
2012/09/08,121.52
2012/09/09,121.52
2012/09/10,122.34
2012/09/11,122.2
2012/09/12,122.44
2012/09/13,122.79
2012/09/14,122.57
2012/09/15,122.57
2012/09/16,122.57
2012/09/17,122.87
2012/09/18,122.79
2012/09/19,122.68
2012/09/20,122.98
2012/09/21,122.73
2012/09/22,122.73
2012/09/23,122.73
2012/09/24,122.95
2012/09/25,122.96
2012/09/26,123.2
2012/09/27,122.95
2012/09/28,123.36
2012/09/29,123.36
2012/09/30,123.36
2012/10/01,123.36
2012/10/02,123.36
2012/10/03,123.13
2012/10/04,122.89
2012/10/05,123.04
2012/10/06,123.04
2012/10/07,123.04
2012/10/08,123.02
2012/10/09,123.08
2012/10/10,122.73
2012/10/11,122.78
2012/10/12,123.25
2012/10/13,123.25
2012/10/14,123.25
2012/10/15,123.05
2012/10/16,122.98
2012/10/17,123.17
2012/10/18,123.09
2012/10/19,123.03
2012/10/20,123.03
2012/10/21,123.03
2012/10/22,122.79
2012/10/23,122.79
2012/10/24,122.43
2012/10/25,122.24
2012/10/26,122.3
2012/10/27,122.3
2012/10/28,122.3
2012/10/29,122.46
2012/10/30,122.34
2012/10/31,122.69
2012/11/01,122.63
2012/11/02,122.45
2012/11/03,122.45
2012/11/04,122.45
2012/11/05,122.14
2012/11/06,122.02
2012/11/07,122.32
2012/11/08,122.37
2012/11/09,122.49
2012/11/10,122.49
2012/11/11,122.49
2012/11/12,122.42
2012/11/13,122.36
2012/11/14,122.35
2012/11/15,122.12
2012/11/16,122.01
2012/11/17,122.01
2012/11/18,122.01
2012/11/19,121.76
2012/11/20,121.76
2012/11/21,121.63
2012/11/22,121.57
2012/11/23,121.68
2012/11/24,121.68
2012/11/25,121.68
2012/11/26,122.06
2012/11/27,122.35
2012/11/28,122.41
2012/11/29,122.52
2012/11/30,122.64
2012/12/01,122.64
2012/12/02,122.64
2012/12/03,122.65
2012/12/04,122.95
2012/12/05,123.28
2012/12/06,123.04
2012/12/07,122.69
2012/12/08,122.69
2012/12/09,122.69
2012/12/10,122.38
2012/12/11,122.5
2012/12/12,122.62
2012/12/13,122.5
2012/12/14,122.48
2012/12/15,122.48
2012/12/16,122.48
2012/12/17,122.59
2012/12/18,122.55
2012/12/19,122.67
2012/12/20,122.71
2012/12/21,122.89
2012/12/22,122.89
2012/12/23,122.89
2012/12/24,122.58
2012/12/25,122.58
2012/12/26,122.58
2012/12/27,122.52
2012/12/28,122.41
2012/12/29,122.41
2012/12/30,122.41
2012/12/31,122.51
2013/01/01,122.51
2013/01/02,121.98
2013/01/03,121.62
2013/01/04,120.72
2013/01/05,120.72
2013/01/06,120.72
2013/01/07,120.71
2013/01/08,121.31
2013/01/09,121.31
2013/01/10,120.89
2013/01/11,121.43
2013/01/12,121.43
2013/01/13,121.43
2013/01/14,121.72
2013/01/15,121.78
2013/01/16,121.88
2013/01/17,121.54
2013/01/18,121.59
2013/01/19,121.59
2013/01/20,121.59
2013/01/21,121.29
2013/01/22,121.29
2013/01/23,121.75
2013/01/24,121.58
2013/01/25,121.0
2013/01/26,121.0
2013/01/27,121.0
2013/01/28,120.89
2013/01/29,120.98
2013/01/30,120.84
2013/01/31,121.19
2013/02/01,121.12
2013/02/02,121.12
2013/02/03,121.12
2013/02/04,120.98
2013/02/05,120.49
2013/02/06,120.48
2013/02/07,120.38
2013/02/08,119.97
2013/02/09,119.97
2013/02/10,119.97
2013/02/11,119.97
2013/02/12,119.97
2013/02/13,119.97
2013/02/14,120.12
2013/02/15,119.94
2013/02/16,119.94
2013/02/17,119.94
2013/02/18,119.63
2013/02/19,119.63
2013/02/20,119.86
2013/02/21,119.45
2013/02/22,119.34
2013/02/23,119.34
2013/02/24,119.34
2013/02/25,119.33
2013/02/26,119.4
2013/02/27,119.45
2013/02/28,119.8
2013/03/01,119.65
2013/03/02,119.65
2013/03/03,119.65
2013/03/04,119.19
2013/03/05,119.31
2013/03/06,119.41
2013/03/07,118.65
2013/03/08,118.88
2013/03/09,118.88
2013/03/10,118.88
2013/03/11,118.16
2013/03/12,118.34
2013/03/13,118.46
2013/03/14,118.28
2013/03/15,118.46
2013/03/16,118.46
2013/03/17,118.46
2013/03/18,118.67
2013/03/19,118.89
2013/03/20,118.55
2013/03/21,118.79
2013/03/22,118.97
2013/03/23,118.97
2013/03/24,118.97
2013/03/25,119.49
2013/03/26,119.05
2013/03/27,119.11
2013/03/28,118.83
2013/03/29,118.83
2013/03/30,118.83
2013/03/31,118.83
2013/04/01,118.83
2013/04/02,119.52
2013/04/03,119.33
2013/04/04,119.33
2013/04/05,120.1
2013/04/06,120.1
2013/04/07,120.1
2013/04/08,119.97
2013/04/09,119.85
2013/04/10,119.72
2013/04/11,119.55
2013/04/12,119.88
2013/04/13,119.88
2013/04/14,119.88
2013/04/15,120.05
2013/04/16,120.0
2013/04/17,120.4
2013/04/18,119.93
2013/04/19,119.99
2013/04/20,119.99
2013/04/21,119.99
2013/04/22,119.81
2013/04/23,119.99
2013/04/24,119.63
2013/04/25,119.74
2013/04/26,119.98
2013/04/27,119.98
2013/04/28,119.98
2013/04/29,120.49
2013/04/30,120.7
2013/05/01,120.7
2013/05/02,121.44
2013/05/03,120.68
2013/05/04,120.68
2013/05/05,120.68
2013/05/06,120.67
2013/05/07,120.27
2013/05/08,120.38
2013/05/09,120.6
2013/05/10,119.25
2013/05/11,119.25
2013/05/12,119.25
2013/05/13,118.61
2013/05/14,118.66
2013/05/15,118.19
2013/05/16,118.27
2013/05/17,118.27
2013/05/18,118.27
2013/05/19,118.27
2013/05/20,117.6
2013/05/21,117.82
2013/05/22,117.81
2013/05/23,117.12
2013/05/24,117.65
2013/05/25,117.65
2013/05/26,117.65
2013/05/27,117.93
2013/05/28,117.33
2013/05/29,116.73
2013/05/30,117.33
2013/05/31,117.68
2013/06/01,117.68
2013/06/02,117.68
2013/06/03,117.61
2013/06/04,118.07
2013/06/05,117.88
2013/06/06,117.88
2013/06/07,118.76
2013/06/08,118.76
2013/06/09,118.76
2013/06/10,118.29
2013/06/11,117.93
2013/06/12,117.93
2013/06/13,119.16
2013/06/14,119.79
2013/06/15,119.79
2013/06/16,119.79
2013/06/17,119.57
2013/06/18,119.44
2013/06/19,119.13
2013/06/20,117.53
2013/06/21,116.71
2013/06/22,116.71
2013/06/23,116.71
2013/06/24,115.52
2013/06/25,115.65
2013/06/26,115.88
2013/06/27,116.06
2013/06/28,115.99
2013/06/29,115.99
2013/06/30,115.99
2013/07/01,115.99
2013/07/02,116.08
2013/07/03,115.41
2013/07/04,115.87
2013/07/05,115.0
2013/07/06,115.0
2013/07/07,115.0
2013/07/08,114.6
2013/07/09,114.9
2013/07/10,114.66
2013/07/11,116.3
2013/07/12,116.41
2013/07/13,116.41
2013/07/14,116.41
2013/07/15,116.36
2013/07/16,116.34
2013/07/17,116.87
2013/07/18,116.81
2013/07/19,116.63
2013/07/20,116.63
2013/07/21,116.63
2013/07/22,117.21
2013/07/23,117.33
2013/07/24,117.2
2013/07/25,116.84
2013/07/26,117.43
2013/07/27,117.43
2013/07/28,117.43
2013/07/29,117.6
2013/07/30,117.47
2013/07/31,117.39
2013/08/01,117.45
2013/08/02,116.93
2013/08/03,116.93
2013/08/04,116.93
2013/08/05,117.16
2013/08/06,117.39
2013/08/07,117.68
2013/08/08,118.09
2013/08/09,118.3
2013/08/10,118.3
2013/08/11,118.3
2013/08/12,118.24
2013/08/13,117.48
2013/08/14,117.48
2013/08/15,117.0
2013/08/16,117.4
2013/08/17,117.4
2013/08/18,117.4
2013/08/19,117.04
2013/08/20,117.16
2013/08/21,117.22
2013/08/22,116.63
2013/08/23,116.56
2013/08/24,116.56
2013/08/25,116.56
2013/08/26,116.85
2013/08/27,117.1
2013/08/28,117.07
2013/08/29,116.9
2013/08/30,116.49
2013/08/31,116.49
2013/09/01,116.49
2013/09/02,116.24
2013/09/03,115.89
2013/09/04,115.71
2013/09/05,115.43
2013/09/06,115.37
2013/09/07,115.37
2013/09/08,115.37
2013/09/09,115.76
2013/09/10,115.92
2013/09/11,116.09
2013/09/12,116.49
2013/09/13,116.43
2013/09/14,116.43
2013/09/15,116.43
2013/09/16,117.13
2013/09/17,116.95
2013/09/18,117.17
2013/09/19,118.46
2013/09/20,118.46
2013/09/21,118.46
2013/09/22,118.46
2013/09/23,118.26
2013/09/24,118.43
2013/09/25,118.43
2013/09/26,118.49
2013/09/27,118.38
2013/09/28,118.38
2013/09/29,118.38
2013/09/30,118.66
2013/10/01,118.66
2013/10/02,118.83
2013/10/03,119.29
2013/10/04,119.35
2013/10/05,119.35
2013/10/06,119.35
2013/10/07,119.22
2013/10/08,119.27
2013/10/09,119.16
2013/10/10,118.69
2013/10/11,118.68
2013/10/12,118.68
2013/10/13,118.68
2013/10/14,118.68
2013/10/15,118.67
2013/10/16,118.67
2013/10/17,119.07
2013/10/18,119.82
2013/10/19,119.82
2013/10/20,119.82
2013/10/21,119.86
2013/10/22,120.09
2013/10/23,120.73
2013/10/24,120.67
2013/10/25,120.68
2013/10/26,120.68
2013/10/27,120.68
2013/10/28,120.72
2013/10/29,120.66
2013/10/30,120.42
2013/10/31,120.36
2013/11/01,119.71
2013/11/02,119.71
2013/11/03,119.71
2013/11/04,119.35
2013/11/05,119.16
2013/11/06,119.05
2013/11/07,119.51
2013/11/08,118.8
2013/11/09,118.8
2013/11/10,118.8
2013/11/11,118.39
2013/11/12,118.34
2013/11/13,118.51
2013/11/14,119.03
2013/11/15,118.74
2013/11/16,118.74
2013/11/17,118.74
2013/11/18,119.02
2013/11/19,119.13
2013/11/20,119.12
2013/11/21,118.47
2013/11/22,118.64
2013/11/23,118.64
2013/11/24,118.64
2013/11/25,118.91
2013/11/26,119.02
2013/11/27,119.02
2013/11/28,118.96
2013/11/29,119.09
2013/11/30,119.09
2013/12/01,119.09
2013/12/02,118.79
2013/12/03,118.6
2013/12/04,118.55
2013/12/05,118.38
2013/12/06,118.73
2013/12/07,118.73
2013/12/08,118.73
2013/12/09,118.84
2013/12/10,119.13
2013/12/11,119.29
2013/12/12,119.13
2013/12/13,118.88
2013/12/14,118.88
2013/12/15,118.88
2013/12/16,118.99
2013/12/17,119.1
2013/12/18,119.09
2013/12/19,118.52
2013/12/20,118.35
2013/12/21,118.35
2013/12/22,118.35
2013/12/23,118.51
2013/12/24,118.34
2013/12/25,118.34
2013/12/26,118.34
2013/12/27,118.1
2013/12/28,118.1
2013/12/29,118.1
2013/12/30,118.32
2013/12/31,118.6
2014/01/01,118.6
2014/01/02,118.6
2014/01/03,118.25
2014/01/04,118.25
2014/01/05,118.25
2014/01/06,118.25
2014/01/07,118.52
2014/01/08,118.23
2014/01/09,118.05
2014/01/10,118.52
2014/01/11,118.52
2014/01/12,118.52
2014/01/13,119.04
2014/01/14,119.14
2014/01/15,118.97
2014/01/16,118.68
2014/01/17,118.85
2014/01/18,118.85
2014/01/19,118.85
2014/01/20,118.69
2014/01/21,118.69
2014/01/22,118.69
2014/01/23,118.81
2014/01/24,119.72
2014/01/25,119.72
2014/01/26,119.72
2014/01/27,119.71
2014/01/28,119.67
2014/01/29,119.72
2014/01/30,119.86
2014/01/31,119.86
2014/02/01,119.86
2014/02/02,119.86
2014/02/03,119.86
2014/02/04,119.64
2014/02/05,119.7
2014/02/06,119.61
2014/02/07,119.83
2014/02/08,119.83
2014/02/09,119.83
2014/02/10,119.92
2014/02/11,120.03
2014/02/12,119.67
2014/02/13,119.85
2014/02/14,120.24
2014/02/15,120.24
2014/02/16,120.24
2014/02/17,120.57
2014/02/18,120.57
2014/02/19,120.63
2014/02/20,120.4
2014/02/21,120.36
2014/02/22,120.36
2014/02/23,120.36
2014/02/24,120.36
2014/02/25,120.65
2014/02/26,120.92
2014/02/27,120.86
2014/02/28,120.92
2014/03/01,120.92
2014/03/02,120.92
2014/03/03,121.49
2014/03/04,121.08
2014/03/05,121.09
2014/03/06,120.84
2014/03/07,121.13
2014/03/08,121.13
2014/03/09,121.13
2014/03/10,121.18
2014/03/11,121.06
2014/03/12,121.15
2014/03/13,121.55
2014/03/14,121.62
2014/03/15,121.62
2014/03/16,121.62
2014/03/17,121.79
2014/03/18,121.91
2014/03/19,121.71
2014/03/20,120.95
2014/03/21,120.88
2014/03/22,120.88
2014/03/23,120.88
2014/03/24,120.94
2014/03/25,121.16
2014/03/26,121.28
2014/03/27,121.4
2014/03/28,121.21
2014/03/29,121.21
2014/03/30,121.21
2014/03/31,121.14
2014/04/01,121.14
2014/04/02,120.9
2014/04/03,120.9
2014/04/04,121.01
2014/04/05,121.01
2014/04/06,121.01
2014/04/07,121.17
2014/04/08,121.38
2014/04/09,121.72
2014/04/10,122.37
2014/04/11,122.48
2014/04/12,122.48
2014/04/13,122.48
2014/04/14,122.29
2014/04/15,122.3
2014/04/16,122.24
2014/04/17,122.12
2014/04/18,122.12
2014/04/19,122.12
2014/04/20,122.12
2014/04/21,122.12
2014/04/22,121.86
2014/04/23,121.91
2014/04/24,122.03
2014/04/25,122.15
2014/04/26,122.15
2014/04/27,122.15
2014/04/28,122.08
2014/04/29,122.13
2014/04/30,122.18
2014/05/01,122.18
2014/05/02,122.7
2014/05/03,122.7
2014/05/04,122.7
2014/05/05,122.69
2014/05/06,122.69
2014/05/07,123.14
2014/05/08,123.14
2014/05/09,122.9
2014/05/10,122.9
2014/05/11,122.9
2014/05/12,122.31
2014/05/13,122.54
2014/05/14,122.65
2014/05/15,122.82
2014/05/16,122.76
2014/05/17,122.76
2014/05/18,122.76
2014/05/19,122.69
2014/05/20,122.57
2014/05/21,122.52
2014/05/22,122.41
2014/05/23,122.32
2014/05/24,122.32
2014/05/25,122.32
2014/05/26,122.31
2014/05/27,122.59
2014/05/28,122.76
2014/05/29,122.55
2014/05/30,122.52
2014/05/31,122.52
2014/06/01,122.52
2014/06/02,122.52
2014/06/03,122.06
2014/06/04,121.93
2014/06/05,122.1
2014/06/06,122.73
2014/06/07,122.73
2014/06/08,122.73
2014/06/09,122.67
2014/06/10,122.24
2014/06/11,122.06
2014/06/12,122.24
2014/06/13,122.47
2014/06/14,122.47
2014/06/15,122.47
2014/06/16,122.45
2014/06/17,122.34
2014/06/18,122.27
2014/06/19,122.56
2014/06/20,122.56
2014/06/21,122.56
2014/06/22,122.56
2014/06/23,122.48
2014/06/24,122.79
2014/06/25,122.95
2014/06/26,123.24
2014/06/27,123.23
2014/06/28,123.23
2014/06/29,123.23
2014/06/30,123.4
2014/07/01,123.4
2014/07/02,123.21
2014/07/03,123.09
2014/07/04,122.86
2014/07/05,122.86
2014/07/06,122.86
2014/07/07,122.85
2014/07/08,123.19
2014/07/09,123.24
2014/07/10,123.42
2014/07/11,123.36
2014/07/12,123.36
2014/07/13,123.36
2014/07/14,123.29
2014/07/15,123.28
2014/07/16,123.18
2014/07/17,123.34
2014/07/18,123.34
2014/07/19,123.34
2014/07/20,123.34
2014/07/21,123.46
2014/07/22,123.4
2014/07/23,123.27
2014/07/24,123.09
2014/07/25,123.19
2014/07/26,123.19
2014/07/27,123.19
2014/07/28,123.07
2014/07/29,123.24
2014/07/30,122.72
2014/07/31,122.48
2014/08/01,122.48
2014/08/02,122.48
2014/08/03,122.48
2014/08/04,122.76
2014/08/05,122.64
2014/08/06,122.53
2014/08/07,122.82
2014/08/08,122.76
2014/08/09,122.76
2014/08/10,122.76
2014/08/11,122.87
2014/08/12,122.81
2014/08/13,122.92
2014/08/14,122.97
2014/08/15,123.37
2014/08/16,123.37
2014/08/17,123.37
2014/08/18,123.24
2014/08/19,123.18
2014/08/20,122.89
2014/08/21,122.47
2014/08/22,122.64
2014/08/23,122.64
2014/08/24,122.64
2014/08/25,122.52
2014/08/26,122.55
2014/08/27,122.61
2014/08/28,122.9
2014/08/29,122.83
2014/08/30,122.83
2014/08/31,122.83
2014/09/01,122.6
2014/09/02,122.24
2014/09/03,122.01
2014/09/04,122.06
2014/09/05,121.32
2014/09/06,121.32
2014/09/07,121.32
2014/09/08,121.36
2014/09/09,121.36
2014/09/10,120.59
2014/09/11,120.42
2014/09/12,120.07
2014/09/13,120.07
2014/09/14,120.07
2014/09/15,120.18
2014/09/16,120.12
2014/09/17,120.29
2014/09/18,119.59
2014/09/19,120.11
2014/09/20,120.11
2014/09/21,120.11
2014/09/22,119.93
2014/09/23,120.05
2014/09/24,120.05
2014/09/25,119.89
2014/09/26,119.85
2014/09/27,119.85
2014/09/28,119.85
2014/09/29,119.49
2014/09/30,119.51
2014/10/01,119.51
2014/10/02,119.51
2014/10/03,119.68
2014/10/04,119.68
2014/10/05,119.68
2014/10/06,118.89
2014/10/07,119.69
2014/10/08,120.0
2014/10/09,120.46
2014/10/10,120.43
2014/10/11,120.43
2014/10/12,120.43
2014/10/13,120.23
2014/10/14,120.86
2014/10/15,120.62
2014/10/16,121.21
2014/10/17,120.97
2014/10/18,120.97
2014/10/19,120.97
2014/10/20,120.62
2014/10/21,120.85
2014/10/22,120.48
2014/10/23,120.02
2014/10/24,119.98
2014/10/25,119.98
2014/10/26,119.98
2014/10/27,120.19
2014/10/28,120.19
2014/10/29,120.23
2014/10/30,119.64
2014/10/31,119.7
2014/11/01,119.7
2014/11/02,119.7
2014/11/03,118.47
2014/11/04,118.68
2014/11/05,118.72
2014/11/06,118.21
2014/11/07,117.97
2014/11/08,117.97
2014/11/09,117.97
2014/11/10,118.37
2014/11/11,118.21
2014/11/12,118.15
2014/11/13,118.21
2014/11/14,118.26
2014/11/15,118.26
2014/11/16,118.26
2014/11/17,118.49
2014/11/18,118.19
2014/11/19,118.25
2014/11/20,118.32
2014/11/21,118.53
2014/11/22,118.53
2014/11/23,118.53
2014/11/24,117.94
2014/11/25,118.39
2014/11/26,118.74
2014/11/27,119.01
2014/11/28,118.77
2014/11/29,118.77
2014/11/30,118.77
2014/12/01,118.36
2014/12/02,118.55
2014/12/03,117.95
2014/12/04,117.66
2014/12/05,117.75
2014/12/06,117.75
2014/12/07,117.75
2014/12/08,117.27
2014/12/09,117.51
2014/12/10,118.15
2014/12/11,118.79
2014/12/12,118.42
2014/12/13,118.42
2014/12/14,118.42
2014/12/15,118.61
2014/12/16,118.67
2014/12/17,118.96
2014/12/18,117.99
2014/12/19,117.91
2014/12/20,117.91
2014/12/21,117.91
2014/12/22,117.76
2014/12/23,117.42
2014/12/24,117.21
2014/12/25,117.21
2014/12/26,117.21
2014/12/27,117.21
2014/12/28,117.21
2014/12/29,117.41
2014/12/30,117.45
2014/12/31,117.66
2015/01/01,117.66
2015/01/02,117.55
2015/01/03,117.55
2015/01/04,117.55
2015/01/05,117.08
2015/01/06,117.57
2015/01/07,117.11
2015/01/08,116.89
2015/01/09,116.88
2015/01/10,116.88
2015/01/11,116.88
2015/01/12,117.6
2015/01/13,117.54
2015/01/14,117.65
2015/01/15,118.0
2015/01/16,117.39
2015/01/17,117.39
2015/01/18,117.39
2015/01/19,117.15
2015/01/20,117.28
2015/01/21,116.76
2015/01/22,116.99
2015/01/23,116.45
2015/01/24,116.45
2015/01/25,116.45
2015/01/26,115.76
2015/01/27,115.87
2015/01/28,116.68
2015/01/29,116.33
2015/01/30,116.78
2015/01/31,116.78
2015/02/01,116.78
2015/02/02,116.8
2015/02/03,116.51
2015/02/04,116.91
2015/02/05,116.32
2015/02/06,116.54
2015/02/07,116.54
2015/02/08,116.54
2015/02/09,115.56
2015/02/10,115.5
2015/02/11,115.27
2015/02/12,115.33
2015/02/13,115.74
2015/02/14,115.74
2015/02/15,115.74
2015/02/16,115.75
2015/02/17,115.3
2015/02/18,115.4
2015/02/19,115.4
2015/02/20,115.4
2015/02/21,115.4
2015/02/22,115.4
2015/02/23,115.59
2015/02/24,115.78
2015/02/25,116.05
2015/02/26,116.03
2015/02/27,115.41
2015/02/28,115.41
2015/03/01,115.41
2015/03/02,114.88
2015/03/03,114.64
2015/03/04,114.7
2015/03/05,114.47
2015/03/06,113.77
2015/03/07,113.77
2015/03/08,113.77
2015/03/09,113.08
2015/03/10,113.38
2015/03/11,113.16
2015/03/12,112.56
2015/03/13,112.73
2015/03/14,112.73
2015/03/15,112.73
2015/03/16,112.37
2015/03/17,112.54
2015/03/18,113.13
2015/03/19,114.61
2015/03/20,113.69
2015/03/21,113.69
2015/03/22,113.69
2015/03/23,114.3
2015/03/24,114.92
2015/03/25,114.75
2015/03/26,114.72
2015/03/27,114.5
2015/03/28,114.5
2015/03/29,114.5
2015/03/30,114.49
2015/03/31,114.32
2015/04/01,114.31
2015/04/02,114.18
2015/04/03,114.18
2015/04/04,114.18
2015/04/05,114.18
2015/04/06,114.18
2015/04/07,114.18
2015/04/08,114.44
2015/04/09,114.03
2015/04/10,113.68
2015/04/11,113.68
2015/04/12,113.68
2015/04/13,113.43
2015/04/14,113.55
2015/04/15,113.9
2015/04/16,114.25
2015/04/17,114.41
2015/04/18,114.41
2015/04/19,114.41
2015/04/20,114.45
2015/04/21,114.05
2015/04/22,113.64
2015/04/23,113.64
2015/04/24,114.33
2015/04/25,114.33
2015/04/26,114.33
2015/04/27,114.61
2015/04/28,114.5
2015/04/29,114.44
2015/04/30,114.84
2015/05/01,114.84
2015/05/02,114.84
2015/05/03,114.84
2015/05/04,114.32
2015/05/05,113.56
2015/05/06,113.39
2015/05/07,114.2
2015/05/08,114.26
2015/05/09,114.26
2015/05/10,114.26
2015/05/11,113.56
2015/05/12,113.2
2015/05/13,113.44
2015/05/14,114.11
2015/05/15,114.85
2015/05/16,114.85
2015/05/17,114.85
2015/05/18,114.56
2015/05/19,114.11
2015/05/20,113.11
2015/05/21,113.19
2015/05/22,113.23
2015/05/23,113.23
2015/05/24,113.23
2015/05/25,113.23
2015/05/26,112.54
2015/05/27,112.19
2015/05/28,112.13
2015/05/29,112.41
2015/05/30,112.41
2015/05/31,112.41
2015/06/01,111.96
2015/06/02,111.14
2015/06/03,111.6
2015/06/04,112.1
2015/06/05,111.5
2015/06/06,111.5
2015/06/07,111.5
2015/06/08,110.75
2015/06/09,111.39
2015/06/10,111.28
2015/06/11,111.96
2015/06/12,111.73
2015/06/13,111.73
2015/06/14,111.73
2015/06/15,111.45
2015/06/16,111.72
2015/06/17,111.6
2015/06/18,112.18
2015/06/19,112.7
2015/06/20,112.7
2015/06/21,112.7
2015/06/22,112.5
2015/06/23,112.22
2015/06/24,111.53
2015/06/25,111.52
2015/06/26,111.3
2015/06/27,111.3
2015/06/28,111.3
2015/06/29,110.93
2015/06/30,111.69
2015/07/01,111.69
2015/07/02,110.69
2015/07/03,111.15
2015/07/04,111.15
2015/07/05,111.15
2015/07/06,111.05
2015/07/07,111.52
2015/07/08,111.45
2015/07/09,111.44
2015/07/10,111.08
2015/07/11,111.08
2015/07/12,111.08
2015/07/13,111.18
2015/07/14,110.66
2015/07/15,111.12
2015/07/16,110.94
2015/07/17,110.88
2015/07/18,110.88
2015/07/19,110.88
2015/07/20,110.69
2015/07/21,110.7
2015/07/22,111.26
2015/07/23,111.38
2015/07/24,111.73
2015/07/25,111.73
2015/07/26,111.73
2015/07/27,111.76
2015/07/28,112.17
2015/07/29,111.93
2015/07/30,111.71
2015/07/31,111.83
2015/08/01,111.83
2015/08/02,111.83
2015/08/03,112.1
2015/08/04,111.77
2015/08/05,111.13
2015/08/06,111.4
2015/08/07,111.86
2015/08/08,111.86
2015/08/09,111.86
2015/08/10,111.69
2015/08/11,112.24
2015/08/12,112.11
2015/08/13,112.03
2015/08/14,111.94
2015/08/15,111.94
2015/08/16,111.94
2015/08/17,112.03
2015/08/18,111.86
2015/08/19,111.9
2015/08/20,112.23
2015/08/21,112.34
2015/08/22,112.34
2015/08/23,112.34
2015/08/24,112.26
2015/08/25,112.01
2015/08/26,111.66
2015/08/27,111.48
2015/08/28,111.42
2015/08/29,111.42
2015/08/30,111.42
2015/08/31,111.24
2015/09/01,111.34
2015/09/02,111.23
2015/09/03,111.23
2015/09/04,111.58
2015/09/05,111.58
2015/09/06,111.58
2015/09/07,111.56
2015/09/08,111.57
2015/09/09,111.63
2015/09/10,111.5
2015/09/11,111.73
2015/09/12,111.73
2015/09/13,111.73
2015/09/14,111.77
2015/09/15,111.32
2015/09/16,111.15
2015/09/17,111.49
2015/09/18,112.17
2015/09/19,112.17
2015/09/20,112.17
2015/09/21,111.81
2015/09/22,112.05
2015/09/23,111.75
2015/09/24,111.75
2015/09/25,111.46
2015/09/26,111.46
2015/09/27,111.46
2015/09/28,111.46
2015/09/29,111.44
2015/09/30,111.56
2015/10/01,111.56
2015/10/02,112.02
2015/10/03,112.02
2015/10/04,112.02
2015/10/05,111.89
2015/10/06,111.83
2015/10/07,111.94
2015/10/08,111.94
2015/10/09,112.05
2015/10/10,112.05
2015/10/11,112.05
2015/10/12,112.21
2015/10/13,112.27
2015/10/14,112.5
2015/10/15,112.49
2015/10/16,112.49
2015/10/17,112.49
2015/10/18,112.49
2015/10/19,112.42
2015/10/20,112.14
2015/10/21,112.14
2015/10/22,112.71
2015/10/23,112.41
2015/10/24,112.41
2015/10/25,112.41
2015/10/26,112.41
2015/10/27,112.75
2015/10/28,112.58
2015/10/29,112.05
2015/10/30,112.16
2015/10/31,112.16
2015/11/01,112.16
2015/11/02,111.98
2015/11/03,111.87
2015/11/04,111.75
2015/11/05,111.58
2015/11/06,111.06
2015/11/07,111.06
2015/11/08,111.06
2015/11/09,110.77
2015/11/10,111.0
2015/11/11,111.11
2015/11/12,111.22
2015/11/13,111.38
2015/11/14,111.38
2015/11/15,111.38
2015/11/16,111.49
2015/11/17,111.49
2015/11/18,111.55
2015/11/19,111.82
2015/11/20,111.82
2015/11/21,111.82
2015/11/22,111.82
2015/11/23,111.64
2015/11/24,111.69
2015/11/25,111.81
2015/11/26,111.88
2015/11/27,111.94
2015/11/28,111.94
2015/11/29,111.94
2015/11/30,111.82
2015/12/01,112.11
2015/12/02,111.98
2015/12/03,111.29
2015/12/04,111.4
2015/12/05,111.4
2015/12/06,111.4
2015/12/07,111.72
2015/12/08,111.72
2015/12/09,111.84
2015/12/10,111.83
2015/12/11,112.18
2015/12/12,112.18
2015/12/13,112.18
2015/12/14,111.75
2015/12/15,111.31
2015/12/16,111.17
2015/12/17,111.4
2015/12/18,111.7
2015/12/19,111.7
2015/12/20,111.7
2015/12/21,111.74
2015/12/22,111.46
2015/12/23,111.29
2015/12/24,111.45
2015/12/25,111.45
2015/12/26,111.45
2015/12/27,111.45
2015/12/28,111.5
2015/12/29,111.2
2015/12/30,111.19
2015/12/31,111.24
2016/01/01,111.24
2016/01/02,111.24
2016/01/03,111.24
2016/01/04,111.41
2016/01/05,111.47
2016/01/06,111.75
2016/01/07,111.64
2016/01/08,111.93
2016/01/09,111.93
2016/01/10,111.93
2016/01/11,111.83
2016/01/12,111.79
2016/01/13,112.09
2016/01/14,111.95
2016/01/15,112.39
2016/01/16,112.39
2016/01/17,112.39
2016/01/18,112.26
2016/01/19,112.23
2016/01/20,112.51
2016/01/21,112.49
2016/01/22,112.19
2016/01/23,112.19
2016/01/24,112.19
2016/01/25,112.2
2016/01/26,112.55
2016/01/27,112.49
2016/01/28,112.8
2016/01/29,113.0
2016/01/30,113.0
2016/01/31,113.0
2016/02/01,113.0
2016/02/02,113.17
2016/02/03,113.7
2016/02/04,113.67
2016/02/05,113.61
2016/02/06,113.61
2016/02/07,113.61
2016/02/08,113.61
2016/02/09,113.61
2016/02/10,113.61
2016/02/11,114.03
2016/02/12,113.52
2016/02/13,113.52
2016/02/14,113.52
2016/02/15,113.65
2016/02/16,113.39
2016/02/17,113.46
2016/02/18,113.87
2016/02/19,113.92
2016/02/20,113.92
2016/02/21,113.92
2016/02/22,114.04
2016/02/23,114.05
2016/02/24,114.25
2016/02/25,114.41
2016/02/26,114.16
2016/02/27,114.16
2016/02/28,114.16
2016/02/29,114.44
2016/03/01,114.18
2016/03/02,114.1
2016/03/03,114.33
2016/03/04,114.19
2016/03/05,114.19
2016/03/06,114.19
2016/03/07,114.19
2016/03/08,114.74
2016/03/09,114.33
2016/03/10,114.19
2016/03/11,114.46
2016/03/12,114.46
2016/03/13,114.46
2016/03/14,114.6
2016/03/15,114.5
2016/03/16,114.67
2016/03/17,115.26
2016/03/18,115.52
2016/03/19,115.52
2016/03/20,115.52
2016/03/21,115.32
2016/03/22,115.38
2016/03/23,115.47
2016/03/24,115.36
2016/03/25,115.36
2016/03/26,115.36
2016/03/27,115.36
2016/03/28,115.36
2016/03/29,115.84
2016/03/30,115.97
2016/03/31,116.1
2016/04/01,116.14
2016/04/02,116.14
2016/04/03,116.14
2016/04/04,116.14
2016/04/05,116.55
2016/04/06,116.39
2016/04/07,116.55
2016/04/08,116.55
2016/04/09,116.55
2016/04/10,116.55
2016/04/11,116.49
2016/04/12,116.19
2016/04/13,116.36
2016/04/14,116.32
2016/04/15,116.47
2016/04/16,116.47
2016/04/17,116.47
2016/04/18,116.4
2016/04/19,116.34
2016/04/20,116.4
2016/04/21,116.18
2016/04/22,116.06
2016/04/23,116.06
2016/04/24,116.06
2016/04/25,115.87
2016/04/26,115.8
2016/04/27,115.87
2016/04/28,116.21
2016/04/29,116.27
2016/04/30,116.27
2016/05/01,116.27
2016/05/02,116.27
2016/05/03,116.67
2016/05/04,116.62
2016/05/05,116.68
2016/05/06,116.74
2016/05/07,116.74
2016/05/08,116.74
2016/05/09,116.72
2016/05/10,116.74
2016/05/11,116.78
2016/05/12,116.59
2016/05/13,116.67
2016/05/14,116.67
2016/05/15,116.67
2016/05/16,116.55
2016/05/17,116.59
2016/05/18,116.09
2016/05/19,116.11
2016/05/20,116.11
2016/05/21,116.11
2016/05/22,116.11
2016/05/23,116.12
2016/05/24,116.17
2016/05/25,116.34
2016/05/26,116.6
2016/05/27,116.54
2016/05/28,116.54
2016/05/29,116.54
2016/05/30,116.49
2016/05/31,116.57
2016/06/01,116.56
2016/06/02,116.78
2016/06/03,117.38
2016/06/04,117.38
2016/06/05,117.38
2016/06/06,117.28
2016/06/07,117.51
2016/06/08,117.59
2016/06/09,117.59
2016/06/10,117.85
2016/06/11,117.85
2016/06/12,117.85
2016/06/13,117.78
2016/06/14,117.72
2016/06/15,117.82
2016/06/16,117.79
2016/06/17,117.65
2016/06/18,117.65
2016/06/19,117.65
2016/06/20,117.57
2016/06/21,117.5
2016/06/22,117.52
2016/06/23,117.34
2016/06/24,118.32
2016/06/25,118.32
2016/06/26,118.32
2016/06/27,118.78
2016/06/28,118.79
2016/06/29,119.1
2016/06/30,119.2
2016/07/01,119.2
2016/07/02,119.2
2016/07/03,119.2
2016/07/04,119.58
2016/07/05,120.04
2016/07/06,120.15
2016/07/07,120.03
2016/07/08,120.24
2016/07/09,120.24
2016/07/10,120.24
2016/07/11,119.89
2016/07/12,119.33
2016/07/13,119.78
2016/07/14,119.52
2016/07/15,119.05
2016/07/16,119.05
2016/07/17,119.05
2016/07/18,119.16
2016/07/19,119.22
2016/07/20,119.11
2016/07/21,119.19
2016/07/22,119.2
2016/07/23,119.2
2016/07/24,119.2
2016/07/25,119.31
2016/07/26,119.31
2016/07/27,119.65
2016/07/28,119.74
2016/07/29,120.14
2016/07/30,120.14
2016/07/31,120.14
2016/08/01,119.94
2016/08/02,119.94
2016/08/03,119.59
2016/08/04,119.96
2016/08/05,119.6
2016/08/06,119.6
2016/08/07,119.6
2016/08/08,119.66
2016/08/09,119.95
2016/08/10,120.34
2016/08/11,120.16
2016/08/12,120.33
2016/08/13,120.33
2016/08/14,120.33
2016/08/15,120.15
2016/08/16,119.92
2016/08/17,120.02
2016/08/18,120.3
2016/08/19,119.94
2016/08/20,119.94
2016/08/21,119.94
2016/08/22,120.21
2016/08/23,120.27
2016/08/24,120.16
2016/08/25,120.02
2016/08/26,119.98
2016/08/27,119.98
2016/08/28,119.98
2016/08/29,119.69
2016/08/30,119.57
2016/08/31,119.34
2016/09/01,119.23
2016/09/02,118.76
2016/09/03,118.76
2016/09/04,118.76
2016/09/05,118.97
2016/09/06,119.71
2016/09/07,119.99
2016/09/08,119.47
2016/09/09,118.54
2016/09/10,118.54
2016/09/11,118.54
2016/09/12,118.58
2016/09/13,118.29
2016/09/14,118.28
2016/09/15,118.29
2016/09/16,118.29
2016/09/17,118.29
2016/09/18,118.29
2016/09/19,118.38
2016/09/20,118.71
2016/09/21,118.81
2016/09/22,119.5
2016/09/23,119.43
2016/09/24,119.43
2016/09/25,119.43
2016/09/26,119.73
2016/09/27,119.86
2016/09/28,119.85
2016/09/29,119.62
2016/09/30,119.56
2016/10/01,119.56
2016/10/02,119.56
2016/10/03,119.4
2016/10/04,118.93
2016/10/05,118.38
2016/10/06,118.14
2016/10/07,118.21
2016/10/08,118.21
2016/10/09,118.21
2016/10/10,118.21
2016/10/11,117.98
2016/10/12,117.69
2016/10/13,118.08
2016/10/14,117.68
2016/10/15,117.68
2016/10/16,117.68
2016/10/17,117.74
2016/10/18,117.95
2016/10/19,118.18
2016/10/20,118.11
2016/10/21,118.11
2016/10/22,118.11
2016/10/23,118.11
2016/10/24,117.92
2016/10/25,117.91
2016/10/26,117.57
2016/10/27,116.87
2016/10/28,116.8
2016/10/29,116.8
2016/10/30,116.8
2016/10/31,116.97
2016/11/01,116.96
2016/11/02,117.53
2016/11/03,117.47
2016/11/04,117.65
2016/11/05,117.65
2016/11/06,117.65
2016/11/07,117.25
2016/11/08,117.06
2016/11/09,116.48
2016/11/10,115.35
2016/11/11,114.92
2016/11/12,114.92
2016/11/13,114.92
2016/11/14,114.16
2016/11/15,114.39
2016/11/16,114.1
2016/11/17,114.04
2016/11/18,113.53
2016/11/19,113.53
2016/11/20,113.53
2016/11/21,113.51
2016/11/22,113.67
2016/11/23,113.04
2016/11/24,113.1
2016/11/25,113.22
2016/11/26,113.22
2016/11/27,113.22
2016/11/28,113.53
2016/11/29,113.52
2016/11/30,113.24
2016/12/01,112.77
2016/12/02,113.23
2016/12/03,113.23
2016/12/04,113.23
2016/12/05,113.1
2016/12/06,113.11
2016/12/07,113.45
2016/12/08,112.98
2016/12/09,112.65
2016/12/10,112.65
2016/12/11,112.65
2016/12/12,112.38
2016/12/13,112.72
2016/12/14,112.84
2016/12/15,111.97
2016/12/16,112.22
2016/12/17,112.22
2016/12/18,112.22
2016/12/19,112.79
2016/12/20,112.63
2016/12/21,112.86
2016/12/22,112.81
2016/12/23,112.98
2016/12/24,112.98
2016/12/25,112.98
2016/12/26,112.98
2016/12/27,112.98
2016/12/28,112.98
2016/12/29,113.48
2016/12/30,113.41
2016/12/31,113.41
2017/01/01,113.41
2017/01/02,113.41
2017/01/03,112.78
2017/01/04,112.89
2017/01/05,113.38
2017/01/06,112.99
2017/01/07,112.99
2017/01/08,112.99
2017/01/09,113.1
2017/01/10,113.2
2017/01/11,113.08
2017/01/12,113.53
2017/01/13,113.19
2017/01/14,113.19
2017/01/15,113.19
2017/01/16,113.36
2017/01/17,113.82
2017/01/18,113.48
2017/01/19,112.86
2017/01/20,112.75
2017/01/21,112.75
2017/01/22,112.75
2017/01/23,113.47
2017/01/24,113.24
2017/01/25,112.85
2017/01/26,112.57
2017/01/27,112.74
2017/01/28,112.74
2017/01/29,112.74
2017/01/30,112.74
2017/01/31,112.74
2017/02/01,112.9
2017/02/02,113.24
2017/02/03,113.18
2017/02/04,113.18
2017/02/05,113.18
2017/02/06,113.27
2017/02/07,113.32
2017/02/08,113.73
2017/02/09,113.55
2017/02/10,113.32
2017/02/11,113.32
2017/02/12,113.32
2017/02/13,113.2
2017/02/14,112.98
2017/02/15,112.82
2017/02/16,113.32
2017/02/17,113.55
2017/02/18,113.55
2017/02/19,113.55
2017/02/20,113.48
2017/02/21,113.31
2017/02/22,113.54
2017/02/23,113.98
2017/02/24,114.39
2017/02/25,114.39
2017/02/26,114.39
2017/02/27,114.33
2017/02/28,114.39
2017/03/01,113.61
2017/03/02,113.38
2017/03/03,113.33
2017/03/04,113.33
2017/03/05,113.33
2017/03/06,113.5
2017/03/07,113.45
2017/03/08,112.95
2017/03/09,112.66
2017/03/10,112.76
2017/03/11,112.76
2017/03/12,112.76
2017/03/13,112.88
2017/03/14,112.91
2017/03/15,113.34
2017/03/16,113.62
2017/03/17,113.81
2017/03/18,113.81
2017/03/19,113.81
2017/03/20,113.93
2017/03/21,114.28
2017/03/22,114.62
2017/03/23,114.5
2017/03/24,114.66
2017/03/25,114.66
2017/03/26,114.66
2017/03/27,115.06
2017/03/28,115.0
2017/03/29,114.77
2017/03/30,114.73
2017/03/31,114.66
2017/04/01,114.66
2017/04/02,114.66
2017/04/03,114.91
2017/04/04,114.91
2017/04/05,114.94
2017/04/06,115.05
2017/04/07,114.94
2017/04/08,114.94
2017/04/09,114.94
2017/04/10,114.87
2017/04/11,115.39
2017/04/12,115.45
2017/04/13,115.74
2017/04/14,115.74
2017/04/15,115.74
2017/04/16,115.74
2017/04/17,115.74
2017/04/18,116.3
2017/04/19,116.24
2017/04/20,116.19
2017/04/21,115.96
2017/04/22,115.96
2017/04/23,115.96
2017/04/24,116.14
2017/04/25,116.08
2017/04/26,116.01
2017/04/27,116.22
2017/04/28,116.27
2017/04/29,116.27
2017/04/30,116.27
2017/05/01,116.27
2017/05/02,116.25
2017/05/03,116.25
2017/05/04,116.1
2017/05/05,116.17
2017/05/06,116.17
2017/05/07,116.17
2017/05/08,115.94
2017/05/09,115.59
2017/05/10,115.66
2017/05/11,115.62
2017/05/12,116.17
2017/05/13,116.17
2017/05/14,116.17
2017/05/15,116.1
2017/05/16,116.43
2017/05/17,117.18
2017/05/18,117.08
2017/05/19,117.23
2017/05/20,117.23
2017/05/21,117.23
2017/05/22,117.43
2017/05/23,117.2
2017/05/24,117.05
2017/05/25,117.29
2017/05/26,117.41
2017/05/27,117.41
2017/05/28,117.41
2017/05/29,117.55
2017/05/30,117.55
2017/05/31,117.81
2017/06/01,117.67
2017/06/02,118.12
2017/06/03,118.12
2017/06/04,118.12
2017/06/05,118.01
2017/06/06,118.35
2017/06/07,118.3
2017/06/08,118.03
2017/06/09,117.74
2017/06/10,117.74
2017/06/11,117.74
2017/06/12,117.93
2017/06/13,117.93
2017/06/14,118.67
2017/06/15,117.83
2017/06/16,118.05
2017/06/17,118.05
2017/06/18,118.05
2017/06/19,117.85
2017/06/20,117.8
2017/06/21,117.92
2017/06/22,118.01
2017/06/23,118.18
2017/06/24,118.18
2017/06/25,118.18
2017/06/26,118.29
2017/06/27,118.01
2017/06/28,118.26
2017/06/29,118.0
2017/06/30,117.78
2017/07/01,117.78
2017/07/02,117.78
2017/07/03,117.46
2017/07/04,117.44
2017/07/05,117.42
2017/07/06,117.27
2017/07/07,117.0
2017/07/08,117.0
2017/07/09,117.0
2017/07/10,117.18
2017/07/11,117.18
2017/07/12,117.62
2017/07/13,117.49
2017/07/14,117.87
2017/07/15,117.87
2017/07/16,117.87
2017/07/17,117.98
2017/07/18,118.6
2017/07/19,118.64
2017/07/20,118.93
2017/07/21,119.26
2017/07/22,119.26
2017/07/23,119.26
2017/07/24,119.18
2017/07/25,118.78
2017/07/26,118.86
2017/07/27,119.02
2017/07/28,119.37
2017/07/29,119.37
2017/07/30,119.37
2017/07/31,119.57
2017/08/01,120.06
2017/08/02,120.21
2017/08/03,120.5
2017/08/04,119.87
2017/08/05,119.87
2017/08/06,119.87
2017/08/07,120.07
2017/08/08,119.79
2017/08/09,120.01
2017/08/10,120.17
2017/08/11,120.35
2017/08/12,120.35
2017/08/13,120.35
2017/08/14,120.26
2017/08/15,119.7
2017/08/16,119.82
2017/08/17,120.1
2017/08/18,120.28
2017/08/19,120.28
2017/08/20,120.28
2017/08/21,120.56
2017/08/22,120.16
2017/08/23,120.16
2017/08/24,120.38
2017/08/25,120.6
2017/08/26,120.6
2017/08/27,120.6
2017/08/28,120.98
2017/08/29,121.38
2017/08/30,120.77
2017/08/31,120.81
2017/09/01,120.65
2017/09/02,120.65
2017/09/03,120.65
2017/09/04,120.91
2017/09/05,121.3
2017/09/06,121.24
2017/09/07,121.75
2017/09/08,121.68
2017/09/09,121.68
2017/09/10,121.68
2017/09/11,121.35
2017/09/12,120.83
2017/09/13,120.52
2017/09/14,120.36
2017/09/15,120.64
2017/09/16,120.64
2017/09/17,120.64
2017/09/18,120.49
2017/09/19,120.48
2017/09/20,120.53
2017/09/21,120.05
2017/09/22,120.34
2017/09/23,120.34
2017/09/24,120.34
2017/09/25,120.27
2017/09/26,119.82
2017/09/27,119.21
2017/09/28,119.43
2017/09/29,119.6
2017/09/30,119.6
2017/10/01,119.6
2017/10/02,119.6
2017/10/03,119.32
2017/10/04,119.29
2017/10/05,119.29
2017/10/06,118.97
2017/10/07,118.97
2017/10/08,118.97
2017/10/09,119.11
2017/10/10,119.51
2017/10/11,119.55
2017/10/12,119.75
2017/10/13,120.08
2017/10/14,120.08
2017/10/15,120.08
2017/10/16,119.98
2017/10/17,119.79
2017/10/18,119.74
2017/10/19,120.01
2017/10/20,119.34
2017/10/21,119.34
2017/10/22,119.34
2017/10/23,119.32
2017/10/24,119.17
2017/10/25,119.15
2017/10/26,118.85
2017/10/27,118.69
2017/10/28,118.69
2017/10/29,118.69
2017/10/30,119.32
2017/10/31,119.5
2017/11/01,119.45
2017/11/02,119.72
2017/11/03,119.5
2017/11/04,119.5
2017/11/05,119.5
2017/11/06,119.6
2017/11/07,119.71
2017/11/08,119.72
2017/11/09,119.44
2017/11/10,119.35
2017/11/11,119.35
2017/11/12,119.35
2017/11/13,119.24
2017/11/14,119.63
2017/11/15,119.94
2017/11/16,119.85
2017/11/17,119.99
2017/11/18,119.99
2017/11/19,119.99
2017/11/20,119.86
2017/11/21,119.98
2017/11/22,120.42
2017/11/23,120.68
2017/11/24,120.86
2017/11/25,120.86
2017/11/26,120.86
2017/11/27,120.9
2017/11/28,120.62
2017/11/29,120.37
2017/11/30,120.66
2017/12/01,120.79
2017/12/02,120.79
2017/12/03,120.79
2017/12/04,120.66
2017/12/05,120.68
2017/12/06,120.65
2017/12/07,120.5
2017/12/08,120.3
2017/12/09,120.3
2017/12/10,120.3
2017/12/11,120.5
2017/12/12,120.05
2017/12/13,120.32
2017/12/14,120.48
2017/12/15,120.48
2017/12/16,120.48
2017/12/17,120.48
2017/12/18,120.61
2017/12/19,120.15
2017/12/20,120.17
2017/12/21,120.2
2017/12/22,120.01
2017/12/23,120.01
2017/12/24,120.01
2017/12/25,120.01
2017/12/26,120.01
2017/12/27,120.57
2017/12/28,120.65
2017/12/29,120.92
2017/12/30,120.92
2017/12/31,120.92
2018/01/01,120.92
2018/01/02,120.81
2018/01/03,120.87
2018/01/04,121.04
2018/01/05,120.95
2018/01/06,120.95
2018/01/07,120.95
2018/01/08,120.84
2018/01/09,120.33
2018/01/10,120.52
2018/01/11,120.68
2018/01/12,121.13
2018/01/13,121.13
2018/01/14,121.13
2018/01/15,121.69
2018/01/16,121.63
2018/01/17,121.53
2018/01/18,121.39
2018/01/19,121.32
2018/01/20,121.32
2018/01/21,121.32
2018/01/22,121.49
2018/01/23,121.88
2018/01/24,122.28
2018/01/25,122.82
2018/01/26,122.44
2018/01/27,122.44
2018/01/28,122.44
2018/01/29,121.87
2018/01/30,122.03
2018/01/31,122.26
2018/02/01,122.16
2018/02/02,121.46
2018/02/03,121.46
2018/02/04,121.46
2018/02/05,121.52
2018/02/06,121.39
2018/02/07,120.95
2018/02/08,120.61
2018/02/09,120.61
2018/02/10,120.61
2018/02/11,120.61
2018/02/12,120.65
2018/02/13,120.95
2018/02/14,121.05
2018/02/15,121.45
2018/02/16,121.45
2018/02/17,121.45
2018/02/18,121.45
2018/02/19,121.45
2018/02/20,120.92
2018/02/21,120.71
2018/02/22,120.85
2018/02/23,120.99
2018/02/24,120.99
2018/02/25,120.99
2018/02/26,121.05
2018/02/27,120.58
2018/02/28,120.61
2018/03/01,120.68
2018/03/02,121.16
2018/03/03,121.16
2018/03/04,121.16
2018/03/05,121.23
2018/03/06,121.46
2018/03/07,121.65
2018/03/08,121.47
2018/03/09,121.35
2018/03/10,121.35
2018/03/11,121.35
2018/03/12,121.51
2018/03/13,121.85
2018/03/14,121.85
2018/03/15,121.58
2018/03/16,121.42
2018/03/17,121.42
2018/03/18,121.42
2018/03/19,121.63
2018/03/20,121.18
2018/03/21,121.14
2018/03/22,121.7
2018/03/23,122.0
2018/03/24,122.0
2018/03/25,122.0
2018/03/26,122.21
2018/03/27,122.24
2018/03/28,122.02
2018/03/29,121.97
2018/03/30,121.97
2018/03/31,121.97
2018/04/01,121.97
2018/04/02,121.97
2018/04/03,121.78
2018/04/04,121.95
2018/04/05,121.95
2018/04/06,121.83
2018/04/07,121.83
2018/04/08,121.83
2018/04/09,121.99
2018/04/10,122.15
2018/04/11,122.5
2018/04/12,121.99
2018/04/13,122.03
2018/04/14,122.03
2018/04/15,122.03
2018/04/16,122.24
2018/04/17,122.24
2018/04/18,122.12
2018/04/19,121.66
2018/04/20,121.06
2018/04/21,121.06
2018/04/22,121.06
2018/04/23,120.45
2018/04/24,120.36
2018/04/25,120.04
2018/04/26,120.03
2018/04/27,120.15
2018/04/28,120.15
2018/04/29,120.15
2018/04/30,120.08
2018/05/01,120.08
2018/05/02,119.36
2018/05/03,119.58
2018/05/04,119.35
2018/05/05,119.35
2018/05/06,119.35
2018/05/07,119.4
2018/05/08,118.89
2018/05/09,118.78
2018/05/10,118.94
2018/05/11,119.28
2018/05/12,119.28
2018/05/13,119.28
2018/05/14,119.15
2018/05/15,118.25
2018/05/16,117.85
2018/05/17,117.67
2018/05/18,117.72
2018/05/19,117.72
2018/05/20,117.72
2018/05/21,117.6
2018/05/22,117.6
2018/05/23,117.7
2018/05/24,118.07
2018/05/25,117.93
2018/05/26,117.93
2018/05/27,117.93
2018/05/28,118.05
2018/05/29,118.13
2018/05/30,118.0
2018/05/31,118.47
2018/06/01,118.08
2018/06/02,118.08
2018/06/03,118.08
2018/06/04,118.1
2018/06/05,118.1
2018/06/06,118.03
2018/06/07,118.11
2018/06/08,118.0
2018/06/09,118.0
2018/06/10,118.0
2018/06/11,118.0
2018/06/12,117.82
2018/06/13,117.84
2018/06/14,117.66
2018/06/15,117.66
2018/06/16,117.66
2018/06/17,117.66
2018/06/18,117.66
2018/06/19,117.54
2018/06/20,117.46
2018/06/21,117.66
2018/06/22,117.76
2018/06/23,117.76
2018/06/24,117.76
2018/06/25,117.99
2018/06/26,117.77
2018/06/27,117.54
2018/06/28,117.31
2018/06/29,117.75
2018/06/30,117.75
2018/07/01,117.75
2018/07/02,117.75
2018/07/03,117.8
2018/07/04,117.75
2018/07/05,118.07
2018/07/06,118.48
2018/07/07,118.48
2018/07/08,118.48
2018/07/09,118.42
2018/07/10,118.2
2018/07/11,118.25
2018/07/12,118.02
2018/07/13,118.13
2018/07/14,118.13
2018/07/15,118.13
2018/07/16,118.17
2018/07/17,117.99
2018/07/18,117.83
2018/07/19,117.77
2018/07/20,117.99
2018/07/21,117.99
2018/07/22,117.99
2018/07/23,117.63
2018/07/24,117.83
2018/07/25,117.83
2018/07/26,117.68
2018/07/27,117.68
2018/07/28,117.68
2018/07/29,117.68
2018/07/30,117.73
2018/07/31,117.79
2018/08/01,117.4
2018/08/02,117.29
2018/08/03,117.51
2018/08/04,117.51
2018/08/05,117.51
2018/08/06,117.5
2018/08/07,117.44
2018/08/08,117.5
2018/08/09,117.5
2018/08/10,117.33
2018/08/11,117.33
2018/08/12,117.33
2018/08/13,117.15
2018/08/14,116.92
2018/08/15,116.92
2018/08/16,117.08
2018/08/17,117.18
2018/08/18,117.18
2018/08/19,117.18
2018/08/20,117.51
2018/08/21,117.68
2018/08/22,117.95
2018/08/23,117.73
2018/08/24,117.89
2018/08/25,117.89
2018/08/26,117.89
2018/08/27,117.88
2018/08/28,117.78
2018/08/29,117.6
2018/08/30,117.7
2018/08/31,117.68
2018/09/01,117.68
2018/09/02,117.68
2018/09/03,117.57
2018/09/04,117.05
2018/09/05,117.23
2018/09/06,117.61
2018/09/07,117.1
2018/09/08,117.1
2018/09/09,117.1
2018/09/10,117.26
2018/09/11,116.93
2018/09/12,117.25
2018/09/13,117.41
2018/09/14,117.19
2018/09/15,117.19
2018/09/16,117.19
2018/09/17,117.34
2018/09/18,117.13
2018/09/19,116.91
2018/09/20,117.28
2018/09/21,117.03
2018/09/22,117.03
2018/09/23,117.03
2018/09/24,116.93
2018/09/25,116.93
2018/09/26,116.84
2018/09/27,116.57
2018/09/28,116.38
2018/09/29,116.38
2018/09/30,116.38
2018/10/01,116.38
2018/10/02,116.29
2018/10/03,115.85
2018/10/04,115.47
2018/10/05,115.23
2018/10/06,115.23
2018/10/07,115.23
2018/10/08,115.17
2018/10/09,115.28
2018/10/10,115.55
2018/10/11,115.93
2018/10/12,115.97
2018/10/13,115.97
2018/10/14,115.97
2018/10/15,116.04
2018/10/16,116.08
2018/10/17,116.08
2018/10/18,115.66
2018/10/19,115.55
2018/10/20,115.55
2018/10/21,115.55
2018/10/22,115.41
2018/10/23,115.58
2018/10/24,115.49
2018/10/25,115.31
2018/10/26,115.71
2018/10/27,115.71
2018/10/28,115.71
2018/10/29,115.6
2018/10/30,115.33
2018/10/31,115.07
2018/11/01,115.41
2018/11/02,115.05
2018/11/03,115.05
2018/11/04,115.05
2018/11/05,115.24
2018/11/06,115.23
2018/11/07,115.53
2018/11/08,115.23
2018/11/09,115.09
2018/11/10,115.09
2018/11/11,115.09
2018/11/12,114.75
2018/11/13,114.77
2018/11/14,114.9
2018/11/15,114.81
2018/11/16,115.22
2018/11/17,115.22
2018/11/18,115.22
2018/11/19,115.43
2018/11/20,115.08
2018/11/21,114.96
2018/11/22,115.11
2018/11/23,115.02
2018/11/24,115.02
2018/11/25,115.02
2018/11/26,114.85
2018/11/27,114.62
2018/11/28,114.53
2018/11/29,115.07
2018/11/30,114.85
2018/12/01,114.85
2018/12/02,114.85
2018/12/03,115.04
2018/12/04,115.34
2018/12/05,115.12
2018/12/06,115.62
2018/12/07,115.62
2018/12/08,115.62
2018/12/09,115.62
2018/12/10,115.49
2018/12/11,115.22
2018/12/12,115.4
2018/12/13,115.32
2018/12/14,115.29
2018/12/15,115.29
2018/12/16,115.29
2018/12/17,115.69
2018/12/18,115.99
2018/12/19,116.44
2018/12/20,116.54
2018/12/21,116.47
2018/12/22,116.47
2018/12/23,116.47
2018/12/24,116.78
2018/12/25,116.78
2018/12/26,116.78
2018/12/27,116.74
2018/12/28,116.88
2018/12/29,116.88
2018/12/30,116.88
2018/12/31,117.19
2019/01/01,117.19
2019/01/02,117.15
2019/01/03,117.78
2019/01/04,117.37
2019/01/05,117.37
2019/01/06,117.37
2019/01/07,117.38
2019/01/08,117.11
2019/01/09,117.57
2019/01/10,117.66
2019/01/11,117.7
2019/01/12,117.7
2019/01/13,117.7
2019/01/14,117.75
2019/01/15,117.69
2019/01/16,117.59
2019/01/17,117.47
2019/01/18,117.3
2019/01/19,117.3
2019/01/20,117.3
2019/01/21,117.41
2019/01/22,117.64
2019/01/23,117.75
2019/01/24,117.97
2019/01/25,118.14
2019/01/26,118.14
2019/01/27,118.14
2019/01/28,118.35
2019/01/29,118.34
2019/01/30,118.43
2019/01/31,119.28
2019/02/01,119.05
2019/02/02,119.05
2019/02/03,119.05
2019/02/04,118.65
2019/02/05,118.65
2019/02/06,118.65
2019/02/07,118.65
2019/02/08,118.85
2019/02/09,118.85
2019/02/10,118.85
2019/02/11,118.35
2019/02/12,118.36
2019/02/13,118.24
2019/02/14,118.34
2019/02/15,118.39
2019/02/16,118.39
2019/02/17,118.39
2019/02/18,118.6
2019/02/19,118.89
2019/02/20,118.94
2019/02/21,118.7
2019/02/22,118.84
2019/02/23,118.84
2019/02/24,118.84
2019/02/25,118.82
2019/02/26,119.11
2019/02/27,118.93
2019/02/28,118.82
2019/03/01,118.57
2019/03/02,118.57
2019/03/03,118.57
2019/03/04,118.46
2019/03/05,118.34
2019/03/06,118.64
2019/03/07,118.67
2019/03/08,118.67
2019/03/09,118.67
2019/03/10,118.67
2019/03/11,118.65
2019/03/12,119.04
2019/03/13,119.31
2019/03/14,119.19
2019/03/15,119.46
2019/03/16,119.46
2019/03/17,119.46
2019/03/18,119.56
2019/03/19,119.62
2019/03/20,119.89
2019/03/21,120.03
2019/03/22,120.46
2019/03/23,120.46
2019/03/24,120.46
2019/03/25,120.62
2019/03/26,120.46
2019/03/27,120.68
2019/03/28,120.52
2019/03/29,120.41
2019/03/30,120.41
2019/03/31,120.41
2019/04/01,120.06
2019/04/02,120.0
2019/04/03,119.94
2019/04/04,119.88
2019/04/05,119.88
2019/04/06,119.88
2019/04/07,119.88
2019/04/08,120.02
2019/04/09,120.17
2019/04/10,120.28
2019/04/11,120.22
2019/04/12,120.0
2019/04/13,120.0
2019/04/14,120.0
2019/04/15,120.01
2019/04/16,119.87
2019/04/17,119.82
2019/04/18,119.93
2019/04/19,119.93
2019/04/20,119.93
2019/04/21,119.93
2019/04/22,119.93
2019/04/23,119.69
2019/04/24,120.05
2019/04/25,119.77
2019/04/26,120.05
2019/04/27,120.05
2019/04/28,120.05
2019/04/29,119.93
2019/04/30,120.33
2019/05/01,120.33
2019/05/02,120.08
2019/05/03,120.2
2019/05/04,120.2
2019/05/05,120.2
2019/05/06,120.43
2019/05/07,120.67
2019/05/08,120.52
2019/05/09,120.62
2019/05/10,120.67
2019/05/11,120.67
2019/05/12,120.67
2019/05/13,120.67
2019/05/14,120.55
2019/05/15,120.71
2019/05/16,120.48
2019/05/17,120.43
2019/05/18,120.43
2019/05/19,120.43
2019/05/20,120.29
2019/05/21,120.18
2019/05/22,120.13
2019/05/23,120.45
2019/05/24,120.66
2019/05/25,120.66
2019/05/26,120.66
2019/05/27,120.7
2019/05/28,120.75
2019/05/29,120.8
2019/05/30,120.67
2019/05/31,121.29
2019/06/01,121.29
2019/06/02,121.29
2019/06/03,121.62
2019/06/04,121.84
2019/06/05,122.28
2019/06/06,122.38
2019/06/07,122.38
2019/06/08,122.38
2019/06/09,122.38
2019/06/10,122.56
2019/06/11,122.59
2019/06/12,122.5
2019/06/13,122.45
2019/06/14,122.23
2019/06/15,122.23
2019/06/16,122.23
2019/06/17,122.2
2019/06/18,122.63
2019/06/19,122.95
2019/06/20,123.74
2019/06/21,123.46
2019/06/22,123.46
2019/06/23,123.46
2019/06/24,124.1
2019/06/25,124.18
2019/06/26,123.78
2019/06/27,123.88
2019/06/28,124.04
2019/06/29,124.04
2019/06/30,124.04
2019/07/01,124.04
2019/07/02,123.79
2019/07/03,123.95
2019/07/04,123.93
2019/07/05,123.22
2019/07/06,123.22
2019/07/07,123.22
2019/07/08,123.28
2019/07/09,123.14
2019/07/10,123.33
2019/07/11,123.21
2019/07/12,123.33
2019/07/13,123.33
2019/07/14,123.33
2019/07/15,123.67
2019/07/16,123.26
2019/07/17,123.56
2019/07/18,123.78
2019/07/19,123.68
2019/07/20,123.68
2019/07/21,123.68
2019/07/22,123.8
2019/07/23,123.48
2019/07/24,123.8
2019/07/25,123.81
2019/07/26,123.72
2019/07/27,123.72
2019/07/28,123.72
2019/07/29,123.75
2019/07/30,123.71
2019/07/31,123.97
2019/08/01,124.08
2019/08/02,124.48
2019/08/03,124.48
2019/08/04,124.48
2019/08/05,125.39
2019/08/06,125.39
2019/08/07,126.14
2019/08/08,125.82
2019/08/09,125.87
2019/08/10,125.87
2019/08/11,125.87
2019/08/12,126.39
2019/08/13,126.01
2019/08/14,126.38
2019/08/15,126.5
2019/08/16,126.31
2019/08/17,126.31
2019/08/18,126.31
2019/08/19,125.96
2019/08/20,126.24
2019/08/21,126.17
2019/08/22,125.94
2019/08/23,126.52
2019/08/24,126.52
2019/08/25,126.52
2019/08/26,126.52
2019/08/27,126.79
2019/08/28,126.86
2019/08/29,126.5
2019/08/30,126.32
2019/08/31,126.32
2019/09/01,126.32
2019/09/02,125.97
2019/09/03,126.2
2019/09/04,126.36
2019/09/05,125.66
2019/09/06,125.87
2019/09/07,125.87
2019/09/08,125.87
2019/09/09,125.44
2019/09/10,124.83
2019/09/11,124.43
2019/09/12,124.31
2019/09/13,123.88
2019/09/14,123.88
2019/09/15,123.88
2019/09/16,123.82
2019/09/17,124.09
2019/09/18,124.34
2019/09/19,124.39
2019/09/20,124.39
2019/09/21,124.39
2019/09/22,124.39
2019/09/23,124.77
2019/09/24,125.18
2019/09/25,124.44
2019/09/26,124.59
2019/09/27,124.62
2019/09/28,124.62
2019/09/29,124.62
2019/09/30,124.44
2019/10/01,124.44
2019/10/02,124.87
2019/10/03,125.49
2019/10/04,125.57
2019/10/05,125.57
2019/10/06,125.57
2019/10/07,125.57
2019/10/08,125.22
2019/10/09,125.01
2019/10/10,124.61
2019/10/11,124.37
2019/10/12,124.37
2019/10/13,124.37
2019/10/14,124.57
2019/10/15,124.4
2019/10/16,124.51
2019/10/17,124.84
2019/10/18,124.98
2019/10/19,124.98
2019/10/20,124.98
2019/10/21,124.74
2019/10/22,124.85
2019/10/23,124.89
2019/10/24,124.91
2019/10/25,124.61
2019/10/26,124.61
2019/10/27,124.61
2019/10/28,124.29
2019/10/29,124.53
2019/10/30,124.72
2019/10/31,125.53
2019/11/01,125.46
2019/11/02,125.46
2019/11/03,125.46
2019/11/04,125.15
2019/11/05,124.35
2019/11/06,124.47
2019/11/07,123.62
2019/11/08,123.45
2019/11/09,123.45
2019/11/10,123.45
2019/11/11,123.58
2019/11/12,123.45
2019/11/13,123.8
2019/11/14,123.98
2019/11/15,124.04
2019/11/16,124.04
2019/11/17,124.04
2019/11/18,124.32
2019/11/19,124.36
2019/11/20,124.4
2019/11/21,124.21
2019/11/22,124.05
2019/11/23,124.05
2019/11/24,124.05
2019/11/25,124.04
2019/11/26,124.33
2019/11/27,124.22
2019/11/28,124.16
2019/11/29,124.2
2019/11/30,124.2
2019/12/01,124.2
2019/12/02,124.04
2019/12/03,124.82
2019/12/04,124.53
2019/12/05,124.53
2019/12/06,124.15
2019/12/07,124.15
2019/12/08,124.15
2019/12/09,124.34
2019/12/10,124.43
2019/12/11,124.59
2019/12/12,123.98
2019/12/13,124.63
2019/12/14,124.63
2019/12/15,124.63
2019/12/16,124.2
2019/12/17,124.24
2019/12/18,123.9
2019/12/19,123.92
2019/12/20,123.83
2019/12/21,123.83
2019/12/22,123.83
2019/12/23,123.61
2019/12/24,123.74
2019/12/25,123.74
2019/12/26,123.74
2019/12/27,124.3
2019/12/28,124.3
2019/12/29,124.3
2019/12/30,124.34
2019/12/31,124.5
2020/01/01,124.5
2020/01/02,124.71
2020/01/03,124.87
2020/01/04,124.87
2020/01/05,124.87
2020/01/06,124.84
2020/01/07,124.47
2020/01/08,124.13
2020/01/09,123.86
2020/01/10,124.01
2020/01/11,124.01
2020/01/12,124.01
2020/01/13,123.94
2020/01/14,124.07
2020/01/15,124.43
2020/01/16,124.36
2020/01/17,124.13
2020/01/18,124.13
2020/01/19,124.13
2020/01/20,124.11
2020/01/21,124.63
2020/01/22,124.68
2020/01/23,124.84
2020/01/24,125.0
2020/01/25,125.0
2020/01/26,125.0
2020/01/27,125.0
2020/01/28,125.0
2020/01/29,125.22
2020/01/30,125.6
2020/01/31,126.09
2020/02/01,126.09
2020/02/02,126.09
2020/02/03,125.8
2020/02/04,125.32
2020/02/05,124.84
2020/02/06,124.67
2020/02/07,124.96
2020/02/08,124.96
2020/02/09,124.96
2020/02/10,125.0
2020/02/11,124.76
2020/02/12,124.58
2020/02/13,124.54
2020/02/14,124.63
2020/02/15,124.63
2020/02/16,124.63
2020/02/17,124.55
2020/02/18,124.78
2020/02/19,124.48
2020/02/20,124.7
2020/02/21,125.33
2020/02/22,125.33
2020/02/23,125.33
2020/02/24,125.73
2020/02/25,125.98
2020/02/26,125.73
2020/02/27,126.33
2020/02/28,126.89
2020/02/29,126.89
2020/03/01,126.89
2020/03/02,127.38
2020/03/03,127.99
2020/03/04,127.94
2020/03/05,128.55
2020/03/06,130.01
2020/03/07,130.01
2020/03/08,130.01
2020/03/09,130.69
2020/03/10,128.53
2020/03/11,127.7
2020/03/12,125.48
2020/03/13,124.02
2020/03/14,124.02
2020/03/15,124.02
2020/03/16,124.16
2020/03/17,121.36
2020/03/18,117.68
2020/03/19,116.9
2020/03/20,117.83
2020/03/21,117.83
2020/03/22,117.83
2020/03/23,118.47
2020/03/24,118.4
2020/03/25,118.59
2020/03/26,120.51
2020/03/27,121.57
2020/03/28,121.57
2020/03/29,121.57
2020/03/30,121.91
2020/03/31,121.58
2020/04/01,121.61
2020/04/02,121.13
2020/04/03,120.92
2020/04/04,120.92
2020/04/05,120.92
2020/04/06,120.58
2020/04/07,120.95
2020/04/08,121.15
2020/04/09,122.59
2020/04/10,122.59
2020/04/11,122.59
2020/04/12,122.59
2020/04/13,122.59
2020/04/14,123.7
2020/04/15,124.08
2020/04/16,123.85
2020/04/17,123.85
2020/04/18,123.85
2020/04/19,123.85
2020/04/20,123.79
2020/04/21,123.72
2020/04/22,123.4
2020/04/23,123.89
2020/04/24,124.16
2020/04/25,124.16
2020/04/26,124.16
2020/04/27,124.37
2020/04/28,124.76
2020/04/29,124.86
2020/04/30,124.86
2020/05/01,124.86
2020/05/02,124.86
2020/05/03,124.86
2020/05/04,124.99
2020/05/05,124.73
2020/05/06,124.11
2020/05/07,124.26
2020/05/08,124.53
2020/05/09,124.53
2020/05/10,124.53
2020/05/11,123.82
2020/05/12,124.25
2020/05/13,124.14
2020/05/14,123.92
2020/05/15,123.76
2020/05/16,123.76
2020/05/17,123.76
2020/05/18,123.59
2020/05/19,124.23
2020/05/20,124.88
2020/05/21,124.93
2020/05/22,124.88
2020/05/23,124.88
2020/05/24,124.88
2020/05/25,124.74
2020/05/26,125.32
2020/05/27,125.65
2020/05/28,126.19
2020/05/29,126.73
2020/05/30,126.73
2020/05/31,126.73
2020/06/01,126.72
2020/06/02,127.11
2020/06/03,127.21
2020/06/04,127.91
2020/06/05,128.17
2020/06/06,128.17
2020/06/07,128.17
2020/06/08,128.71
2020/06/09,128.99
2020/06/10,129.1
2020/06/11,129.43
2020/06/12,128.55
2020/06/13,128.55
2020/06/14,128.55
2020/06/15,128.62
2020/06/16,128.82
2020/06/17,128.78
2020/06/18,128.82
2020/06/19,128.6
2020/06/20,128.6
2020/06/21,128.6
2020/06/22,128.92
2020/06/23,129.3
2020/06/24,129.02
2020/06/25,129.02
2020/06/26,128.74
2020/06/27,128.74
2020/06/28,128.74
2020/06/29,128.85
2020/06/30,128.79
2020/07/01,128.79
2020/07/02,129.01
2020/07/03,129.17
2020/07/04,129.17
2020/07/05,129.17
2020/07/06,129.6
2020/07/07,129.59
2020/07/08,129.86
2020/07/09,130.08
2020/07/10,130.19
2020/07/11,130.19
2020/07/12,130.19
2020/07/13,130.08
2020/07/14,130.45
2020/07/15,130.73
2020/07/16,131.07
2020/07/17,130.97
2020/07/18,130.97
2020/07/19,130.97
2020/07/20,131.28
2020/07/21,131.91
2020/07/22,132.56
2020/07/23,132.78
2020/07/24,132.88
2020/07/25,132.88
2020/07/26,132.88
2020/07/27,133.85
2020/07/28,133.73
2020/07/29,133.88
2020/07/30,134.2
2020/07/31,134.25
2020/08/01,134.25
2020/08/02,134.25
2020/08/03,133.54
2020/08/04,134.02
2020/08/05,134.57
2020/08/06,134.62
2020/08/07,134.18
2020/08/08,134.18
2020/08/09,134.18
2020/08/10,134.22
2020/08/11,133.73
2020/08/12,133.73
2020/08/13,133.62
2020/08/14,133.62
2020/08/15,133.62
2020/08/16,133.62
2020/08/17,134.09
2020/08/18,134.52
2020/08/19,134.41
2020/08/20,134.24
2020/08/21,133.97
2020/08/22,133.97
2020/08/23,133.97
2020/08/24,134.18
2020/08/25,133.73
2020/08/26,133.68
2020/08/27,133.25
2020/08/28,133.95
2020/08/29,133.95
2020/08/30,133.95
2020/08/31,134.34
2020/09/01,134.55
2020/09/02,134.39
2020/09/03,134.55
2020/09/04,133.73
2020/09/05,133.73
2020/09/06,133.73
2020/09/07,133.72
2020/09/08,133.77
2020/09/09,133.61
2020/09/10,133.76
2020/09/11,133.81
2020/09/12,133.81
2020/09/13,133.81
2020/09/14,134.18
2020/09/15,134.12
2020/09/16,134.23
2020/09/17,134.28
2020/09/18,134.49
2020/09/19,134.49
2020/09/20,134.49
2020/09/21,133.88
2020/09/22,133.56
2020/09/23,133.33
2020/09/24,133.06
2020/09/25,132.84
2020/09/26,132.84
2020/09/27,132.84
2020/09/28,133.05
2020/09/29,133.64
2020/09/30,133.53
2020/10/01,133.53
2020/10/02,133.53
2020/10/03,133.53
2020/10/04,133.53
2020/10/05,133.73
2020/10/06,133.95
2020/10/07,133.57
2020/10/08,133.73
2020/10/09,134.21
2020/10/10,134.21
2020/10/11,134.21
2020/10/12,134.43
2020/10/13,134.43
2020/10/14,134.53
2020/10/15,134.09
2020/10/16,134.25
2020/10/17,134.25
2020/10/18,134.25
2020/10/19,134.51
2020/10/20,134.45
2020/10/21,134.77
2020/10/22,134.28
