Date,美洲基金_Price
2011/09/23,100.0
2011/09/24,100.0
2011/09/25,100.0
2011/09/26,100.0
2011/09/27,100.0
2011/09/28,100.01
2011/09/29,100.01
2011/09/30,100.01
2011/10/01,100.01
2011/10/02,100.01
2011/10/03,100.01
2011/10/04,100.01
2011/10/05,100.01
2011/10/06,100.01
2011/10/07,100.01
2011/10/08,100.01
2011/10/09,100.01
2011/10/10,100.01
2011/10/11,99.99
2011/10/12,100.39
2011/10/13,100.29
2011/10/14,100.43
2011/10/15,100.43
2011/10/16,100.43
2011/10/17,100.24
2011/10/18,102.21
2011/10/19,100.95
2011/10/20,101.1
2011/10/21,102.92
2011/10/22,102.92
2011/10/23,102.92
2011/10/24,104.5
2011/10/25,102.49
2011/10/26,103.8
2011/10/27,107.47
2011/10/28,107.93
2011/10/29,107.93
2011/10/30,107.93
2011/10/31,105.11
2011/11/01,103.31
2011/11/02,104.37
2011/11/03,105.88
2011/11/04,105.38
2011/11/05,105.38
2011/11/06,105.38
2011/11/07,106.66
2011/11/08,108.77
2011/11/09,104.82
2011/11/10,105.79
2011/11/11,107.68
2011/11/12,107.68
2011/11/13,107.68
2011/11/14,106.56
2011/11/15,107.11
2011/11/16,105.45
2011/11/17,103.79
2011/11/18,103.64
2011/11/19,103.64
2011/11/20,103.64
2011/11/21,101.75
2011/11/22,101.27
2011/11/23,98.89
2011/11/24,98.89
2011/11/25,98.58
2011/11/26,98.58
2011/11/27,98.58
2011/11/28,100.55
2011/11/29,100.82
2011/11/30,104.71
2011/12/01,104.68
2011/12/02,104.66
2011/12/03,104.66
2011/12/04,104.66
2011/12/05,105.85
2011/12/06,105.82
2011/12/07,106.1
2011/12/08,103.73
2011/12/09,105.66
2011/12/10,105.66
2011/12/11,105.66
2011/12/12,103.85
2011/12/13,102.88
2011/12/14,101.8
2011/12/15,102.14
2011/12/16,102.29
2011/12/17,102.29
2011/12/18,102.29
2011/12/19,101.0
2011/12/20,103.71
2011/12/21,104.01
2011/12/22,104.6
2011/12/23,105.31
2011/12/24,105.31
2011/12/25,105.31
2011/12/26,105.31
2011/12/27,105.31
2011/12/28,104.08
2011/12/29,105.13
2011/12/30,104.81
2011/12/31,104.81
2012/01/01,104.81
2012/01/02,104.81
2012/01/03,106.7
2012/01/04,106.81
2012/01/05,106.82
2012/01/06,106.52
2012/01/07,106.52
2012/01/08,106.52
2012/01/09,106.85
2012/01/10,107.93
2012/01/11,108.07
2012/01/12,108.37
2012/01/13,107.75
2012/01/14,107.75
2012/01/15,107.75
2012/01/16,107.76
2012/01/17,108.12
2012/01/18,109.06
2012/01/19,109.54
2012/01/20,109.51
2012/01/21,109.51
2012/01/22,109.51
2012/01/23,109.51
2012/01/24,109.51
2012/01/25,109.51
2012/01/26,109.98
2012/01/27,109.98
2012/01/28,109.98
2012/01/29,109.98
2012/01/30,109.45
2012/01/31,109.42
2012/02/01,110.49
2012/02/02,110.76
2012/02/03,112.19
2012/02/04,112.19
2012/02/05,112.19
2012/02/06,112.01
2012/02/07,112.44
2012/02/08,112.73
2012/02/09,112.92
2012/02/10,111.84
2012/02/11,111.84
2012/02/12,111.84
2012/02/13,112.74
2012/02/14,112.31
2012/02/15,111.75
2012/02/16,112.99
2012/02/17,113.38
2012/02/18,113.38
2012/02/19,113.38
2012/02/20,113.38
2012/02/21,113.32
2012/02/22,113.01
2012/02/23,113.52
2012/02/24,113.72
2012/02/25,113.72
2012/02/26,113.72
2012/02/27,113.79
2012/02/28,114.41
2012/02/29,113.6
2012/03/01,114.58
2012/03/02,114.27
2012/03/03,114.27
2012/03/04,114.27
2012/03/05,113.56
2012/03/06,111.5
2012/03/07,112.3
2012/03/08,113.53
2012/03/09,113.64
2012/03/10,113.64
2012/03/11,113.64
2012/03/12,113.4
2012/03/13,115.6
2012/03/14,115.33
2012/03/15,116.08
2012/03/16,116.26
2012/03/17,116.26
2012/03/18,116.26
2012/03/19,116.59
2012/03/20,116.1
2012/03/21,115.96
2012/03/22,115.06
2012/03/23,115.53
2012/03/24,115.53
2012/03/25,115.53
2012/03/26,116.99
2012/03/27,116.5
2012/03/28,116.0
2012/03/29,115.82
2012/03/30,116.15
2012/03/31,116.15
2012/04/01,116.15
2012/04/02,117.16
2012/04/03,116.64
2012/04/04,116.64
2012/04/05,115.26
2012/04/06,115.26
2012/04/07,115.26
2012/04/08,115.26
2012/04/09,115.26
2012/04/10,112.23
2012/04/11,112.92
2012/04/12,114.61
2012/04/13,113.07
2012/04/14,113.07
2012/04/15,113.07
2012/04/16,112.83
2012/04/17,114.37
2012/04/18,113.94
2012/04/19,113.38
2012/04/20,113.66
2012/04/21,113.66
2012/04/22,113.66
2012/04/23,112.73
2012/04/24,113.04
2012/04/25,114.24
2012/04/26,114.86
2012/04/27,115.22
2012/04/28,115.22
2012/04/29,115.22
2012/04/30,114.68
2012/05/01,114.68
2012/05/02,115.01
2012/05/03,114.29
2012/05/04,112.35
2012/05/05,112.35
2012/05/06,112.35
2012/05/07,112.62
2012/05/08,111.66
2012/05/09,110.84
2012/05/10,111.13
2012/05/11,110.61
2012/05/12,110.61
2012/05/13,110.61
2012/05/14,109.18
2012/05/15,108.36
2012/05/16,107.93
2012/05/17,106.19
2012/05/18,105.35
2012/05/19,105.35
2012/05/20,105.35
2012/05/21,107.19
2012/05/22,107.07
2012/05/23,107.13
2012/05/24,107.09
2012/05/25,107.05
2012/05/26,107.05
2012/05/27,107.05
2012/05/28,107.03
2012/05/29,108.39
2012/05/30,106.59
2012/05/31,106.44
2012/06/01,103.87
2012/06/02,103.87
2012/06/03,103.87
2012/06/04,103.8
2012/06/05,104.34
2012/06/06,106.72
2012/06/07,106.94
2012/06/08,107.47
2012/06/09,107.47
2012/06/10,107.47
2012/06/11,106.53
2012/06/12,107.38
2012/06/13,106.69
2012/06/14,107.77
2012/06/15,108.84
2012/06/16,108.84
2012/06/17,108.84
2012/06/18,109.16
2012/06/19,110.23
2012/06/20,109.74
2012/06/21,107.56
2012/06/22,108.34
2012/06/23,108.34
2012/06/24,108.34
2012/06/25,106.52
2012/06/26,107.07
2012/06/27,107.99
2012/06/28,107.67
2012/06/29,110.8
2012/06/30,110.8
2012/07/01,110.8
2012/07/02,110.8
2012/07/03,112.06
2012/07/04,112.07
2012/07/05,111.49
2012/07/06,110.29
2012/07/07,110.29
2012/07/08,110.29
2012/07/09,110.18
2012/07/10,109.22
2012/07/11,109.25
2012/07/12,108.72
2012/07/13,110.58
2012/07/14,110.58
2012/07/15,110.58
2012/07/16,110.4
2012/07/17,111.17
2012/07/18,111.91
2012/07/19,112.24
2012/07/20,111.18
2012/07/21,111.18
2012/07/22,111.18
2012/07/23,109.86
2012/07/24,108.96
2012/07/25,108.83
2012/07/26,110.75
2012/07/27,113.06
2012/07/28,113.06
2012/07/29,113.06
2012/07/30,112.93
2012/07/31,112.1
2012/08/01,111.85
2012/08/02,111.04
2012/08/03,113.27
2012/08/04,113.27
2012/08/05,113.27
2012/08/06,113.63
2012/08/07,114.07
2012/08/08,114.41
2012/08/09,114.47
2012/08/10,114.74
2012/08/11,114.74
2012/08/12,114.74
2012/08/13,114.44
2012/08/14,114.36
2012/08/15,114.52
2012/08/16,115.44
2012/08/17,115.56
2012/08/18,115.56
2012/08/19,115.56
2012/08/20,115.56
2012/08/21,115.05
2012/08/22,115.05
2012/08/23,114.09
2012/08/24,114.68
2012/08/25,114.68
2012/08/26,114.68
2012/08/27,114.45
2012/08/28,114.39
2012/08/29,114.2
2012/08/30,113.39
2012/08/31,114.0
2012/09/01,114.0
2012/09/02,114.0
2012/09/03,113.99
2012/09/04,113.4
2012/09/05,113.68
2012/09/06,115.95
2012/09/07,116.74
2012/09/08,116.74
2012/09/09,116.74
2012/09/10,115.8
2012/09/11,116.24
2012/09/12,116.62
2012/09/13,118.59
2012/09/14,119.1
2012/09/15,119.1
2012/09/16,119.1
2012/09/17,118.61
2012/09/18,118.51
2012/09/19,118.52
2012/09/20,118.37
2012/09/21,118.15
2012/09/22,118.15
2012/09/23,118.15
2012/09/24,117.97
2012/09/25,116.14
2012/09/26,115.64
2012/09/27,116.72
2012/09/28,116.22
2012/09/29,116.22
2012/09/30,116.22
2012/10/01,116.22
2012/10/02,116.22
2012/10/03,116.99
2012/10/04,117.99
2012/10/05,117.95
2012/10/06,117.95
2012/10/07,117.95
2012/10/08,117.66
2012/10/09,116.56
2012/10/10,115.8
2012/10/11,116.0
2012/10/12,115.51
2012/10/13,115.51
2012/10/14,115.51
2012/10/15,116.51
2012/10/16,117.71
2012/10/17,118.19
2012/10/18,117.94
2012/10/19,116.0
2012/10/20,116.0
2012/10/21,116.0
2012/10/22,116.12
2012/10/23,116.12
2012/10/24,114.15
2012/10/25,114.59
2012/10/26,114.48
2012/10/27,114.48
2012/10/28,114.48
2012/10/29,114.47
2012/10/30,114.47
2012/10/31,114.0
2012/11/01,115.55
2012/11/02,114.58
2012/11/03,114.58
2012/11/04,114.58
2012/11/05,114.85
2012/11/06,115.72
2012/11/07,113.08
2012/11/08,111.67
2012/11/09,111.6
2012/11/10,111.6
2012/11/11,111.6
2012/11/12,111.69
2012/11/13,111.26
2012/11/14,109.89
2012/11/15,109.74
2012/11/16,110.18
2012/11/17,110.18
2012/11/18,110.18
2012/11/19,112.39
2012/11/20,112.42
2012/11/21,112.58
2012/11/22,112.58
2012/11/23,113.96
2012/11/24,113.96
2012/11/25,113.96
2012/11/26,113.81
2012/11/27,112.99
2012/11/28,113.84
2012/11/29,114.44
2012/11/30,114.31
2012/12/01,114.31
2012/12/02,114.31
2012/12/03,113.92
2012/12/04,113.65
2012/12/05,114.04
2012/12/06,114.51
2012/12/07,114.92
2012/12/08,114.92
2012/12/09,114.92
2012/12/10,115.19
2012/12/11,115.88
2012/12/12,116.03
2012/12/13,115.39
2012/12/14,115.17
2012/12/15,115.17
2012/12/16,115.17
2012/12/17,116.05
2012/12/18,117.38
2012/12/19,116.3
2012/12/20,116.91
2012/12/21,116.3
2012/12/22,116.3
2012/12/23,116.3
2012/12/24,115.89
2012/12/25,115.89
2012/12/26,115.89
2012/12/27,115.41
2012/12/28,114.34
2012/12/29,114.34
2012/12/30,114.34
2012/12/31,116.24
2013/01/01,116.24
2013/01/02,118.93
2013/01/03,118.99
2013/01/04,119.58
2013/01/05,119.58
2013/01/06,119.58
2013/01/07,119.13
2013/01/08,118.74
2013/01/09,119.16
2013/01/10,120.06
2013/01/11,119.97
2013/01/12,119.97
2013/01/13,119.97
2013/01/14,119.98
2013/01/15,119.96
2013/01/16,119.88
2013/01/17,120.69
2013/01/18,120.98
2013/01/19,120.98
2013/01/20,120.98
2013/01/21,120.98
2013/01/22,121.51
2013/01/23,121.63
2013/01/24,121.7
2013/01/25,122.25
2013/01/26,122.25
2013/01/27,122.25
2013/01/28,122.05
2013/01/29,122.63
2013/01/30,122.06
2013/01/31,121.82
2013/02/01,123.02
2013/02/02,123.02
2013/02/03,123.02
2013/02/04,121.6
2013/02/05,122.47
2013/02/06,122.53
2013/02/07,122.31
2013/02/08,122.9
2013/02/09,122.9
2013/02/10,122.9
2013/02/11,122.9
2013/02/12,122.9
2013/02/13,122.9
2013/02/14,122.93
2013/02/15,122.9
2013/02/16,122.9
2013/02/17,122.9
2013/02/18,122.9
2013/02/19,123.67
2013/02/20,121.9
2013/02/21,121.06
2013/02/22,122.19
2013/02/23,122.19
2013/02/24,122.19
2013/02/25,119.96
2013/02/26,120.71
2013/02/27,121.99
2013/02/28,121.93
2013/03/01,122.18
2013/03/02,122.18
2013/03/03,122.18
2013/03/04,122.61
2013/03/05,123.65
2013/03/06,124.11
2013/03/07,124.47
2013/03/08,125.16
2013/03/09,125.16
2013/03/10,125.16
2013/03/11,125.34
2013/03/12,125.01
2013/03/13,124.76
2013/03/14,125.29
2013/03/15,124.99
2013/03/16,124.99
2013/03/17,124.99
2013/03/18,124.24
2013/03/19,124.02
2013/03/20,124.73
2013/03/21,123.75
2013/03/22,124.65
2013/03/23,124.65
2013/03/24,124.65
2013/03/25,123.71
2013/03/26,124.74
2013/03/27,125.11
2013/03/28,125.55
2013/03/29,125.55
2013/03/30,125.55
2013/03/31,125.55
2013/04/01,125.55
2013/04/02,125.38
2013/04/03,124.13
2013/04/04,124.13
2013/04/05,124.27
2013/04/06,124.27
2013/04/07,124.27
2013/04/08,124.9
2013/04/09,125.63
2013/04/10,127.06
2013/04/11,127.32
2013/04/12,126.92
2013/04/13,126.92
2013/04/14,126.92
2013/04/15,123.69
2013/04/16,125.55
2013/04/17,123.46
2013/04/18,122.86
2013/04/19,123.92
2013/04/20,123.92
2013/04/21,123.92
2013/04/22,124.48
2013/04/23,125.8
2013/04/24,125.86
2013/04/25,126.41
2013/04/26,125.81
2013/04/27,125.81
2013/04/28,125.81
2013/04/29,126.65
2013/04/30,127.28
2013/05/01,127.28
2013/05/02,127.15
2013/05/03,128.42
2013/05/04,128.42
2013/05/05,128.42
2013/05/06,128.57
2013/05/07,129.4
2013/05/08,129.91
2013/05/09,129.37
2013/05/10,129.55
2013/05/11,129.55
2013/05/12,129.55
2013/05/13,129.57
2013/05/14,130.57
2013/05/15,131.1
2013/05/16,130.53
2013/05/17,130.53
2013/05/18,130.53
2013/05/19,130.53
2013/05/20,131.63
2013/05/21,131.69
2013/05/22,130.65
2013/05/23,130.35
2013/05/24,130.16
2013/05/25,130.16
2013/05/26,130.16
2013/05/27,130.15
2013/05/28,130.69
2013/05/29,129.5
2013/05/30,129.99
2013/05/31,128.14
2013/06/01,128.14
2013/06/02,128.14
2013/06/03,128.77
2013/06/04,128.11
2013/06/05,126.12
2013/06/06,127.28
2013/06/07,128.43
2013/06/08,128.43
2013/06/09,128.43
2013/06/10,128.21
2013/06/11,126.79
2013/06/12,126.79
2013/06/13,127.59
2013/06/14,126.76
2013/06/15,126.76
2013/06/16,126.76
2013/06/17,127.5
2013/06/18,128.16
2013/06/19,126.1
2013/06/20,122.62
2013/06/21,123.07
2013/06/22,123.07
2013/06/23,123.07
2013/06/24,121.45
2013/06/25,122.49
2013/06/26,123.42
2013/06/27,124.63
2013/06/28,124.33
2013/06/29,124.33
2013/06/30,124.33
2013/07/01,124.33
2013/07/02,124.4
2013/07/03,124.41
2013/07/04,124.41
2013/07/05,125.31
2013/07/06,125.31
2013/07/07,125.31
2013/07/08,125.93
2013/07/09,126.83
2013/07/10,126.59
2013/07/11,128.64
2013/07/12,128.36
2013/07/13,128.36
2013/07/14,128.36
2013/07/15,129.37
2013/07/16,128.74
2013/07/17,129.29
2013/07/18,129.97
2013/07/19,129.93
2013/07/20,129.93
2013/07/21,129.93
2013/07/22,130.46
2013/07/23,130.45
2013/07/24,129.74
2013/07/25,130.08
2013/07/26,130.22
2013/07/27,130.22
2013/07/28,130.22
2013/07/29,129.55
2013/07/30,129.33
2013/07/31,129.39
2013/08/01,131.03
2013/08/02,131.34
2013/08/03,131.34
2013/08/04,131.34
2013/08/05,130.93
2013/08/06,130.13
2013/08/07,129.65
2013/08/08,130.64
2013/08/09,130.46
2013/08/10,130.46
2013/08/11,130.46
2013/08/12,130.2
2013/08/13,130.52
2013/08/14,130.52
2013/08/15,128.26
2013/08/16,127.59
2013/08/17,127.59
2013/08/18,127.59
2013/08/19,126.58
2013/08/20,127.13
2013/08/21,125.98
2013/08/22,127.23
2013/08/23,128.16
2013/08/24,128.16
2013/08/25,128.16
2013/08/26,127.33
2013/08/27,125.26
2013/08/28,125.57
2013/08/29,125.75
2013/08/30,125.38
2013/08/31,125.38
2013/09/01,125.38
2013/09/02,125.36
2013/09/03,126.08
2013/09/04,127.01
2013/09/05,127.49
2013/09/06,127.99
2013/09/07,127.99
2013/09/08,127.99
2013/09/09,129.65
2013/09/10,130.58
2013/09/11,130.97
2013/09/12,130.39
2013/09/13,130.68
2013/09/14,130.68
2013/09/15,130.68
2013/09/16,131.51
2013/09/17,132.1
2013/09/18,134.43
2013/09/19,134.05
2013/09/20,134.05
2013/09/21,134.05
2013/09/22,134.05
2013/09/23,132.58
2013/09/24,131.61
2013/09/25,131.16
2013/09/26,131.75
2013/09/27,131.15
2013/09/28,131.15
2013/09/29,131.15
2013/09/30,130.41
2013/10/01,130.41
2013/10/02,131.58
2013/10/03,130.38
2013/10/04,131.36
2013/10/05,131.36
2013/10/06,131.36
2013/10/07,130.27
2013/10/08,128.8
2013/10/09,128.91
2013/10/10,131.71
2013/10/11,132.58
2013/10/12,132.58
2013/10/13,132.58
2013/10/14,132.58
2013/10/15,132.17
2013/10/16,133.99
2013/10/17,134.87
2013/10/18,135.49
2013/10/19,135.49
2013/10/20,135.49
2013/10/21,135.59
2013/10/22,136.42
2013/10/23,135.5
2013/10/24,135.75
2013/10/25,136.44
2013/10/26,136.44
2013/10/27,136.44
2013/10/28,136.8
2013/10/29,137.46
2013/10/30,136.86
2013/10/31,136.09
2013/11/01,136.32
2013/11/02,136.32
2013/11/03,136.32
2013/11/04,136.94
2013/11/05,135.96
2013/11/06,136.55
2013/11/07,134.65
2013/11/08,135.94
2013/11/09,135.94
2013/11/10,135.94
2013/11/11,135.82
2013/11/12,135.46
2013/11/13,136.5
2013/11/14,137.62
2013/11/15,138.43
2013/11/16,138.43
2013/11/17,138.43
2013/11/18,138.22
2013/11/19,137.65
2013/11/20,137.1
2013/11/21,137.84
2013/11/22,138.66
2013/11/23,138.66
2013/11/24,138.66
2013/11/25,138.13
2013/11/26,138.0
2013/11/27,138.37
2013/11/28,138.37
2013/11/29,138.41
2013/11/30,138.41
2013/12/01,138.41
2013/12/02,137.49
2013/12/03,136.87
2013/12/04,136.66
2013/12/05,136.25
2013/12/06,137.78
2013/12/07,137.78
2013/12/08,137.78
2013/12/09,138.2
2013/12/10,137.88
2013/12/11,136.0
2013/12/12,135.71
2013/12/13,135.69
2013/12/14,135.69
2013/12/15,135.69
2013/12/16,136.43
2013/12/17,135.59
2013/12/18,137.86
2013/12/19,137.87
2013/12/20,138.27
2013/12/21,138.27
2013/12/22,138.27
2013/12/23,138.57
2013/12/24,138.96
2013/12/25,138.96
2013/12/26,138.96
2013/12/27,140.11
2013/12/28,140.11
2013/12/29,140.11
2013/12/30,139.97
2013/12/31,140.62
2014/01/01,140.62
2014/01/02,138.84
2014/01/03,138.8
2014/01/04,138.8
2014/01/05,138.8
2014/01/06,138.36
2014/01/07,139.09
2014/01/08,138.92
2014/01/09,138.74
2014/01/10,139.47
2014/01/11,139.47
2014/01/12,139.47
2014/01/13,137.7
2014/01/14,139.08
2014/01/15,139.73
2014/01/16,139.29
2014/01/17,138.8
2014/01/18,138.8
2014/01/19,138.8
2014/01/20,138.81
2014/01/21,138.97
2014/01/22,139.27
2014/01/23,137.76
2014/01/24,134.78
2014/01/25,134.78
2014/01/26,134.78
2014/01/27,134.17
2014/01/28,134.99
2014/01/29,133.48
2014/01/30,134.92
2014/01/31,134.92
2014/02/01,134.92
2014/02/02,134.92
2014/02/03,134.92
2014/02/04,132.2
2014/02/05,131.94
2014/02/06,134.0
2014/02/07,135.58
2014/02/08,135.58
2014/02/09,135.58
2014/02/10,135.46
2014/02/11,137.16
2014/02/12,136.99
2014/02/13,137.66
2014/02/14,138.44
2014/02/15,138.44
2014/02/16,138.44
2014/02/17,138.42
2014/02/18,138.16
2014/02/19,137.22
2014/02/20,138.06
2014/02/21,138.12
2014/02/22,138.12
2014/02/23,138.12
2014/02/24,138.62
2014/02/25,138.46
2014/02/26,138.32
2014/02/27,139.49
2014/02/28,139.48
2014/03/01,139.48
2014/03/02,139.48
2014/03/03,138.31
2014/03/04,140.4
2014/03/05,140.4
2014/03/06,141.02
2014/03/07,140.56
2014/03/08,140.56
2014/03/09,140.56
2014/03/10,140.2
2014/03/11,139.54
2014/03/12,139.68
2014/03/13,138.09
2014/03/14,137.74
2014/03/15,137.74
2014/03/16,137.74
2014/03/17,138.98
2014/03/18,140.25
2014/03/19,139.51
2014/03/20,140.73
2014/03/21,140.34
2014/03/22,140.34
2014/03/23,140.34
2014/03/24,140.02
2014/03/25,140.33
2014/03/26,139.76
2014/03/27,140.35
2014/03/28,140.9
2014/03/29,140.9
2014/03/30,140.9
2014/03/31,142.09
2014/04/01,142.98
2014/04/02,143.81
2014/04/03,143.36
2014/04/04,142.17
2014/04/05,142.17
2014/04/06,142.17
2014/04/07,141.4
2014/04/08,141.88
2014/04/09,143.1
2014/04/10,140.38
2014/04/11,139.59
2014/04/12,139.59
2014/04/13,139.59
2014/04/14,140.46
2014/04/15,140.73
2014/04/16,142.21
2014/04/17,142.7
2014/04/18,142.7
2014/04/19,142.7
2014/04/20,142.7
2014/04/21,142.7
2014/04/22,143.41
2014/04/23,143.12
2014/04/24,143.56
2014/04/25,142.24
2014/04/26,142.24
2014/04/27,142.24
2014/04/28,142.64
2014/04/29,143.39
2014/04/30,143.71
2014/05/01,143.71
2014/05/02,144.06
2014/05/03,144.06
2014/05/04,144.06
2014/05/05,144.06
2014/05/06,144.06
2014/05/07,144.23
2014/05/08,143.93
2014/05/09,144.08
2014/05/10,144.08
2014/05/11,144.08
2014/05/12,145.47
2014/05/13,145.64
2014/05/14,145.17
2014/05/15,143.76
2014/05/16,144.44
2014/05/17,144.44
2014/05/18,144.44
2014/05/19,144.54
2014/05/20,143.41
2014/05/21,144.55
2014/05/22,144.94
2014/05/23,145.23
2014/05/24,145.23
2014/05/25,145.23
2014/05/26,145.22
2014/05/27,145.62
2014/05/28,145.74
2014/05/29,146.29
2014/05/30,145.94
2014/05/31,145.94
2014/06/01,145.94
2014/06/02,145.94
2014/06/03,146.14
2014/06/04,146.05
2014/06/05,147.09
2014/06/06,148.34
2014/06/07,148.34
2014/06/08,148.34
2014/06/09,148.93
2014/06/10,148.96
2014/06/11,148.66
2014/06/12,147.47
2014/06/13,147.98
2014/06/14,147.98
2014/06/15,147.98
2014/06/16,147.94
2014/06/17,147.94
2014/06/18,149.39
2014/06/19,149.33
2014/06/20,149.6
2014/06/21,149.6
2014/06/22,149.6
2014/06/23,149.59
2014/06/24,147.96
2014/06/25,148.95
2014/06/26,148.89
2014/06/27,149.19
2014/06/28,149.19
2014/06/29,149.19
2014/06/30,148.89
2014/07/01,148.89
2014/07/02,149.75
2014/07/03,150.65
2014/07/04,150.65
2014/07/05,150.65
2014/07/06,150.65
2014/07/07,150.21
2014/07/08,149.34
2014/07/09,150.34
2014/07/10,149.78
2014/07/11,150.08
2014/07/12,150.08
2014/07/13,150.08
2014/07/14,151.11
2014/07/15,150.97
2014/07/16,151.46
2014/07/17,149.65
2014/07/18,151.54
2014/07/19,151.54
2014/07/20,151.54
2014/07/21,151.53
2014/07/22,152.33
2014/07/23,152.28
2014/07/24,152.54
2014/07/25,151.82
2014/07/26,151.82
2014/07/27,151.82
2014/07/28,151.85
2014/07/29,151.06
2014/07/30,150.79
2014/07/31,147.72
2014/08/01,147.47
2014/08/02,147.47
2014/08/03,147.47
2014/08/04,148.61
2014/08/05,147.11
2014/08/06,147.3
2014/08/07,146.32
2014/08/08,147.66
2014/08/09,147.66
2014/08/10,147.66
2014/08/11,148.58
2014/08/12,148.36
2014/08/13,148.93
2014/08/14,149.58
2014/08/15,149.89
2014/08/16,149.89
2014/08/17,149.89
2014/08/18,151.21
2014/08/19,152.16
2014/08/20,152.55
2014/08/21,152.94
2014/08/22,152.44
2014/08/23,152.44
2014/08/24,152.44
2014/08/25,153.37
2014/08/26,153.66
2014/08/27,154.11
2014/08/28,153.78
2014/08/29,154.61
2014/08/30,154.61
2014/08/31,154.61
2014/09/01,154.6
2014/09/02,154.79
2014/09/03,154.92
2014/09/04,154.3
2014/09/05,155.02
2014/09/06,155.02
2014/09/07,155.02
2014/09/08,154.01
2014/09/09,154.01
2014/09/10,153.01
2014/09/11,153.09
2014/09/12,151.68
2014/09/13,151.68
2014/09/14,151.68
2014/09/15,151.84
2014/09/16,153.4
2014/09/17,153.22
2014/09/18,153.68
2014/09/19,153.2
2014/09/20,153.2
2014/09/21,153.2
2014/09/22,151.74
2014/09/23,150.82
2014/09/24,151.78
2014/09/25,149.11
2014/09/26,150.65
2014/09/27,150.65
2014/09/28,150.65
2014/09/29,149.31
2014/09/30,148.91
2014/10/01,148.91
2014/10/02,148.91
2014/10/03,148.35
2014/10/04,148.35
2014/10/05,148.35
2014/10/06,149.25
2014/10/07,147.47
2014/10/08,149.74
2014/10/09,147.09
2014/10/10,144.91
2014/10/11,144.91
2014/10/12,144.91
2014/10/13,143.78
2014/10/14,144.05
2014/10/15,142.18
2014/10/16,141.57
2014/10/17,143.69
2014/10/18,143.69
2014/10/19,143.69
2014/10/20,144.27
2014/10/21,146.15
2014/10/22,145.1
2014/10/23,145.98
2014/10/24,147.44
2014/10/25,147.44
2014/10/26,147.44
2014/10/27,146.53
2014/10/28,148.73
2014/10/29,148.41
2014/10/30,149.98
2014/10/31,151.52
2014/11/01,151.52
2014/11/02,151.52
2014/11/03,151.17
2014/11/04,150.83
2014/11/05,151.48
2014/11/06,151.33
2014/11/07,151.79
2014/11/08,151.79
2014/11/09,151.79
2014/11/10,151.85
2014/11/11,151.95
2014/11/12,151.83
2014/11/13,151.55
2014/11/14,151.49
2014/11/15,151.49
2014/11/16,151.49
2014/11/17,151.41
2014/11/18,152.53
2014/11/19,152.82
2014/11/20,153.09
2014/11/21,155.01
2014/11/22,155.01
2014/11/23,155.01
2014/11/24,154.84
2014/11/25,154.77
2014/11/26,155.23
2014/11/27,155.21
2014/11/28,154.13
2014/11/29,154.13
2014/11/30,154.13
2014/12/01,152.47
2014/12/02,153.01
2014/12/03,153.66
2014/12/04,153.1
2014/12/05,153.39
2014/12/06,153.39
2014/12/07,153.39
2014/12/08,151.85
2014/12/09,151.71
2014/12/10,149.04
2014/12/11,149.43
2014/12/12,146.83
2014/12/13,146.83
2014/12/14,146.83
2014/12/15,145.35
2014/12/16,144.19
2014/12/17,147.49
2014/12/18,151.14
2014/12/19,151.79
2014/12/20,151.79
2014/12/21,151.79
2014/12/22,152.39
2014/12/23,152.64
2014/12/24,152.7
2014/12/25,152.7
2014/12/26,152.7
2014/12/27,152.7
2014/12/28,152.7
2014/12/29,153.23
2014/12/30,152.49
2014/12/31,151.08
2015/01/01,151.08
2015/01/02,150.41
2015/01/03,150.41
2015/01/04,150.41
2015/01/05,147.54
2015/01/06,146.7
2015/01/07,148.73
2015/01/08,151.35
2015/01/09,150.21
2015/01/10,150.21
2015/01/11,150.21
2015/01/12,148.77
2015/01/13,148.55
2015/01/14,147.86
2015/01/15,146.36
2015/01/16,148.46
2015/01/17,148.46
2015/01/18,148.46
2015/01/19,148.45
2015/01/20,148.53
2015/01/21,149.72
2015/01/22,151.99
2015/01/23,150.79
2015/01/24,150.79
2015/01/25,150.79
2015/01/26,151.13
2015/01/27,149.5
2015/01/28,147.27
2015/01/29,148.37
2015/01/30,145.99
2015/01/31,145.99
2015/02/01,145.99
2015/02/02,147.91
2015/02/03,150.3
2015/02/04,149.62
2015/02/05,151.2
2015/02/06,150.39
2015/02/07,150.39
2015/02/08,150.39
2015/02/09,150.13
2015/02/10,150.97
2015/02/11,150.61
2015/02/12,152.62
2015/02/13,153.52
2015/02/14,153.52
2015/02/15,153.52
2015/02/16,153.54
2015/02/17,153.83
2015/02/18,153.68
2015/02/19,153.68
2015/02/20,153.68
2015/02/21,153.68
2015/02/22,153.68
2015/02/23,154.01
2015/02/24,154.97
2015/02/25,154.54
2015/02/26,154.42
2015/02/27,154.17
2015/02/28,154.17
2015/03/01,154.17
2015/03/02,154.43
2015/03/03,153.78
2015/03/04,152.77
2015/03/05,152.63
2015/03/06,150.21
2015/03/07,150.21
2015/03/08,150.21
2015/03/09,150.24
2015/03/10,147.9
2015/03/11,147.9
2015/03/12,149.57
2015/03/13,148.26
2015/03/14,148.26
2015/03/15,148.26
2015/03/16,150.14
2015/03/17,150.01
2015/03/18,152.21
2015/03/19,150.91
2015/03/20,152.72
2015/03/21,152.72
2015/03/22,152.72
2015/03/23,152.77
2015/03/24,151.97
2015/03/25,149.67
2015/03/26,148.89
2015/03/27,149.0
2015/03/28,149.0
2015/03/29,149.0
2015/03/30,150.86
2015/03/31,149.85
2015/04/01,150.16
2015/04/02,150.89
2015/04/03,150.89
2015/04/04,150.89
2015/04/05,150.89
2015/04/06,150.89
2015/04/07,150.89
2015/04/08,152.43
2015/04/09,152.82
2015/04/10,153.49
2015/04/11,153.49
2015/04/12,153.49
2015/04/13,152.53
2015/04/14,153.12
2015/04/15,154.25
2015/04/16,154.35
2015/04/17,152.34
2015/04/18,152.34
2015/04/19,152.34
2015/04/20,153.39
2015/04/21,153.29
2015/04/22,154.24
2015/04/23,155.07
2015/04/24,155.78
2015/04/25,155.78
2015/04/26,155.78
2015/04/27,155.16
2015/04/28,155.52
2015/04/29,154.78
2015/04/30,153.2
2015/05/01,153.2
2015/05/02,153.2
2015/05/03,153.2
2015/05/04,155.07
2015/05/05,153.79
2015/05/06,152.99
2015/05/07,153.63
2015/05/08,155.7
2015/05/09,155.7
2015/05/10,155.7
2015/05/11,154.69
2015/05/12,154.23
2015/05/13,154.13
2015/05/14,155.96
2015/05/15,156.27
2015/05/16,156.27
2015/05/17,156.27
2015/05/18,156.12
2015/05/19,155.73
2015/05/20,155.6
2015/05/21,155.7
2015/05/22,154.99
2015/05/23,154.99
2015/05/24,154.99
2015/05/25,154.99
2015/05/26,153.01
2015/05/27,154.48
2015/05/28,154.16
2015/05/29,152.93
2015/05/30,152.93
2015/05/31,152.93
2015/06/01,153.2
2015/06/02,153.66
2015/06/03,153.67
2015/06/04,152.32
2015/06/05,151.98
2015/06/06,151.98
2015/06/07,151.98
2015/06/08,151.27
2015/06/09,151.2
2015/06/10,153.09
2015/06/11,153.59
2015/06/12,152.44
2015/06/13,152.44
2015/06/14,152.44
2015/06/15,151.69
2015/06/16,152.79
2015/06/17,153.08
2015/06/18,154.68
2015/06/19,153.47
2015/06/20,153.47
2015/06/21,153.47
2015/06/22,154.65
2015/06/23,154.77
2015/06/24,153.37
2015/06/25,152.66
2015/06/26,152.93
2015/06/27,152.93
2015/06/28,152.93
2015/06/29,149.61
2015/06/30,150.18
2015/07/01,150.18
2015/07/02,151.06
2015/07/03,151.05
2015/07/04,151.05
2015/07/05,151.05
2015/07/06,150.1
2015/07/07,150.8
2015/07/08,148.12
2015/07/09,148.55
2015/07/10,150.68
2015/07/11,150.68
2015/07/12,150.68
2015/07/13,152.34
2015/07/14,152.96
2015/07/15,152.66
2015/07/16,153.65
2015/07/17,153.41
2015/07/18,153.41
2015/07/19,153.41
2015/07/20,153.25
2015/07/21,152.78
2015/07/22,151.92
2015/07/23,150.68
2015/07/24,148.86
2015/07/25,148.86
2015/07/26,148.86
2015/07/27,147.74
2015/07/28,149.68
2015/07/29,150.83
2015/07/30,150.53
2015/07/31,150.66
2015/08/01,150.66
2015/08/02,150.66
2015/08/03,149.95
2015/08/04,149.68
2015/08/05,149.92
2015/08/06,148.77
2015/08/07,148.28
2015/08/08,148.28
2015/08/09,148.28
2015/08/10,150.42
2015/08/11,148.66
2015/08/12,148.66
2015/08/13,148.1
2015/08/14,148.55
2015/08/15,148.55
2015/08/16,148.55
2015/08/17,149.24
2015/08/18,148.97
2015/08/19,147.42
2015/08/20,144.65
2015/08/21,140.13
2015/08/22,140.13
2015/08/23,140.13
2015/08/24,134.53
2015/08/25,133.11
2015/08/26,138.22
2015/08/27,142.09
2015/08/28,141.82
2015/08/29,141.82
2015/08/30,141.82
2015/08/31,140.61
2015/09/01,136.2
2015/09/02,138.71
2015/09/03,138.71
2015/09/04,136.53
2015/09/05,136.53
2015/09/06,136.53
2015/09/07,136.52
2015/09/08,139.84
2015/09/09,138.08
2015/09/10,138.57
2015/09/11,139.0
2015/09/12,139.0
2015/09/13,139.0
2015/09/14,138.87
2015/09/15,140.46
2015/09/16,142.12
2015/09/17,141.64
2015/09/18,138.96
2015/09/19,138.96
2015/09/20,138.96
2015/09/21,139.48
2015/09/22,137.54
2015/09/23,136.76
2015/09/24,136.66
2015/09/25,136.23
2015/09/26,136.23
2015/09/27,136.23
2015/09/28,136.23
2015/09/29,132.95
2015/09/30,135.72
2015/10/01,135.72
2015/10/02,138.33
2015/10/03,138.33
2015/10/04,138.33
2015/10/05,140.95
2015/10/06,140.61
2015/10/07,141.88
2015/10/08,143.34
2015/10/09,143.58
2015/10/10,143.58
2015/10/11,143.58
2015/10/12,143.42
2015/10/13,141.99
2015/10/14,141.46
2015/10/15,143.53
2015/10/16,143.98
2015/10/17,143.98
2015/10/18,143.98
2015/10/19,143.92
2015/10/20,143.58
2015/10/21,143.58
2015/10/22,145.13
2015/10/23,146.6
2015/10/24,146.6
2015/10/25,146.6
2015/10/26,146.11
2015/10/27,145.74
2015/10/28,147.14
2015/10/29,146.91
2015/10/30,146.36
2015/10/31,146.36
2015/11/01,146.36
2015/11/02,148.21
2015/11/03,149.13
2015/11/04,148.45
2015/11/05,148.27
2015/11/06,148.0
2015/11/07,148.0
2015/11/08,148.0
2015/11/09,146.27
2015/11/10,146.77
2015/11/11,146.46
2015/11/12,144.31
2015/11/13,142.69
2015/11/14,142.69
2015/11/15,142.69
2015/11/16,144.87
2015/11/17,144.73
2015/11/18,147.12
2015/11/19,147.29
2015/11/20,148.07
2015/11/21,148.07
2015/11/22,148.07
2015/11/23,147.49
2015/11/24,147.79
2015/11/25,147.26
2015/11/26,147.28
2015/11/27,147.0
2015/11/28,147.0
2015/11/29,147.0
2015/11/30,146.1
2015/12/01,147.53
2015/12/02,146.11
2015/12/03,144.54
2015/12/04,146.87
2015/12/05,146.87
2015/12/06,146.87
2015/12/07,145.72
2015/12/08,144.7
2015/12/09,144.09
2015/12/10,143.95
2015/12/11,141.06
2015/12/12,141.06
2015/12/13,141.06
2015/12/14,141.74
2015/12/15,143.32
2015/12/16,145.47
2015/12/17,143.39
2015/12/18,140.54
2015/12/19,140.54
2015/12/20,140.54
2015/12/21,141.47
2015/12/22,142.7
2015/12/23,144.64
2015/12/24,144.06
2015/12/25,144.06
2015/12/26,144.06
2015/12/27,144.06
2015/12/28,143.77
2015/12/29,145.1
2015/12/30,143.67
2015/12/31,142.37
2016/01/01,142.37
2016/01/02,142.37
2016/01/03,142.37
2016/01/04,140.2
2016/01/05,140.55
2016/01/06,138.57
2016/01/07,135.03
2016/01/08,133.62
2016/01/09,133.62
2016/01/10,133.62
2016/01/11,133.73
2016/01/12,134.69
2016/01/13,131.62
2016/01/14,133.88
2016/01/15,131.02
2016/01/16,131.02
2016/01/17,131.02
2016/01/18,131.07
2016/01/19,131.19
2016/01/20,129.76
2016/01/21,130.11
2016/01/22,132.84
2016/01/23,132.84
2016/01/24,132.84
2016/01/25,130.62
2016/01/26,132.62
2016/01/27,131.43
2016/01/28,132.36
2016/01/29,135.96
2016/01/30,135.96
2016/01/31,135.96
2016/02/01,135.9
2016/02/02,132.83
2016/02/03,134.35
2016/02/04,134.93
2016/02/05,132.35
2016/02/06,132.35
2016/02/07,132.35
2016/02/08,132.35
2016/02/09,132.35
2016/02/10,132.35
2016/02/11,128.21
2016/02/12,130.93
2016/02/13,130.93
2016/02/14,130.93
2016/02/15,130.88
2016/02/16,132.95
2016/02/17,135.5
2016/02/18,134.7
2016/02/19,134.62
2016/02/20,134.62
2016/02/21,134.62
2016/02/22,136.95
2016/02/23,134.98
2016/02/24,135.53
2016/02/25,136.94
2016/02/26,136.45
2016/02/27,136.45
2016/02/28,136.45
2016/02/29,135.83
2016/03/01,139.42
2016/03/02,140.42
2016/03/03,141.72
2016/03/04,142.82
2016/03/05,142.82
2016/03/06,142.82
2016/03/07,142.93
2016/03/08,141.22
2016/03/09,142.01
2016/03/10,142.32
2016/03/11,144.62
2016/03/12,144.62
2016/03/13,144.62
2016/03/14,144.03
2016/03/15,142.87
2016/03/16,144.11
2016/03/17,146.22
2016/03/18,146.7
2016/03/19,146.7
2016/03/20,146.7
2016/03/21,146.95
2016/03/22,146.82
2016/03/23,145.12
2016/03/24,144.99
2016/03/25,144.99
2016/03/26,144.99
2016/03/27,144.99
2016/03/28,144.99
2016/03/29,147.07
2016/03/30,147.71
2016/03/31,147.16
2016/04/01,148.16
2016/04/02,148.16
2016/04/03,148.16
2016/04/04,148.16
2016/04/05,145.5
2016/04/06,146.71
2016/04/07,144.82
2016/04/08,146.04
2016/04/09,146.04
2016/04/10,146.04
2016/04/11,146.16
2016/04/12,148.06
2016/04/13,149.8
2016/04/14,149.53
2016/04/15,149.27
2016/04/16,149.27
2016/04/17,149.27
2016/04/18,149.87
2016/04/19,151.03
2016/04/20,151.06
2016/04/21,150.09
2016/04/22,149.98
2016/04/23,149.98
2016/04/24,149.98
2016/04/25,149.42
2016/04/26,150.17
2016/04/27,150.99
2016/04/28,149.82
2016/04/29,149.36
2016/04/30,149.36
2016/05/01,149.36
2016/05/02,149.36
2016/05/03,147.92
2016/05/04,147.22
2016/05/05,146.9
2016/05/06,147.57
2016/05/07,147.57
2016/05/08,147.57
2016/05/09,147.15
2016/05/10,149.61
2016/05/11,148.43
2016/05/12,148.45
2016/05/13,146.53
2016/05/14,146.53
2016/05/15,146.53
2016/05/16,148.01
2016/05/17,146.64
2016/05/18,146.09
2016/05/19,145.42
2016/05/20,146.34
2016/05/21,146.34
2016/05/22,146.34
2016/05/23,145.81
2016/05/24,147.53
2016/05/25,148.47
2016/05/26,148.63
2016/05/27,148.87
2016/05/28,148.87
2016/05/29,148.87
2016/05/30,148.89
2016/05/31,148.23
2016/06/01,148.71
2016/06/02,149.32
2016/06/03,149.48
2016/06/04,149.48
2016/06/05,149.48
2016/06/06,150.17
2016/06/07,150.66
2016/06/08,151.79
2016/06/09,151.79
2016/06/10,149.04
2016/06/11,149.04
2016/06/12,149.04
2016/06/13,147.83
2016/06/14,147.18
2016/06/15,147.25
2016/06/16,147.77
2016/06/17,147.61
2016/06/18,147.61
2016/06/19,147.61
2016/06/20,148.86
2016/06/21,149.03
2016/06/22,148.88
2016/06/23,151.25
2016/06/24,145.44
2016/06/25,145.44
2016/06/26,145.44
2016/06/27,142.56
2016/06/28,145.71
2016/06/29,148.63
2016/06/30,150.67
2016/07/01,150.67
2016/07/02,150.67
2016/07/03,150.67
2016/07/04,151.22
2016/07/05,149.57
2016/07/06,150.14
2016/07/07,149.89
2016/07/08,152.68
2016/07/09,152.68
2016/07/10,152.68
2016/07/11,153.38
2016/07/12,154.59
2016/07/13,154.67
2016/07/14,155.73
2016/07/15,155.47
2016/07/16,155.47
2016/07/17,155.47
2016/07/18,156.26
2016/07/19,156.03
2016/07/20,156.73
2016/07/21,156.02
2016/07/22,156.86
2016/07/23,156.86
2016/07/24,156.86
2016/07/25,156.13
2016/07/26,156.26
2016/07/27,156.06
2016/07/28,155.9
2016/07/29,156.57
2016/07/30,156.57
2016/07/31,156.57
2016/08/01,156.02
2016/08/02,156.02
2016/08/03,155.98
2016/08/04,156.39
2016/08/05,157.67
2016/08/06,157.67
2016/08/07,157.67
2016/08/08,157.74
2016/08/09,158.11
2016/08/10,157.59
2016/08/11,158.79
2016/08/12,158.48
2016/08/13,158.48
2016/08/14,158.48
2016/08/15,159.27
2016/08/16,158.48
2016/08/17,158.61
2016/08/18,158.88
2016/08/19,158.64
2016/08/20,158.64
2016/08/21,158.64
2016/08/22,158.13
2016/08/23,158.16
2016/08/24,157.52
2016/08/25,157.37
2016/08/26,156.78
2016/08/27,156.78
2016/08/28,156.78
2016/08/29,157.88
2016/08/30,157.49
2016/08/31,156.89
2016/09/01,157.0
2016/09/02,158.1
2016/09/03,158.1
2016/09/04,158.1
2016/09/05,158.08
2016/09/06,158.95
2016/09/07,158.78
2016/09/08,158.36
2016/09/09,154.0
2016/09/10,154.0
2016/09/11,154.0
2016/09/12,156.28
2016/09/13,153.28
2016/09/14,153.15
2016/09/15,154.82
2016/09/16,154.82
2016/09/17,154.82
2016/09/18,154.82
2016/09/19,154.11
2016/09/20,154.35
2016/09/21,156.6
2016/09/22,157.77
2016/09/23,156.59
2016/09/24,156.59
2016/09/25,156.59
2016/09/26,155.01
2016/09/27,156.33
2016/09/28,157.55
2016/09/29,155.61
2016/09/30,156.61
2016/10/01,156.61
2016/10/02,156.61
2016/10/03,157.03
2016/10/04,156.16
2016/10/05,157.31
2016/10/06,157.55
2016/10/07,157.22
2016/10/08,157.22
2016/10/09,157.22
2016/10/10,157.22
2016/10/11,156.72
2016/10/12,156.67
2016/10/13,156.46
2016/10/14,156.63
2016/10/15,156.63
2016/10/16,156.63
2016/10/17,156.59
2016/10/18,158.23
2016/10/19,158.74
2016/10/20,158.8
2016/10/21,158.8
2016/10/22,158.8
2016/10/23,158.8
2016/10/24,159.73
2016/10/25,159.39
2016/10/26,158.75
2016/10/27,158.49
2016/10/28,157.73
2016/10/29,157.73
2016/10/30,157.73
2016/10/31,158.04
2016/11/01,156.07
2016/11/02,154.73
2016/11/03,154.15
2016/11/04,153.96
2016/11/05,153.96
2016/11/06,153.96
2016/11/07,158.31
2016/11/08,159.37
2016/11/09,159.02
2016/11/10,156.63
2016/11/11,155.67
2016/11/12,155.67
2016/11/13,155.67
2016/11/14,155.52
2016/11/15,157.19
2016/11/16,156.78
2016/11/17,156.91
2016/11/18,156.57
2016/11/19,156.57
2016/11/20,156.57
2016/11/21,158.45
2016/11/22,158.94
2016/11/23,158.94
2016/11/24,158.94
2016/11/25,159.02
2016/11/26,159.02
2016/11/27,159.02
2016/11/28,158.98
2016/11/29,158.58
2016/11/30,158.65
2016/12/01,156.91
2016/12/02,157.31
2016/12/03,157.31
2016/12/04,157.31
2016/12/05,158.46
2016/12/06,159.32
2016/12/07,161.4
2016/12/08,161.61
2016/12/09,162.5
2016/12/10,162.5
2016/12/11,162.5
2016/12/12,162.06
2016/12/13,163.01
2016/12/14,160.85
2016/12/15,161.45
2016/12/16,160.79
2016/12/17,160.79
2016/12/18,160.79
2016/12/19,160.56
2016/12/20,161.4
2016/12/21,160.85
2016/12/22,160.57
2016/12/23,161.16
2016/12/24,161.16
2016/12/25,161.16
2016/12/26,161.16
2016/12/27,161.16
2016/12/28,161.0
2016/12/29,161.31
2016/12/30,160.52
2016/12/31,160.52
2017/01/01,160.52
2017/01/02,160.52
2017/01/03,162.33
2017/01/04,163.23
2017/01/05,163.49
2017/01/06,163.64
2017/01/07,163.64
2017/01/08,163.64
2017/01/09,163.12
2017/01/10,163.32
2017/01/11,164.24
2017/01/12,164.26
2017/01/13,164.36
2017/01/14,164.36
2017/01/15,164.36
2017/01/16,164.37
2017/01/17,164.15
2017/01/18,164.2
2017/01/19,163.93
2017/01/20,164.91
2017/01/21,164.91
2017/01/22,164.91
2017/01/23,165.46
2017/01/24,166.31
2017/01/25,167.93
2017/01/26,167.45
2017/01/27,167.44
2017/01/28,167.44
2017/01/29,167.44
2017/01/30,167.44
2017/01/31,167.44
2017/02/01,166.28
2017/02/02,166.51
2017/02/03,167.55
2017/02/04,167.55
2017/02/05,167.55
2017/02/06,166.72
2017/02/07,166.68
2017/02/08,167.36
2017/02/09,168.18
2017/02/10,169.38
2017/02/11,169.38
2017/02/12,169.38
2017/02/13,170.34
2017/02/14,171.06
2017/02/15,172.27
2017/02/16,171.91
2017/02/17,171.91
2017/02/18,171.91
2017/02/19,171.91
2017/02/20,171.89
2017/02/21,173.5
2017/02/22,173.3
2017/02/23,173.2
2017/02/24,172.64
2017/02/25,172.64
2017/02/26,172.64
2017/02/27,172.97
2017/02/28,172.05
2017/03/01,174.79
2017/03/02,172.98
2017/03/03,173.85
2017/03/04,173.85
2017/03/05,173.85
2017/03/06,173.18
2017/03/07,172.7
2017/03/08,171.67
2017/03/09,171.5
2017/03/10,172.32
2017/03/11,172.32
2017/03/12,172.32
2017/03/13,172.68
2017/03/14,171.79
2017/03/15,174.03
2017/03/16,173.73
2017/03/17,173.2
2017/03/18,173.2
2017/03/19,173.2
2017/03/20,173.49
2017/03/21,170.89
2017/03/22,171.4
2017/03/23,171.1
2017/03/24,171.24
2017/03/25,171.24
2017/03/26,171.24
2017/03/27,171.05
2017/03/28,172.25
2017/03/29,172.99
2017/03/30,173.01
2017/03/31,172.58
2017/04/01,172.58
2017/04/02,172.58
2017/04/03,172.65
2017/04/04,172.65
2017/04/05,172.23
2017/04/06,172.22
2017/04/07,172.3
2017/04/08,172.3
2017/04/09,172.3
2017/04/10,172.52
2017/04/11,172.22
2017/04/12,171.42
2017/04/13,170.01
2017/04/14,170.01
2017/04/15,170.01
2017/04/16,170.01
2017/04/17,170.01
2017/04/18,171.39
2017/04/19,170.6
2017/04/20,171.77
2017/04/21,171.29
2017/04/22,171.29
2017/04/23,171.29
2017/04/24,173.4
2017/04/25,174.31
2017/04/26,173.78
2017/04/27,173.75
2017/04/28,173.67
2017/04/29,173.67
2017/04/30,173.67
2017/05/01,173.67
2017/05/02,174.7
2017/05/03,174.7
2017/05/04,173.66
2017/05/05,174.8
2017/05/06,174.8
2017/05/07,174.8
2017/05/08,174.39
2017/05/09,174.62
2017/05/10,175.42
2017/05/11,175.38
2017/05/12,175.72
2017/05/13,175.72
2017/05/14,175.72
2017/05/15,176.72
2017/05/16,176.7
2017/05/17,173.35
2017/05/18,170.42
2017/05/19,172.86
2017/05/20,172.86
2017/05/21,172.86
2017/05/22,173.17
2017/05/23,173.73
2017/05/24,174.48
2017/05/25,174.91
2017/05/26,175.3
2017/05/27,175.3
2017/05/28,175.3
2017/05/29,175.34
2017/05/30,175.34
2017/05/31,174.48
2017/06/01,175.67
2017/06/02,176.18
2017/06/03,176.18
2017/06/04,176.18
2017/06/05,176.1
2017/06/06,175.95
2017/06/07,176.23
2017/06/08,176.25
2017/06/09,175.8
2017/06/10,175.8
2017/06/11,175.8
2017/06/12,175.61
2017/06/13,176.46
2017/06/14,176.53
2017/06/15,175.97
2017/06/16,175.95
2017/06/17,175.95
2017/06/18,175.95
2017/06/19,177.25
2017/06/20,175.5
2017/06/21,175.4
2017/06/22,175.51
2017/06/23,175.73
2017/06/24,175.73
2017/06/25,175.73
2017/06/26,176.48
2017/06/27,174.8
2017/06/28,176.51
2017/06/29,175.09
2017/06/30,175.58
2017/07/01,175.58
2017/07/02,175.58
2017/07/03,176.1
2017/07/04,176.07
2017/07/05,176.41
2017/07/06,174.78
2017/07/07,175.93
2017/07/08,175.93
2017/07/09,175.93
2017/07/10,176.64
2017/07/11,176.88
2017/07/12,178.67
2017/07/13,178.98
2017/07/14,179.98
2017/07/15,179.98
2017/07/16,179.98
2017/07/17,179.84
2017/07/18,180.14
2017/07/19,180.96
2017/07/20,181.1
2017/07/21,180.81
2017/07/22,180.81
2017/07/23,180.81
2017/07/24,180.8
2017/07/25,181.27
2017/07/26,181.42
2017/07/27,181.05
2017/07/28,181.04
2017/07/29,181.04
2017/07/30,181.04
2017/07/31,181.17
2017/08/01,181.73
2017/08/02,182.08
2017/08/03,181.8
2017/08/04,181.98
2017/08/05,181.98
2017/08/06,181.98
2017/08/07,182.59
2017/08/08,182.35
2017/08/09,181.89
2017/08/10,179.3
2017/08/11,179.66
2017/08/12,179.66
2017/08/13,179.66
2017/08/14,181.41
2017/08/15,181.65
2017/08/16,182.28
2017/08/17,179.41
2017/08/18,179.69
2017/08/19,179.69
2017/08/20,179.69
2017/08/21,179.84
2017/08/22,181.6
2017/08/23,181.6
2017/08/24,181.39
2017/08/25,181.58
2017/08/26,181.58
2017/08/27,181.58
2017/08/28,181.37
2017/08/29,181.63
2017/08/30,182.24
2017/08/31,183.13
2017/09/01,183.86
2017/09/02,183.86
2017/09/03,183.86
2017/09/04,183.84
2017/09/05,182.56
2017/09/06,183.73
2017/09/07,183.81
2017/09/08,182.97
2017/09/09,182.97
2017/09/10,182.97
2017/09/11,185.17
2017/09/12,185.59
2017/09/13,185.58
2017/09/14,185.62
2017/09/15,186.11
2017/09/16,186.11
2017/09/17,186.11
2017/09/18,186.44
2017/09/19,186.27
2017/09/20,186.62
2017/09/21,185.93
2017/09/22,186.07
2017/09/23,186.07
2017/09/24,186.07
2017/09/25,185.21
2017/09/26,184.97
2017/09/27,184.98
2017/09/28,185.21
2017/09/29,186.1
2017/09/30,186.1
2017/10/01,186.1
2017/10/02,186.1
2017/10/03,187.97
2017/10/04,188.08
2017/10/05,188.08
2017/10/06,188.34
2017/10/07,188.34
2017/10/08,188.34
2017/10/09,187.5
2017/10/10,188.33
2017/10/11,188.63
2017/10/12,188.3
2017/10/13,188.85
2017/10/14,188.85
2017/10/15,188.85
2017/10/16,188.92
2017/10/17,189.01
2017/10/18,189.11
2017/10/19,188.93
2017/10/20,189.57
2017/10/21,189.57
2017/10/22,189.57
2017/10/23,188.32
2017/10/24,188.82
2017/10/25,188.03
2017/10/26,187.58
2017/10/27,189.3
2017/10/28,189.3
2017/10/29,189.3
2017/10/30,187.98
2017/10/31,188.12
2017/11/01,188.23
2017/11/02,188.32
2017/11/03,188.48
2017/11/04,188.48
2017/11/05,188.48
2017/11/06,189.49
2017/11/07,188.73
2017/11/08,189.54
2017/11/09,188.49
2017/11/10,187.88
2017/11/11,187.88
2017/11/12,187.88
2017/11/13,188.0
2017/11/14,187.0
2017/11/15,186.25
2017/11/16,188.25
2017/11/17,188.45
2017/11/18,188.45
2017/11/19,188.45
2017/11/20,188.52
2017/11/21,189.91
2017/11/22,190.04
2017/11/23,189.99
2017/11/24,190.06
2017/11/25,190.06
2017/11/26,190.06
2017/11/27,189.61
2017/11/28,191.48
2017/11/29,190.73
2017/11/30,191.44
2017/12/01,191.4
2017/12/02,191.4
2017/12/03,191.4
2017/12/04,191.55
2017/12/05,190.78
2017/12/06,190.71
2017/12/07,190.64
2017/12/08,191.67
2017/12/09,191.67
2017/12/10,191.67
2017/12/11,192.26
2017/12/12,192.98
2017/12/13,192.51
2017/12/14,191.69
2017/12/15,193.24
2017/12/16,193.24
2017/12/17,193.24
2017/12/18,195.19
2017/12/19,194.17
2017/12/20,194.26
2017/12/21,194.8
2017/12/22,194.6
2017/12/23,194.6
2017/12/24,194.6
2017/12/25,194.6
2017/12/26,194.6
2017/12/27,194.63
2017/12/28,195.27
2017/12/29,194.89
2017/12/30,194.89
2017/12/31,194.89
2018/01/01,194.89
2018/01/02,197.12
2018/01/03,198.44
2018/01/04,199.27
2018/01/05,200.71
2018/01/06,200.71
2018/01/07,200.71
2018/01/08,200.97
2018/01/09,201.08
2018/01/10,200.62
2018/01/11,202.36
2018/01/12,203.67
2018/01/13,203.67
2018/01/14,203.67
2018/01/15,203.66
2018/01/16,203.15
2018/01/17,205.32
2018/01/18,205.24
2018/01/19,206.14
2018/01/20,206.14
2018/01/21,206.14
2018/01/22,207.64
2018/01/23,207.49
2018/01/24,209.14
2018/01/25,209.32
2018/01/26,211.89
2018/01/27,211.89
2018/01/28,211.89
2018/01/29,209.95
2018/01/30,207.91
2018/01/31,208.59
2018/02/01,208.73
2018/02/02,203.62
2018/02/03,203.62
2018/02/04,203.62
2018/02/05,195.3
2018/02/06,199.68
2018/02/07,197.68
2018/02/08,190.51
2018/02/09,193.52
2018/02/10,193.52
2018/02/11,193.52
2018/02/12,196.0
2018/02/13,196.62
2018/02/14,199.81
2018/02/15,202.12
2018/02/16,202.12
2018/02/17,202.12
2018/02/18,202.12
2018/02/19,202.12
2018/02/20,201.27
2018/02/21,200.3
2018/02/22,200.97
2018/02/23,203.79
2018/02/24,203.79
2018/02/25,203.79
2018/02/26,205.95
2018/02/27,203.19
2018/02/28,200.63
2018/03/01,198.49
2018/03/02,199.51
2018/03/03,199.51
2018/03/04,199.51
2018/03/05,201.6
2018/03/06,202.44
2018/03/07,201.82
2018/03/08,202.37
2018/03/09,205.83
2018/03/10,205.83
2018/03/11,205.83
2018/03/12,205.87
2018/03/13,204.56
2018/03/14,203.68
2018/03/15,202.66
2018/03/16,202.65
2018/03/17,202.65
2018/03/18,202.65
2018/03/19,199.94
2018/03/20,200.23
2018/03/21,200.9
2018/03/22,195.82
2018/03/23,192.41
2018/03/24,192.41
2018/03/25,192.41
2018/03/26,197.2
2018/03/27,193.6
2018/03/28,193.29
2018/03/29,196.55
2018/03/30,196.55
2018/03/31,196.55
2018/04/01,196.55
2018/04/02,196.55
2018/04/03,194.45
2018/04/04,196.38
2018/04/05,196.38
2018/04/06,193.83
2018/04/07,193.83
2018/04/08,193.83
2018/04/09,193.65
2018/04/10,197.01
2018/04/11,196.7
2018/04/12,197.92
2018/04/13,196.91
2018/04/14,196.91
2018/04/15,196.91
2018/04/16,197.68
2018/04/17,199.95
2018/04/18,200.93
2018/04/19,199.66
2018/04/20,197.94
2018/04/21,197.94
2018/04/22,197.94
2018/04/23,197.24
2018/04/24,195.19
2018/04/25,195.05
2018/04/26,197.33
2018/04/27,197.65
2018/04/28,197.65
2018/04/29,197.65
2018/04/30,195.87
2018/05/01,195.87
2018/05/02,193.76
2018/05/03,193.0
2018/05/04,194.9
2018/05/05,194.9
2018/05/06,194.9
2018/05/07,194.95
2018/05/08,194.79
2018/05/09,196.64
2018/05/10,199.31
2018/05/11,199.05
2018/05/12,199.05
2018/05/13,199.05
2018/05/14,199.02
2018/05/15,197.48
2018/05/16,198.54
2018/05/17,197.22
2018/05/18,196.1
2018/05/19,196.1
2018/05/20,196.1
2018/05/21,197.17
2018/05/22,197.17
2018/05/23,197.4
2018/05/24,196.25
2018/05/25,195.32
2018/05/26,195.32
2018/05/27,195.32
2018/05/28,195.24
2018/05/29,192.01
2018/05/30,194.38
2018/05/31,193.16
2018/06/01,194.83
2018/06/02,194.83
2018/06/03,194.83
2018/06/04,196.17
2018/06/05,195.16
2018/06/06,196.36
2018/06/07,195.03
2018/06/08,196.52
2018/06/09,196.52
2018/06/10,196.52
2018/06/11,196.49
2018/06/12,196.9
2018/06/13,196.05
2018/06/14,195.87
2018/06/15,195.63
2018/06/16,195.63
2018/06/17,195.63
2018/06/18,195.63
2018/06/19,194.59
2018/06/20,195.11
2018/06/21,193.28
2018/06/22,193.92
2018/06/23,193.92
2018/06/24,193.92
2018/06/25,191.78
2018/06/26,192.0
2018/06/27,189.89
2018/06/28,191.63
2018/06/29,191.99
2018/06/30,191.99
2018/07/01,191.99
2018/07/02,191.99
2018/07/03,192.23
2018/07/04,192.15
2018/07/05,193.89
2018/07/06,195.78
2018/07/07,195.78
2018/07/08,195.78
2018/07/09,197.54
2018/07/10,198.31
2018/07/11,196.3
2018/07/12,198.17
2018/07/13,198.57
2018/07/14,198.57
2018/07/15,198.57
2018/07/16,198.47
2018/07/17,199.72
2018/07/18,199.95
2018/07/19,198.85
2018/07/20,199.62
2018/07/21,199.62
2018/07/22,199.62
2018/07/23,199.73
2018/07/24,201.33
2018/07/25,203.64
2018/07/26,202.54
2018/07/27,201.92
2018/07/28,201.92
2018/07/29,201.92
2018/07/30,201.11
2018/07/31,201.61
2018/08/01,200.96
2018/08/02,201.75
2018/08/03,203.57
2018/08/04,203.57
2018/08/05,203.57
2018/08/06,203.83
2018/08/07,204.15
2018/08/08,203.75
2018/08/09,202.91
2018/08/10,200.37
2018/08/11,200.37
2018/08/12,200.37
2018/08/13,199.66
2018/08/14,201.47
2018/08/15,199.1
2018/08/16,200.43
2018/08/17,200.87
2018/08/18,200.87
2018/08/19,200.87
2018/08/20,201.12
2018/08/21,201.01
2018/08/22,201.61
2018/08/23,200.36
2018/08/24,201.84
2018/08/25,201.84
2018/08/26,201.84
2018/08/27,203.82
2018/08/28,203.24
2018/08/29,204.62
2018/08/30,202.78
2018/08/31,203.37
2018/09/01,203.37
2018/09/02,203.37
2018/09/03,203.38
2018/09/04,201.58
2018/09/05,201.28
2018/09/06,201.29
2018/09/07,201.2
2018/09/08,201.2
2018/09/09,201.2
2018/09/10,201.21
2018/09/11,201.17
2018/09/12,201.8
2018/09/13,202.74
2018/09/14,203.02
2018/09/15,203.02
2018/09/16,203.02
2018/09/17,202.69
2018/09/18,204.04
2018/09/19,204.32
2018/09/20,206.08
2018/09/21,205.68
2018/09/22,205.68
2018/09/23,205.68
2018/09/24,204.46
2018/09/25,204.46
2018/09/26,204.1
2018/09/27,205.12
2018/09/28,204.87
2018/09/29,204.87
2018/09/30,204.87
2018/10/01,204.87
2018/10/02,206.79
2018/10/03,207.56
2018/10/04,205.76
2018/10/05,204.84
2018/10/06,204.84
2018/10/07,204.84
2018/10/08,206.38
2018/10/09,206.61
2018/10/10,199.93
2018/10/11,196.27
2018/10/12,199.17
2018/10/13,199.17
2018/10/14,199.17
2018/10/15,198.19
2018/10/16,202.73
2018/10/17,202.73
2018/10/18,199.16
2018/10/19,199.16
2018/10/20,199.16
2018/10/21,199.16
2018/10/22,198.9
2018/10/23,197.53
2018/10/24,191.33
2018/10/25,195.03
2018/10/26,192.94
2018/10/27,192.94
2018/10/28,192.94
2018/10/29,190.29
2018/10/30,193.88
2018/10/31,195.55
2018/11/01,198.18
2018/11/02,197.54
2018/11/03,197.54
2018/11/04,197.54
2018/11/05,198.65
2018/11/06,199.06
2018/11/07,202.37
2018/11/08,200.46
2018/11/09,198.92
2018/11/10,198.92
2018/11/11,198.92
2018/11/12,195.23
2018/11/13,194.12
2018/11/14,193.65
2018/11/15,195.83
2018/11/16,196.94
2018/11/17,196.94
2018/11/18,196.94
2018/11/19,193.93
2018/11/20,189.68
2018/11/21,190.83
2018/11/22,190.8
2018/11/23,189.07
2018/11/24,189.07
2018/11/25,189.07
2018/11/26,190.08
2018/11/27,191.67
2018/11/28,196.15
2018/11/29,196.0
2018/11/30,197.0
2018/12/01,197.0
2018/12/02,197.0
2018/12/03,199.25
2018/12/04,193.36
2018/12/05,193.27
2018/12/06,192.98
2018/12/07,188.99
2018/12/08,188.99
2018/12/09,188.99
2018/12/10,188.2
2018/12/11,188.36
2018/12/12,189.77
2018/12/13,189.55
2018/12/14,186.45
2018/12/15,186.45
2018/12/16,186.45
2018/12/17,182.7
2018/12/18,182.77
2018/12/19,180.19
2018/12/20,178.16
2018/12/21,174.72
2018/12/22,174.72
2018/12/23,174.72
2018/12/24,170.82
2018/12/25,170.82
2018/12/26,170.82
2018/12/27,179.92
2018/12/28,179.94
2018/12/29,179.94
2018/12/30,179.94
2018/12/31,181.44
2019/01/01,181.44
2019/01/02,183.28
2019/01/03,179.53
2019/01/04,185.42
2019/01/05,185.42
2019/01/06,185.42
2019/01/07,186.44
2019/01/08,188.45
2019/01/09,190.03
2019/01/10,190.63
2019/01/11,190.38
2019/01/12,190.38
2019/01/13,190.38
2019/01/14,189.89
2019/01/15,191.36
2019/01/16,191.84
2019/01/17,193.29
2019/01/18,195.46
2019/01/19,195.46
2019/01/20,195.46
2019/01/21,195.47
2019/01/22,192.42
2019/01/23,193.41
2019/01/24,193.67
2019/01/25,195.1
2019/01/26,195.1
2019/01/27,195.1
2019/01/28,192.83
2019/01/29,193.18
2019/01/30,196.26
2019/01/31,198.37
2019/02/01,198.34
2019/02/02,198.34
2019/02/03,198.34
2019/02/04,199.7
2019/02/05,199.7
2019/02/06,199.7
2019/02/07,199.7
2019/02/08,196.93
2019/02/09,196.93
2019/02/10,196.93
2019/02/11,196.6
2019/02/12,199.54
2019/02/13,199.4
2019/02/14,199.99
2019/02/15,202.05
2019/02/16,202.05
2019/02/17,202.05
2019/02/18,202.03
2019/02/19,202.2
2019/02/20,202.34
2019/02/21,201.79
2019/02/22,203.18
2019/02/23,203.18
2019/02/24,203.18
2019/02/25,203.16
2019/02/26,203.06
2019/02/27,202.79
2019/02/28,201.47
2019/03/01,202.08
2019/03/02,202.08
2019/03/03,202.08
2019/03/04,201.31
2019/03/05,201.38
2019/03/06,199.47
2019/03/07,197.81
2019/03/08,197.79
2019/03/09,197.79
2019/03/10,197.79
2019/03/11,201.36
2019/03/12,202.05
2019/03/13,203.63
2019/03/14,203.06
2019/03/15,204.33
2019/03/16,204.33
2019/03/17,204.33
2019/03/18,205.73
2019/03/19,205.71
2019/03/20,204.99
2019/03/21,205.97
2019/03/22,200.55
2019/03/23,200.55
2019/03/24,200.55
2019/03/25,200.85
2019/03/26,202.59
2019/03/27,200.13
2019/03/28,201.58
2019/03/29,203.07
2019/03/30,203.07
2019/03/31,203.07
2019/04/01,205.62
2019/04/02,205.42
2019/04/03,205.39
2019/04/04,206.7
2019/04/05,206.7
2019/04/06,206.7
2019/04/07,206.7
2019/04/08,208.63
2019/04/09,207.24
2019/04/10,207.87
2019/04/11,207.15
2019/04/12,207.33
2019/04/13,207.33
2019/04/14,207.33
2019/04/15,207.18
2019/04/16,207.54
2019/04/17,206.89
2019/04/18,207.61
2019/04/19,207.61
2019/04/20,207.61
2019/04/21,207.61
2019/04/22,207.61
2019/04/23,209.37
2019/04/24,208.05
2019/04/25,208.46
2019/04/26,209.46
2019/04/27,209.46
2019/04/28,209.46
2019/04/29,209.43
2019/04/30,209.57
2019/05/01,209.57
2019/05/02,207.25
2019/05/03,209.28
2019/05/04,209.28
2019/05/05,209.28
2019/05/06,207.96
2019/05/07,204.62
2019/05/08,204.95
2019/05/09,203.87
2019/05/10,204.79
2019/05/11,204.79
2019/05/12,204.79
2019/05/13,204.79
2019/05/14,201.05
2019/05/15,201.65
2019/05/16,202.44
2019/05/17,200.9
2019/05/18,200.9
2019/05/19,200.9
2019/05/20,200.31
2019/05/21,202.79
2019/05/22,202.29
2019/05/23,199.96
2019/05/24,200.49
2019/05/25,200.49
2019/05/26,200.49
2019/05/27,200.46
2019/05/28,199.4
2019/05/29,198.95
2019/05/30,199.63
2019/05/31,197.38
2019/06/01,197.38
2019/06/02,197.38
2019/06/03,196.96
2019/06/04,201.09
2019/06/05,201.78
2019/06/06,203.27
2019/06/07,203.27
2019/06/08,203.27
2019/06/09,203.27
2019/06/10,206.02
2019/06/11,206.71
2019/06/12,205.6
2019/06/13,206.61
2019/06/14,205.6
2019/06/15,205.6
2019/06/16,205.6
2019/06/17,205.24
2019/06/18,207.73
2019/06/19,208.45
2019/06/20,210.53
2019/06/21,210.28
2019/06/22,210.28
2019/06/23,210.28
2019/06/24,210.29
2019/06/25,207.83
2019/06/26,208.05
2019/06/27,208.49
2019/06/28,209.18
2019/06/29,209.18
2019/06/30,209.18
2019/07/01,209.18
2019/07/02,210.94
2019/07/03,212.37
2019/07/04,212.15
2019/07/05,212.82
2019/07/06,212.82
2019/07/07,212.82
2019/07/08,212.28
2019/07/09,212.69
2019/07/10,214.03
2019/07/11,214.43
2019/07/12,215.2
2019/07/13,215.2
2019/07/14,215.2
2019/07/15,215.14
2019/07/16,214.11
2019/07/17,212.93
2019/07/18,213.89
2019/07/19,212.19
2019/07/20,212.19
2019/07/21,212.19
2019/07/22,212.7
2019/07/23,213.52
2019/07/24,214.6
2019/07/25,213.11
2019/07/26,214.33
2019/07/27,214.33
2019/07/28,214.33
2019/07/29,214.15
2019/07/30,213.3
2019/07/31,210.97
2019/08/01,208.8
2019/08/02,207.12
2019/08/03,207.12
2019/08/04,207.12
2019/08/05,200.68
2019/08/06,203.55
2019/08/07,204.25
2019/08/08,208.29
2019/08/09,206.82
2019/08/10,206.82
2019/08/11,206.82
2019/08/12,203.57
2019/08/13,206.82
2019/08/14,200.16
2019/08/15,200.58
2019/08/16,203.15
2019/08/17,203.15
2019/08/18,203.15
2019/08/19,204.57
2019/08/20,203.48
2019/08/21,205.57
2019/08/22,204.79
2019/08/23,199.42
2019/08/24,199.42
2019/08/25,199.42
2019/08/26,200.86
2019/08/27,200.45
2019/08/28,201.73
2019/08/29,204.67
2019/08/30,205.23
2019/08/31,205.23
2019/09/01,205.23
2019/09/02,205.2
2019/09/03,203.33
2019/09/04,206.25
2019/09/05,208.96
2019/09/06,209.67
2019/09/07,209.67
2019/09/08,209.67
2019/09/09,209.96
2019/09/10,209.9
2019/09/11,211.37
2019/09/12,212.07
2019/09/13,211.53
2019/09/14,211.53
2019/09/15,211.53
2019/09/16,210.92
2019/09/17,211.96
2019/09/18,211.74
2019/09/19,211.16
2019/09/20,210.52
2019/09/21,210.52
2019/09/22,210.52
2019/09/23,210.49
2019/09/24,208.51
2019/09/25,209.74
2019/09/26,209.59
2019/09/27,208.7
2019/09/28,208.7
2019/09/29,208.7
2019/09/30,209.27
2019/10/01,209.27
2019/10/02,203.08
2019/10/03,204.92
2019/10/04,208.16
2019/10/05,208.16
2019/10/06,208.16
2019/10/07,208.16
2019/10/08,203.53
2019/10/09,205.47
2019/10/10,207.0
2019/10/11,209.52
2019/10/12,209.52
2019/10/13,209.52
2019/10/14,209.34
2019/10/15,210.85
2019/10/16,210.89
2019/10/17,211.13
2019/10/18,210.63
2019/10/19,210.63
2019/10/20,210.63
2019/10/21,211.98
2019/10/22,212.14
2019/10/23,213.16
2019/10/24,213.29
2019/10/25,214.27
2019/10/26,214.27
2019/10/27,214.27
2019/10/28,215.67
2019/10/29,215.27
2019/10/30,215.81
2019/10/31,214.68
2019/11/01,217.12
2019/11/02,217.12
2019/11/03,217.12
2019/11/04,217.82
2019/11/05,217.57
2019/11/06,216.98
2019/11/07,217.83
2019/11/08,217.06
2019/11/09,217.06
2019/11/10,217.06
2019/11/11,217.01
2019/11/12,216.36
2019/11/13,216.05
2019/11/14,216.11
2019/11/15,218.41
2019/11/16,218.41
2019/11/17,218.41
2019/11/18,217.77
2019/11/19,217.48
2019/11/20,216.67
2019/11/21,216.94
2019/11/22,217.75
2019/11/23,217.75
2019/11/24,217.75
2019/11/25,218.66
2019/11/26,218.28
2019/11/27,219.16
2019/11/28,219.15
2019/11/29,218.37
2019/11/30,218.37
2019/12/01,218.37
2019/12/02,217.19
2019/12/03,215.85
2019/12/04,217.64
2019/12/05,218.37
2019/12/06,220.28
2019/12/07,220.28
2019/12/08,220.28
2019/12/09,219.79
2019/12/10,219.5
2019/12/11,220.3
2019/12/12,222.37
2019/12/13,222.41
2019/12/14,222.41
2019/12/15,222.41
2019/12/16,223.07
2019/12/17,223.25
2019/12/18,223.83
2019/12/19,224.68
2019/12/20,225.48
2019/12/21,225.48
2019/12/22,225.48
2019/12/23,225.51
2019/12/24,225.51
2019/12/25,225.51
2019/12/26,225.51
2019/12/27,226.77
2019/12/28,226.77
2019/12/29,226.77
2019/12/30,225.44
2019/12/31,225.94
2020/01/01,225.94
2020/01/02,228.85
2020/01/03,226.79
2020/01/04,226.79
2020/01/05,226.79
2020/01/06,226.98
2020/01/07,226.4
2020/01/08,227.27
2020/01/09,228.01
2020/01/10,227.18
2020/01/11,227.18
2020/01/12,227.18
2020/01/13,228.79
2020/01/14,228.4
2020/01/15,228.03
2020/01/16,229.73
2020/01/17,231.06
2020/01/18,231.06
2020/01/19,231.06
2020/01/20,231.01
2020/01/21,229.5
2020/01/22,230.03
2020/01/23,230.54
2020/01/24,228.3
2020/01/25,228.3
2020/01/26,228.3
2020/01/27,228.3
2020/01/28,228.3
2020/01/29,225.83
2020/01/30,226.22
2020/01/31,221.96
2020/02/01,221.96
2020/02/02,221.96
2020/02/03,223.93
2020/02/04,227.29
2020/02/05,229.45
2020/02/06,229.66
2020/02/07,228.22
2020/02/08,228.22
2020/02/09,228.22
2020/02/10,229.5
2020/02/11,230.46
2020/02/12,232.05
2020/02/13,231.31
2020/02/14,231.66
2020/02/15,231.66
2020/02/16,231.66
2020/02/17,231.63
2020/02/18,230.76
2020/02/19,232.11
2020/02/20,230.71
2020/02/21,228.53
2020/02/22,228.53
2020/02/23,228.53
2020/02/24,220.53
2020/02/25,214.37
2020/02/26,213.21
2020/02/27,204.12
2020/02/28,202.69
2020/02/29,202.69
2020/03/01,202.69
2020/03/02,211.62
2020/03/03,206.05
2020/03/04,213.81
2020/03/05,205.91
2020/03/06,201.67
2020/03/07,201.67
2020/03/08,201.67
2020/03/09,183.53
2020/03/10,194.24
2020/03/11,183.49
2020/03/12,164.64
2020/03/13,180.57
2020/03/14,180.57
2020/03/15,180.57
2020/03/16,157.85
2020/03/17,168.0
2020/03/18,156.97
2020/03/19,158.11
2020/03/20,151.26
2020/03/21,151.26
2020/03/22,151.26
2020/03/23,146.0
2020/03/24,160.13
2020/03/25,163.16
2020/03/26,172.44
2020/03/27,166.04
2020/03/28,166.04
2020/03/29,166.04
2020/03/30,170.7
2020/03/31,168.72
2020/04/01,161.07
2020/04/02,164.85
2020/04/03,161.95
2020/04/04,161.95
2020/04/05,161.95
2020/04/06,172.72
2020/04/07,173.41
2020/04/08,179.3
2020/04/09,181.84
2020/04/10,181.84
2020/04/11,181.84
2020/04/12,181.84
2020/04/13,181.84
2020/04/14,185.06
2020/04/15,180.68
2020/04/16,180.97
2020/04/17,185.94
2020/04/18,185.94
2020/04/19,185.94
2020/04/20,182.39
2020/04/21,176.78
2020/04/22,180.76
2020/04/23,180.25
2020/04/24,181.17
2020/04/25,181.17
2020/04/26,181.17
2020/04/27,184.47
2020/04/28,185.08
2020/04/29,190.7
2020/04/30,190.7
2020/05/01,190.7
2020/05/02,190.7
2020/05/03,190.7
2020/05/04,183.7
2020/05/05,185.23
2020/05/06,183.61
2020/05/07,185.24
2020/05/08,189.04
2020/05/09,189.04
2020/05/10,189.04
2020/05/11,188.4
2020/05/12,184.45
2020/05/13,181.17
2020/05/14,183.59
2020/05/15,183.99
2020/05/16,183.99
2020/05/17,183.99
2020/05/18,190.56
2020/05/19,188.2
2020/05/20,191.63
2020/05/21,190.97
2020/05/22,191.31
2020/05/23,191.31
2020/05/24,191.31
2020/05/25,191.18
2020/05/26,194.55
2020/05/27,197.85
2020/05/28,196.74
2020/05/29,197.42
2020/05/30,197.42
2020/05/31,197.42
2020/06/01,199.01
2020/06/02,201.87
2020/06/03,205.34
2020/06/04,204.89
2020/06/05,210.79
2020/06/06,210.79
2020/06/07,210.79
2020/06/08,214.34
2020/06/09,212.07
2020/06/10,210.05
2020/06/11,197.34
2020/06/12,200.62
2020/06/13,200.62
2020/06/14,200.62
2020/06/15,201.35
2020/06/16,204.86
2020/06/17,204.22
2020/06/18,203.69
2020/06/19,203.01
2020/06/20,203.01
2020/06/21,203.01
2020/06/22,204.1
2020/06/23,205.45
2020/06/24,199.86
2020/06/25,199.86
2020/06/26,196.84
2020/06/27,196.84
2020/06/28,196.84
2020/06/29,200.01
2020/06/30,202.06
2020/07/01,202.06
2020/07/02,205.09
2020/07/03,205.08
2020/07/04,205.08
2020/07/05,205.08
2020/07/06,208.46
2020/07/07,206.0
2020/07/08,207.95
2020/07/09,206.5
2020/07/10,208.58
2020/07/11,208.58
2020/07/12,208.58
2020/07/13,206.48
2020/07/14,209.54
2020/07/15,211.44
2020/07/16,210.51
2020/07/17,211.1
2020/07/18,211.1
2020/07/19,211.1
2020/07/20,213.01
2020/07/21,214.05
2020/07/22,215.73
2020/07/23,212.62
2020/07/24,211.62
2020/07/25,211.62
2020/07/26,211.62
2020/07/27,213.99
2020/07/28,212.56
2020/07/29,215.07
2020/07/30,213.93
2020/07/31,214.49
2020/08/01,214.49
2020/08/02,214.49
2020/08/03,215.33
2020/08/04,215.73
2020/08/05,217.48
2020/08/06,218.66
2020/08/07,218.27
2020/08/08,218.27
2020/08/09,218.27
2020/08/10,218.93
2020/08/11,217.23
2020/08/12,219.87
2020/08/13,219.5
2020/08/14,219.54
2020/08/15,219.54
2020/08/16,219.54
2020/08/17,219.57
2020/08/18,220.6
2020/08/19,219.3
2020/08/20,219.87
2020/08/21,220.14
2020/08/22,220.14
2020/08/23,220.14
2020/08/24,222.44
2020/08/25,223.12
2020/08/26,224.39
2020/08/27,224.87
2020/08/28,227.15
2020/08/29,227.15
2020/08/30,227.15
2020/08/31,225.32
2020/09/01,228.27
2020/09/02,231.14
2020/09/03,224.06
2020/09/04,222.64
2020/09/05,222.64
2020/09/06,222.64
2020/09/07,222.64
2020/09/08,216.51
2020/09/09,220.86
2020/09/10,216.77
2020/09/11,217.06
2020/09/12,217.06
2020/09/13,217.06
2020/09/14,220.3
2020/09/15,221.09
2020/09/16,220.45
2020/09/17,218.88
2020/09/18,215.63
2020/09/19,215.63
2020/09/20,215.63
2020/09/21,212.93
2020/09/22,214.66
2020/09/23,209.01
2020/09/24,210.21
2020/09/25,213.0
2020/09/26,213.0
2020/09/27,213.0
2020/09/28,215.58
2020/09/29,214.17
2020/09/30,216.17
2020/10/01,216.17
2020/10/02,216.17
2020/10/03,216.17
2020/10/04,216.17
2020/10/05,219.48
2020/10/06,216.39
2020/10/07,219.78
2020/10/08,222.51
2020/10/09,224.49
2020/10/10,224.49
2020/10/11,224.49
2020/10/12,227.74
2020/10/13,227.74
2020/10/14,224.94
2020/10/15,224.47
2020/10/16,224.05
2020/10/17,224.05
2020/10/18,224.05
2020/10/19,221.29
2020/10/20,222.69
2020/10/21,222.5
2020/10/22,224.1
